{
    "$ref": "#/definitions/AccountService",
    "$schema": "http://redfish.dmtf.org/schemas/v1/redfish-schema.v1_4_0.json",
    "copyright": "Copyright 2014-2018 Distributed Management Task Force, Inc. (DMTF). For the full DMTF copyright policy, see http://www.dmtf.org/about/policies/copyright",
    "definitions": {
        "AccountService": {
            "anyOf": [
                {
                    "$ref": "http://redfish.dmtf.org/schemas/v1/odata.v4_0_2.json#/definitions/idRef"
                },
                {
                    "$ref": "http://redfish.dmtf.org/schemas/v1/AccountService.v1_0_0.json#/definitions/AccountService"
                },
                {
                    "$ref": "http://redfish.dmtf.org/schemas/v1/AccountService.v1_0_2.json#/definitions/AccountService"
                },
                {
                    "$ref": "http://redfish.dmtf.org/schemas/v1/AccountService.v1_0_3.json#/definitions/AccountService"
                },
                {
                    "$ref": "http://redfish.dmtf.org/schemas/v1/AccountService.v1_0_4.json#/definitions/AccountService"
                },
                {
                    "$ref": "http://redfish.dmtf.org/schemas/v1/AccountService.v1_0_5.json#/definitions/AccountService"
                },
                {
                    "$ref": "http://redfish.dmtf.org/schemas/v1/AccountService.v1_1_0.json#/definitions/AccountService"
                },
                {
                    "$ref": "http://redfish.dmtf.org/schemas/v1/AccountService.v1_1_1.json#/definitions/AccountService"
                },
                {
                    "$ref": "http://redfish.dmtf.org/schemas/v1/AccountService.v1_1_2.json#/definitions/AccountService"
                },
                {
                    "$ref": "http://redfish.dmtf.org/schemas/v1/AccountService.v1_2_0.json#/definitions/AccountService"
                },
                {
                    "$ref": "http://redfish.dmtf.org/schemas/v1/AccountService.v1_2_1.json#/definitions/AccountService"
                },
                {
                    "$ref": "http://redfish.dmtf.org/schemas/v1/AccountService.v1_2_2.json#/definitions/AccountService"
                },
                {
                    "$ref": "http://redfish.dmtf.org/schemas/v1/AccountService.v1_3_0.json#/definitions/AccountService"
                }
            ],
            "description": "The AccountService schema contains properties for managing user accounts. The properties are common to all user accounts, such as password requirements, and control features such as account lockout. The schema also contains links to the collections of Manager Accounts and Roles.",
            "longDescription": "This resource shall be used to represent a management account service for a Redfish implementation."
        }
    },
    "owningEntity": "DMTF",
    "title": "#AccountService.AccountService"
}