{
    "$ref": "#/definitions/ActionInfo",
    "$schema": "http://redfish.dmtf.org/schemas/v1/redfish-schema.v1_4_0.json",
    "copyright": "Copyright 2014-2018 Distributed Management Task Force, Inc. (DMTF). For the full DMTF copyright policy, see http://www.dmtf.org/about/policies/copyright",
    "definitions": {
        "ActionInfo": {
            "anyOf": [
                {
                    "$ref": "http://redfish.dmtf.org/schemas/v1/odata.v4_0_2.json#/definitions/idRef"
                },
                {
                    "$ref": "http://redfish.dmtf.org/schemas/v1/ActionInfo.v1_0_0.json#/definitions/ActionInfo"
                },
                {
                    "$ref": "http://redfish.dmtf.org/schemas/v1/ActionInfo.v1_0_1.json#/definitions/ActionInfo"
                },
                {
                    "$ref": "http://redfish.dmtf.org/schemas/v1/ActionInfo.v1_0_2.json#/definitions/ActionInfo"
                },
                {
                    "$ref": "http://redfish.dmtf.org/schemas/v1/ActionInfo.v1_0_3.json#/definitions/ActionInfo"
                }
            ],
            "description": "The ActionInfo schema describes the parameters and other information necessary to perform a Redfish Action on a particular Action target. Parameter support can differ between vendors and even between instances of a resource. This data can be used to ensure Action requests from applications contain supported parameters.",
            "longDescription": "This resource shall be used to represent information about the supported parameters for an Action within a Redfish implementation."
        }
    },
    "owningEntity": "DMTF",
    "title": "#ActionInfo.ActionInfo"
}