{
    "$ref": "#/definitions/Assembly",
    "$schema": "http://redfish.dmtf.org/schemas/v1/redfish-schema.v1_4_0.json",
    "copyright": "Copyright 2014-2018 Distributed Management Task Force, Inc. (DMTF). For the full DMTF copyright policy, see http://www.dmtf.org/about/policies/copyright",
    "definitions": {
        "Assembly": {
            "anyOf": [
                {
                    "$ref": "http://redfish.dmtf.org/schemas/v1/odata.v4_0_2.json#/definitions/idRef"
                },
                {
                    "$ref": "http://redfish.dmtf.org/schemas/v1/Assembly.v1_0_0.json#/definitions/Assembly"
                },
                {
                    "$ref": "http://redfish.dmtf.org/schemas/v1/Assembly.v1_1_0.json#/definitions/Assembly"
                }
            ],
            "description": "This is the schema definition for the Assembly properties.",
            "longDescription": "This resource shall be used to represent an assembly information resource for a Redfish implementation."
        }
    },
    "owningEntity": "DMTF",
    "title": "#Assembly.Assembly"
}