{
    "$ref": "#/definitions/Bios",
    "$schema": "http://redfish.dmtf.org/schemas/v1/redfish-schema.v1_4_0.json",
    "copyright": "Copyright 2014-2018 Distributed Management Task Force, Inc. (DMTF). For the full DMTF copyright policy, see http://www.dmtf.org/about/policies/copyright",
    "definitions": {
        "Bios": {
            "anyOf": [
                {
                    "$ref": "http://redfish.dmtf.org/schemas/v1/odata.v4_0_2.json#/definitions/idRef"
                },
                {
                    "$ref": "http://redfish.dmtf.org/schemas/v1/Bios.v1_0_0.json#/definitions/Bios"
                },
                {
                    "$ref": "http://redfish.dmtf.org/schemas/v1/Bios.v1_0_1.json#/definitions/Bios"
                },
                {
                    "$ref": "http://redfish.dmtf.org/schemas/v1/Bios.v1_0_2.json#/definitions/Bios"
                },
                {
                    "$ref": "http://redfish.dmtf.org/schemas/v1/Bios.v1_0_3.json#/definitions/Bios"
                }
            ],
            "description": "The Bios schema contains properties related to the BIOS Attribute Registry. The Attribute Registry describes the system-specific BIOS attributes and Actions for changing to BIOS settings. Changes to the BIOS typically require a system reset before they take effect.",
            "longDescription": "This resource shall be used to represent BIOS attributes for a Redfish implementation."
        }
    },
    "owningEntity": "DMTF",
    "title": "#Bios.Bios"
}