{
    "$schema": "http://redfish.dmtf.org/schemas/v1/redfish-schema.v1_4_0.json",
    "copyright": "Copyright 2014-2018 Distributed Management Task Force, Inc. (DMTF). For the full DMTF copyright policy, see http://www.dmtf.org/about/policies/copyright",
    "definitions": {
        "CollectionCapabilities": {
            "anyOf": [
                {
                    "$ref": "http://redfish.dmtf.org/schemas/v1/CollectionCapabilities.v1_0_0.json#/definitions/CollectionCapabilities"
                }
            ]
        }
    },
    "owningEntity": "DMTF",
    "title": "#CollectionCapabilities"
}