{
    "$ref": "#/definitions/CompositionService",
    "$schema": "http://redfish.dmtf.org/schemas/v1/redfish-schema.v1_4_0.json",
    "copyright": "Copyright 2014-2018 Distributed Management Task Force, Inc. (DMTF). For the full DMTF copyright policy, see http://www.dmtf.org/about/policies/copyright",
    "definitions": {
        "CompositionService": {
            "anyOf": [
                {
                    "$ref": "http://redfish.dmtf.org/schemas/v1/odata.v4_0_2.json#/definitions/idRef"
                },
                {
                    "$ref": "http://redfish.dmtf.org/schemas/v1/CompositionService.v1_0_0.json#/definitions/CompositionService"
                },
                {
                    "$ref": "http://redfish.dmtf.org/schemas/v1/CompositionService.v1_0_1.json#/definitions/CompositionService"
                }
            ],
            "description": "The CompositionService schema defines a Composition Service which represents the properties for the service and links to the resources available for composition.",
            "longDescription": "This resource shall be used to represent the Composition Service Properties for a Redfish implementation."
        }
    },
    "owningEntity": "DMTF",
    "title": "#CompositionService.CompositionService"
}