{
    "$ref": "#/definitions/Endpoint",
    "$schema": "http://redfish.dmtf.org/schemas/v1/redfish-schema.v1_4_0.json",
    "copyright": "Copyright 2014-2018 Distributed Management Task Force, Inc. (DMTF). For the full DMTF copyright policy, see http://www.dmtf.org/about/policies/copyright",
    "definitions": {
        "Endpoint": {
            "anyOf": [
                {
                    "$ref": "http://redfish.dmtf.org/schemas/v1/odata.v4_0_2.json#/definitions/idRef"
                },
                {
                    "$ref": "http://redfish.dmtf.org/schemas/v1/Endpoint.v1_0_0.json#/definitions/Endpoint"
                },
                {
                    "$ref": "http://redfish.dmtf.org/schemas/v1/Endpoint.v1_0_1.json#/definitions/Endpoint"
                },
                {
                    "$ref": "http://redfish.dmtf.org/schemas/v1/Endpoint.v1_0_2.json#/definitions/Endpoint"
                },
                {
                    "$ref": "http://redfish.dmtf.org/schemas/v1/Endpoint.v1_0_3.json#/definitions/Endpoint"
                },
                {
                    "$ref": "http://redfish.dmtf.org/schemas/v1/Endpoint.v1_1_0.json#/definitions/Endpoint"
                }
            ],
            "description": "The Endpoint schema defines the properties of an Endpoint resource.  It represents the properties of an entity that sends or receives protocol defined messages over a transport.",
            "longDescription": "This resource shall be used to represent a fabric endpoint for a Redfish implementation."
        }
    },
    "owningEntity": "DMTF",
    "title": "#Endpoint.Endpoint"
}