{
    "$ref": "#/definitions/EthernetInterface",
    "$schema": "http://redfish.dmtf.org/schemas/v1/redfish-schema.v1_4_0.json",
    "copyright": "Copyright 2014-2018 Distributed Management Task Force, Inc. (DMTF). For the full DMTF copyright policy, see http://www.dmtf.org/about/policies/copyright",
    "definitions": {
        "EthernetInterface": {
            "anyOf": [
                {
                    "$ref": "http://redfish.dmtf.org/schemas/v1/odata.v4_0_2.json#/definitions/idRef"
                },
                {
                    "$ref": "http://redfish.dmtf.org/schemas/v1/EthernetInterface.v1_0_0.json#/definitions/EthernetInterface"
                },
                {
                    "$ref": "http://redfish.dmtf.org/schemas/v1/EthernetInterface.v1_0_2.json#/definitions/EthernetInterface"
                },
                {
                    "$ref": "http://redfish.dmtf.org/schemas/v1/EthernetInterface.v1_0_3.json#/definitions/EthernetInterface"
                },
                {
                    "$ref": "http://redfish.dmtf.org/schemas/v1/EthernetInterface.v1_0_4.json#/definitions/EthernetInterface"
                },
                {
                    "$ref": "http://redfish.dmtf.org/schemas/v1/EthernetInterface.v1_0_5.json#/definitions/EthernetInterface"
                },
                {
                    "$ref": "http://redfish.dmtf.org/schemas/v1/EthernetInterface.v1_1_0.json#/definitions/EthernetInterface"
                },
                {
                    "$ref": "http://redfish.dmtf.org/schemas/v1/EthernetInterface.v1_1_1.json#/definitions/EthernetInterface"
                },
                {
                    "$ref": "http://redfish.dmtf.org/schemas/v1/EthernetInterface.v1_1_2.json#/definitions/EthernetInterface"
                },
                {
                    "$ref": "http://redfish.dmtf.org/schemas/v1/EthernetInterface.v1_1_3.json#/definitions/EthernetInterface"
                },
                {
                    "$ref": "http://redfish.dmtf.org/schemas/v1/EthernetInterface.v1_2_0.json#/definitions/EthernetInterface"
                },
                {
                    "$ref": "http://redfish.dmtf.org/schemas/v1/EthernetInterface.v1_2_1.json#/definitions/EthernetInterface"
                },
                {
                    "$ref": "http://redfish.dmtf.org/schemas/v1/EthernetInterface.v1_2_2.json#/definitions/EthernetInterface"
                },
                {
                    "$ref": "http://redfish.dmtf.org/schemas/v1/EthernetInterface.v1_3_0.json#/definitions/EthernetInterface"
                },
                {
                    "$ref": "http://redfish.dmtf.org/schemas/v1/EthernetInterface.v1_3_1.json#/definitions/EthernetInterface"
                },
                {
                    "$ref": "http://redfish.dmtf.org/schemas/v1/EthernetInterface.v1_4_0.json#/definitions/EthernetInterface"
                }
            ],
            "description": "The EthernetInterface schema represents a single, logical ethernet interface or network interface controller (NIC).",
            "longDescription": "This resource shall be used to represent NIC resources as part of the Redfish specification."
        }
    },
    "owningEntity": "DMTF",
    "title": "#EthernetInterface.EthernetInterface"
}