{
    "$ref": "#/definitions/Event",
    "$schema": "http://redfish.dmtf.org/schemas/v1/redfish-schema.v1_4_0.json",
    "copyright": "Copyright 2014-2018 Distributed Management Task Force, Inc. (DMTF). For the full DMTF copyright policy, see http://www.dmtf.org/about/policies/copyright",
    "definitions": {
        "Event": {
            "anyOf": [
                {
                    "$ref": "http://redfish.dmtf.org/schemas/v1/odata.v4_0_2.json#/definitions/idRef"
                },
                {
                    "$ref": "http://redfish.dmtf.org/schemas/v1/Event.v1_0_0.json#/definitions/Event"
                },
                {
                    "$ref": "http://redfish.dmtf.org/schemas/v1/Event.v1_0_2.json#/definitions/Event"
                },
                {
                    "$ref": "http://redfish.dmtf.org/schemas/v1/Event.v1_0_3.json#/definitions/Event"
                },
                {
                    "$ref": "http://redfish.dmtf.org/schemas/v1/Event.v1_0_4.json#/definitions/Event"
                },
                {
                    "$ref": "http://redfish.dmtf.org/schemas/v1/Event.v1_0_5.json#/definitions/Event"
                },
                {
                    "$ref": "http://redfish.dmtf.org/schemas/v1/Event.v1_0_6.json#/definitions/Event"
                },
                {
                    "$ref": "http://redfish.dmtf.org/schemas/v1/Event.v1_1_0.json#/definitions/Event"
                },
                {
                    "$ref": "http://redfish.dmtf.org/schemas/v1/Event.v1_1_1.json#/definitions/Event"
                },
                {
                    "$ref": "http://redfish.dmtf.org/schemas/v1/Event.v1_1_2.json#/definitions/Event"
                },
                {
                    "$ref": "http://redfish.dmtf.org/schemas/v1/Event.v1_1_3.json#/definitions/Event"
                },
                {
                    "$ref": "http://redfish.dmtf.org/schemas/v1/Event.v1_1_4.json#/definitions/Event"
                },
                {
                    "$ref": "http://redfish.dmtf.org/schemas/v1/Event.v1_2_0.json#/definitions/Event"
                },
                {
                    "$ref": "http://redfish.dmtf.org/schemas/v1/Event.v1_2_1.json#/definitions/Event"
                }
            ],
            "description": "The Event schema describes the JSON payload received by an Event Destination (which has subscribed to event notification) when events occurs.  This resource contains data about event(s), including descriptions, severity and MessageId reference to a Message Registry that can be accessed for further information.",
            "longDescription": "This resource shall be used to represent an event for a Redfish implementation."
        },
        "EventType": {
            "enum": [
                "StatusChange",
                "ResourceUpdated",
                "ResourceAdded",
                "ResourceRemoved",
                "Alert"
            ],
            "enumDescriptions": {
                "Alert": "A condition exists which requires attention.",
                "ResourceAdded": "A resource has been added.",
                "ResourceRemoved": "A resource has been removed.",
                "ResourceUpdated": "The value of this resource has been updated.",
                "StatusChange": "The status of this resource has changed."
            },
            "type": "string"
        }
    },
    "owningEntity": "DMTF",
    "title": "#Event.Event"
}