{
    "$ref": "#/definitions/EventService",
    "$schema": "http://redfish.dmtf.org/schemas/v1/redfish-schema.v1_4_0.json",
    "copyright": "Copyright 2014-2018 Distributed Management Task Force, Inc. (DMTF). For the full DMTF copyright policy, see http://www.dmtf.org/about/policies/copyright",
    "definitions": {
        "EventService": {
            "anyOf": [
                {
                    "$ref": "http://redfish.dmtf.org/schemas/v1/odata.v4_0_2.json#/definitions/idRef"
                },
                {
                    "$ref": "http://redfish.dmtf.org/schemas/v1/EventService.v1_0_0.json#/definitions/EventService"
                },
                {
                    "$ref": "http://redfish.dmtf.org/schemas/v1/EventService.v1_0_2.json#/definitions/EventService"
                },
                {
                    "$ref": "http://redfish.dmtf.org/schemas/v1/EventService.v1_0_3.json#/definitions/EventService"
                },
                {
                    "$ref": "http://redfish.dmtf.org/schemas/v1/EventService.v1_0_4.json#/definitions/EventService"
                },
                {
                    "$ref": "http://redfish.dmtf.org/schemas/v1/EventService.v1_0_5.json#/definitions/EventService"
                },
                {
                    "$ref": "http://redfish.dmtf.org/schemas/v1/EventService.v1_0_6.json#/definitions/EventService"
                },
                {
                    "$ref": "http://redfish.dmtf.org/schemas/v1/EventService.v1_0_7.json#/definitions/EventService"
                },
                {
                    "$ref": "http://redfish.dmtf.org/schemas/v1/EventService.v1_1_0.json#/definitions/EventService"
                }
            ],
            "description": "The Event Service resource contains properties for managing event subcriptions and generates the events sent to subscribers.  The resource has links to the actual collection of subscriptions (called Event Destinations)."
        }
    },
    "owningEntity": "DMTF",
    "title": "#EventService.EventService"
}