{
    "$ref": "#/definitions/ExternalAccountProvider",
    "$schema": "http://redfish.dmtf.org/schemas/v1/redfish-schema.v1_4_0.json",
    "copyright": "Copyright 2014-2018 Distributed Management Task Force, Inc. (DMTF). For the full DMTF copyright policy, see http://www.dmtf.org/about/policies/copyright",
    "definitions": {
        "ExternalAccountProvider": {
            "anyOf": [
                {
                    "$ref": "http://redfish.dmtf.org/schemas/v1/odata.v4_0_2.json#/definitions/idRef"
                },
                {
                    "$ref": "http://redfish.dmtf.org/schemas/v1/ExternalAccountProvider.v1_0_0.json#/definitions/ExternalAccountProvider"
                }
            ],
            "description": "A remote service that can provide accounts for this manager to utilize for authentication.",
            "longDescription": "This resource shall be used to represent resources that represent external user account services for this manager."
        }
    },
    "owningEntity": "DMTF",
    "title": "#ExternalAccountProvider.ExternalAccountProvider"
}