{
    "$schema": "http://redfish.dmtf.org/schemas/v1/redfish-schema.v1_2_0.json",
    "title": "#Fabric.v1_0_2.Fabric",
    "$ref": "#/definitions/Fabric",
    "definitions": {
        "Fabric": {
            "type": "object",
            "patternProperties": {
                "^([a-zA-Z_][a-zA-Z0-9_]*)?@(odata|Redfish|Message|Privileges)\\.[a-zA-Z_][a-zA-Z0-9_.]+$": {
                    "type": [
                        "array",
                        "boolean",
                        "number",
                        "null",
                        "object",
                        "string"
                    ],
                    "description": "This property shall specify a valid odata or Redfish property."
                }
            },
            "additionalProperties": false,
            "properties": {
                "@odata.context": {
                    "$ref": "http://redfish.dmtf.org/schemas/v1/odata.4.0.0.json#/definitions/context"
                },
                "@odata.id": {
                    "$ref": "http://redfish.dmtf.org/schemas/v1/odata.4.0.0.json#/definitions/id"
                },
                "@odata.type": {
                    "$ref": "http://redfish.dmtf.org/schemas/v1/odata.4.0.0.json#/definitions/type"
                },
                "Oem": {
                    "$ref": "http://redfish.dmtf.org/schemas/v1/Resource.json#/definitions/Oem",
                    "description": "This is the manufacturer/provider specific extension moniker used to divide the Oem object into sections.",
                    "longDescription": "The value of this string shall be of the format for the reserved word *Oem*."
                },
                "Id": {
                    "$ref": "http://redfish.dmtf.org/schemas/v1/Resource.json#/definitions/Id",
                    "readonly": true
                },
                "Description": {
                    "anyOf": [
                        {"$ref": "http://redfish.dmtf.org/schemas/v1/Resource.json#/definitions/Description"},
                        {"type": "null"}
                    ],
                    "readonly": true
                },
                "Name": {
                    "$ref": "http://redfish.dmtf.org/schemas/v1/Resource.json#/definitions/Name",
                    "readonly": true
                },
                "FabricType": {
                    "anyOf": [
                        {"$ref": "http://redfish.dmtf.org/schemas/v1/Storage.v1_0_0.json#/definitions/Protocol"},
                        {"type": "null"}
                    ],
                    "readonly": true,
                    "description": "The protocol being sent over this fabric.",
                    "longDescription": "The value of this property shall contain the type of fabric being represented by this simple fabric."
                },
                "Status": {
                    "$ref": "http://redfish.dmtf.org/schemas/v1/Resource.json#/definitions/Status"
                },
                "MaxZones": {
                    "type": [
                        "number",
                        "null"
                    ],
                    "readonly": true,
                    "description": "The value of this property shall contain the maximum number of zones the switch can currently configure.",
                    "longDescription": "The value of this property shall contain the maximum number of zones the switch can currently configure. This value can change based on changes in the logical or physical configuration of the system."
                },
                "Links": {
                    "type": "object",
                    "patternProperties": {
                        "^([a-zA-Z_][a-zA-Z0-9_]*)?@(odata|Redfish|Message|Privileges)\\.[a-zA-Z_][a-zA-Z0-9_.]+$": {
                            "type": [
                                "array",
                                "boolean",
                                "number",
                                "null",
                                "object",
                                "string"
                            ],
                            "description": "This property shall specify a valid odata or Redfish property."
                        }
                    },
                    "additionalProperties": false,
                    "properties": {
                        "Oem": {
                            "$ref": "http://redfish.dmtf.org/schemas/v1/Resource.json#/definitions/Oem",
                            "description": "Oem extension object.",
                            "longDescription": "This object represents the Oem property.  All values for resources described by this schema shall comply to the requirements as described in the Redfish specification."
                        }
                    },
                    "description": "Contains references to other resources that are related to this resource.",
                    "longDescription": "The Links property, as described by the Redfish Specification, shall contain references to resources that are related to, but not contained by (subordinate to), this resource."
                },
                "Actions": {
                    "type": "object",
                    "patternProperties": {
                        "^([a-zA-Z_][a-zA-Z0-9_]*)?@(odata|Redfish|Message|Privileges)\\.[a-zA-Z_][a-zA-Z0-9_.]+$": {
                            "type": [
                                "array",
                                "boolean",
                                "number",
                                "null",
                                "object",
                                "string"
                            ],
                            "description": "This property shall specify a valid odata or Redfish property."
                        }
                    },
                    "additionalProperties": false,
                    "properties": {
                        "Oem": {
                            "type": "object",
                            "patternProperties": {
                                "^([a-zA-Z_][a-zA-Z0-9_]*)?@(odata|Redfish|Message|Privileges)\\.[a-zA-Z_][a-zA-Z0-9_.]+$": {
                                    "type": [
                                        "array",
                                        "boolean",
                                        "number",
                                        "null",
                                        "object",
                                        "string"
                                    ],
                                    "description": "This property shall specify a valid odata or Redfish property."
                                }
                            },
                            "additionalProperties": true,
                            "properties": {},
                            "description": "The available OEM specific actions for this resource.",
                            "longDescription": "This type shall contain any additional OEM actions for this resource."
                        }
                    },
                    "description": "The available actions for this resource.",
                    "longDescription": "The Actions property shall contain the available actions for this resource."
                },
                "Zones": {
                    "$ref": "http://redfish.dmtf.org/schemas/v1/ZoneCollection.json#/definitions/ZoneCollection",
                    "readonly": true,
                    "description": "A collection of references to the zones contained in this fabric.",
                    "longDescription": "The value of this property shall be a reference to the resources that this fabric uses and shall reference a resource of type Zone."
                },
                "Endpoints": {
                    "$ref": "http://redfish.dmtf.org/schemas/v1/EndpointCollection.json#/definitions/EndpointCollection",
                    "readonly": true,
                    "description": "A collection of references to the endpoints contained in this fabric.",
                    "longDescription": "The value of this property shall be a reference to the resources that this fabric uses and shall reference a resource of type Endpoint."
                },
                "Switches": {
                    "$ref": "http://redfish.dmtf.org/schemas/v1/SwitchCollection.json#/definitions/SwitchCollection",
                    "readonly": true,
                    "description": "A collection of references to the switches contained in this fabric.",
                    "longDescription": "The value of this property shall be a reference to the resources that this fabric uses and shall reference a resource of type Switch."
                }
            },
            "required": [
                "Id",
                "Name"
            ],
            "description": "Fabric contains properties describing a simple fabric consisting of one or more switches, zero or more endpoints, and zero or more zones.",
            "longDescription": "This resource shall be used to represent a simple switchable fabric for a Redfish implementation."
        }
    },
    "copyright": "Copyright 2014-2017 Distributed Management Task Force, Inc. (DMTF). For the full DMTF copyright policy, see http://www.dmtf.org/about/policies/copyright"
}
