{
    "$ref": "#/definitions/HostInterface",
    "$schema": "http://redfish.dmtf.org/schemas/v1/redfish-schema.v1_4_0.json",
    "copyright": "Copyright 2014-2018 Distributed Management Task Force, Inc. (DMTF). For the full DMTF copyright policy, see http://www.dmtf.org/about/policies/copyright",
    "definitions": {
        "HostInterface": {
            "anyOf": [
                {
                    "$ref": "http://redfish.dmtf.org/schemas/v1/odata.v4_0_2.json#/definitions/idRef"
                },
                {
                    "$ref": "http://redfish.dmtf.org/schemas/v1/HostInterface.v1_0_0.json#/definitions/HostInterface"
                },
                {
                    "$ref": "http://redfish.dmtf.org/schemas/v1/HostInterface.v1_0_1.json#/definitions/HostInterface"
                },
                {
                    "$ref": "http://redfish.dmtf.org/schemas/v1/HostInterface.v1_0_2.json#/definitions/HostInterface"
                },
                {
                    "$ref": "http://redfish.dmtf.org/schemas/v1/HostInterface.v1_1_0.json#/definitions/HostInterface"
                },
                {
                    "$ref": "http://redfish.dmtf.org/schemas/v1/HostInterface.v1_1_1.json#/definitions/HostInterface"
                },
                {
                    "$ref": "http://redfish.dmtf.org/schemas/v1/HostInterface.v1_1_2.json#/definitions/HostInterface"
                }
            ],
            "description": "The properties associated with a single, Host Interface.",
            "longDescription": "This resource shall be used to represent Host Interface resources as part of the Redfish specification."
        }
    },
    "owningEntity": "DMTF",
    "title": "#HostInterface.HostInterface"
}