{
    "$schema": "http://redfish.dmtf.org/schemas/v1/redfish-schema.v1_4_0.json",
    "copyright": "Copyright 2014-2018 Distributed Management Task Force, Inc. (DMTF). For the full DMTF copyright policy, see http://www.dmtf.org/about/policies/copyright",
    "definitions": {
        "IPv4Address": {
            "anyOf": [
                {
                    "$ref": "http://redfish.dmtf.org/schemas/v1/IPAddresses.v1_0_0.json#/definitions/IPv4Address"
                },
                {
                    "$ref": "http://redfish.dmtf.org/schemas/v1/IPAddresses.v1_0_2.json#/definitions/IPv4Address"
                },
                {
                    "$ref": "http://redfish.dmtf.org/schemas/v1/IPAddresses.v1_0_3.json#/definitions/IPv4Address"
                },
                {
                    "$ref": "http://redfish.dmtf.org/schemas/v1/IPAddresses.v1_0_4.json#/definitions/IPv4Address"
                },
                {
                    "$ref": "http://redfish.dmtf.org/schemas/v1/IPAddresses.v1_0_5.json#/definitions/IPv4Address"
                },
                {
                    "$ref": "http://redfish.dmtf.org/schemas/v1/IPAddresses.v1_0_6.json#/definitions/IPv4Address"
                }
            ],
            "description": "This type describes an IPv4 Address.",
            "longDescription": "This type shall describe an IPv4 address assigned to an interface."
        },
        "IPv6Address": {
            "anyOf": [
                {
                    "$ref": "http://redfish.dmtf.org/schemas/v1/IPAddresses.v1_0_0.json#/definitions/IPv6Address"
                },
                {
                    "$ref": "http://redfish.dmtf.org/schemas/v1/IPAddresses.v1_0_2.json#/definitions/IPv6Address"
                },
                {
                    "$ref": "http://redfish.dmtf.org/schemas/v1/IPAddresses.v1_0_3.json#/definitions/IPv6Address"
                },
                {
                    "$ref": "http://redfish.dmtf.org/schemas/v1/IPAddresses.v1_0_4.json#/definitions/IPv6Address"
                },
                {
                    "$ref": "http://redfish.dmtf.org/schemas/v1/IPAddresses.v1_0_5.json#/definitions/IPv6Address"
                },
                {
                    "$ref": "http://redfish.dmtf.org/schemas/v1/IPAddresses.v1_0_6.json#/definitions/IPv6Address"
                }
            ],
            "description": "This type describes an IPv6 Address.",
            "longDescription": "This type shall describe an IPv6 address assigned to an interface."
        },
        "IPv6StaticAddress": {
            "anyOf": [
                {
                    "$ref": "http://redfish.dmtf.org/schemas/v1/IPAddresses.v1_0_0.json#/definitions/IPv6StaticAddress"
                },
                {
                    "$ref": "http://redfish.dmtf.org/schemas/v1/IPAddresses.v1_0_2.json#/definitions/IPv6StaticAddress"
                },
                {
                    "$ref": "http://redfish.dmtf.org/schemas/v1/IPAddresses.v1_0_3.json#/definitions/IPv6StaticAddress"
                },
                {
                    "$ref": "http://redfish.dmtf.org/schemas/v1/IPAddresses.v1_0_4.json#/definitions/IPv6StaticAddress"
                },
                {
                    "$ref": "http://redfish.dmtf.org/schemas/v1/IPAddresses.v1_0_5.json#/definitions/IPv6StaticAddress"
                },
                {
                    "$ref": "http://redfish.dmtf.org/schemas/v1/IPAddresses.v1_0_6.json#/definitions/IPv6StaticAddress"
                }
            ],
            "description": "This object represents a single IPv6 static address to be assigned on a network interface.",
            "longDescription": "This type shall represent a single IPv6 static address to be assigned on a network interface."
        }
    },
    "owningEntity": "DMTF",
    "title": "#IPAddresses"
}