{
    "$ref": "#/definitions/JsonSchemaFile",
    "$schema": "http://redfish.dmtf.org/schemas/v1/redfish-schema.v1_4_0.json",
    "copyright": "Copyright 2014-2018 Distributed Management Task Force, Inc. (DMTF). For the full DMTF copyright policy, see http://www.dmtf.org/about/policies/copyright",
    "definitions": {
        "JsonSchemaFile": {
            "anyOf": [
                {
                    "$ref": "http://redfish.dmtf.org/schemas/v1/odata.v4_0_2.json#/definitions/idRef"
                },
                {
                    "$ref": "http://redfish.dmtf.org/schemas/v1/JsonSchemaFile.v1_0_0.json#/definitions/JsonSchemaFile"
                },
                {
                    "$ref": "http://redfish.dmtf.org/schemas/v1/JsonSchemaFile.v1_0_2.json#/definitions/JsonSchemaFile"
                },
                {
                    "$ref": "http://redfish.dmtf.org/schemas/v1/JsonSchemaFile.v1_0_3.json#/definitions/JsonSchemaFile"
                },
                {
                    "$ref": "http://redfish.dmtf.org/schemas/v1/JsonSchemaFile.v1_0_4.json#/definitions/JsonSchemaFile"
                },
                {
                    "$ref": "http://redfish.dmtf.org/schemas/v1/JsonSchemaFile.v1_1_0.json#/definitions/JsonSchemaFile"
                }
            ],
            "description": "The JSON Schema File resource describes the location (URI) of a particular Redfish schema definition being implemented or referenced by a Redfish service.",
            "longDescription": "This resource shall be used to represent the Schema File locator resource for a Redfish implementation."
        }
    },
    "owningEntity": "DMTF",
    "title": "#JsonSchemaFile.JsonSchemaFile"
}