{
    "$ref": "#/definitions/LogService",
    "$schema": "http://redfish.dmtf.org/schemas/v1/redfish-schema.v1_4_0.json",
    "copyright": "Copyright 2014-2018 Distributed Management Task Force, Inc. (DMTF). For the full DMTF copyright policy, see http://www.dmtf.org/about/policies/copyright",
    "definitions": {
        "LogService": {
            "anyOf": [
                {
                    "$ref": "http://redfish.dmtf.org/schemas/v1/odata.v4_0_2.json#/definitions/idRef"
                },
                {
                    "$ref": "http://redfish.dmtf.org/schemas/v1/LogService.v1_0_0.json#/definitions/LogService"
                },
                {
                    "$ref": "http://redfish.dmtf.org/schemas/v1/LogService.v1_0_2.json#/definitions/LogService"
                },
                {
                    "$ref": "http://redfish.dmtf.org/schemas/v1/LogService.v1_0_3.json#/definitions/LogService"
                },
                {
                    "$ref": "http://redfish.dmtf.org/schemas/v1/LogService.v1_0_4.json#/definitions/LogService"
                },
                {
                    "$ref": "http://redfish.dmtf.org/schemas/v1/LogService.v1_0_5.json#/definitions/LogService"
                },
                {
                    "$ref": "http://redfish.dmtf.org/schemas/v1/LogService.v1_1_0.json#/definitions/LogService"
                }
            ],
            "description": "This resource contains properties for monitoring and configuring an event log service for the resource or service to which it is associated.",
            "longDescription": "This resource shall be used to represent a log service for a Redfish implementation."
        }
    },
    "owningEntity": "DMTF",
    "title": "#LogService.LogService"
}