{
    "$ref": "#/definitions/ManagerNetworkProtocol",
    "$schema": "http://redfish.dmtf.org/schemas/v1/redfish-schema.v1_4_0.json",
    "copyright": "Copyright 2014-2018 Distributed Management Task Force, Inc. (DMTF). For the full DMTF copyright policy, see http://www.dmtf.org/about/policies/copyright",
    "definitions": {
        "ManagerNetworkProtocol": {
            "anyOf": [
                {
                    "$ref": "http://redfish.dmtf.org/schemas/v1/odata.v4_0_2.json#/definitions/idRef"
                },
                {
                    "$ref": "http://redfish.dmtf.org/schemas/v1/ManagerNetworkProtocol.v1_0_0.json#/definitions/ManagerNetworkProtocol"
                },
                {
                    "$ref": "http://redfish.dmtf.org/schemas/v1/ManagerNetworkProtocol.v1_0_2.json#/definitions/ManagerNetworkProtocol"
                },
                {
                    "$ref": "http://redfish.dmtf.org/schemas/v1/ManagerNetworkProtocol.v1_0_3.json#/definitions/ManagerNetworkProtocol"
                },
                {
                    "$ref": "http://redfish.dmtf.org/schemas/v1/ManagerNetworkProtocol.v1_0_4.json#/definitions/ManagerNetworkProtocol"
                },
                {
                    "$ref": "http://redfish.dmtf.org/schemas/v1/ManagerNetworkProtocol.v1_1_0.json#/definitions/ManagerNetworkProtocol"
                },
                {
                    "$ref": "http://redfish.dmtf.org/schemas/v1/ManagerNetworkProtocol.v1_1_1.json#/definitions/ManagerNetworkProtocol"
                },
                {
                    "$ref": "http://redfish.dmtf.org/schemas/v1/ManagerNetworkProtocol.v1_2_0.json#/definitions/ManagerNetworkProtocol"
                }
            ],
            "description": "This resource is used to obtain or modify the network services managed by a given manager.",
            "longDescription": "This object shall be used to represent the network service settings for the manager."
        }
    },
    "owningEntity": "DMTF",
    "title": "#ManagerNetworkProtocol.ManagerNetworkProtocol"
}