{
    "$ref": "#/definitions/ManagerAccount",
    "$schema": "http://redfish.dmtf.org/schemas/v1/redfish-schema.v1_4_0.json",
    "copyright": "Copyright 2014-2018 Distributed Management Task Force, Inc. (DMTF). For the full DMTF copyright policy, see http://www.dmtf.org/about/policies/copyright",
    "definitions": {
        "ManagerAccount": {
            "anyOf": [
                {
                    "$ref": "http://redfish.dmtf.org/schemas/v1/odata.v4_0_2.json#/definitions/idRef"
                },
                {
                    "$ref": "http://redfish.dmtf.org/schemas/v1/ManagerAccount.v1_0_0.json#/definitions/ManagerAccount"
                },
                {
                    "$ref": "http://redfish.dmtf.org/schemas/v1/ManagerAccount.v1_0_2.json#/definitions/ManagerAccount"
                },
                {
                    "$ref": "http://redfish.dmtf.org/schemas/v1/ManagerAccount.v1_0_3.json#/definitions/ManagerAccount"
                },
                {
                    "$ref": "http://redfish.dmtf.org/schemas/v1/ManagerAccount.v1_0_4.json#/definitions/ManagerAccount"
                },
                {
                    "$ref": "http://redfish.dmtf.org/schemas/v1/ManagerAccount.v1_0_5.json#/definitions/ManagerAccount"
                },
                {
                    "$ref": "http://redfish.dmtf.org/schemas/v1/ManagerAccount.v1_0_6.json#/definitions/ManagerAccount"
                },
                {
                    "$ref": "http://redfish.dmtf.org/schemas/v1/ManagerAccount.v1_1_0.json#/definitions/ManagerAccount"
                },
                {
                    "$ref": "http://redfish.dmtf.org/schemas/v1/ManagerAccount.v1_1_1.json#/definitions/ManagerAccount"
                },
                {
                    "$ref": "http://redfish.dmtf.org/schemas/v1/ManagerAccount.v1_1_2.json#/definitions/ManagerAccount"
                }
            ],
            "description": "The user accounts, owned by a Manager, are defined in this resource.  Changes to a Manager Account may affect the current Redfish service connection if this manager is responsible for the Redfish service.",
            "longDescription": "This resource shall be used to represent resources that represent the user accounts for the manager."
        }
    },
    "owningEntity": "DMTF",
    "title": "#ManagerAccount.ManagerAccount"
}