{
    "$ref": "#/definitions/Memory",
    "$schema": "http://redfish.dmtf.org/schemas/v1/redfish-schema.v1_4_0.json",
    "copyright": "Copyright 2014-2018 Distributed Management Task Force, Inc. (DMTF). For the full DMTF copyright policy, see http://www.dmtf.org/about/policies/copyright",
    "definitions": {
        "Memory": {
            "anyOf": [
                {
                    "$ref": "http://redfish.dmtf.org/schemas/v1/odata.v4_0_2.json#/definitions/idRef"
                },
                {
                    "$ref": "http://redfish.dmtf.org/schemas/v1/Memory.v1_0_0.json#/definitions/Memory"
                },
                {
                    "$ref": "http://redfish.dmtf.org/schemas/v1/Memory.v1_0_1.json#/definitions/Memory"
                },
                {
                    "$ref": "http://redfish.dmtf.org/schemas/v1/Memory.v1_0_2.json#/definitions/Memory"
                },
                {
                    "$ref": "http://redfish.dmtf.org/schemas/v1/Memory.v1_0_3.json#/definitions/Memory"
                },
                {
                    "$ref": "http://redfish.dmtf.org/schemas/v1/Memory.v1_1_0.json#/definitions/Memory"
                },
                {
                    "$ref": "http://redfish.dmtf.org/schemas/v1/Memory.v1_1_1.json#/definitions/Memory"
                },
                {
                    "$ref": "http://redfish.dmtf.org/schemas/v1/Memory.v1_1_2.json#/definitions/Memory"
                },
                {
                    "$ref": "http://redfish.dmtf.org/schemas/v1/Memory.v1_2_0.json#/definitions/Memory"
                },
                {
                    "$ref": "http://redfish.dmtf.org/schemas/v1/Memory.v1_2_1.json#/definitions/Memory"
                },
                {
                    "$ref": "http://redfish.dmtf.org/schemas/v1/Memory.v1_3_0.json#/definitions/Memory"
                },
                {
                    "$ref": "http://redfish.dmtf.org/schemas/v1/Memory.v1_3_1.json#/definitions/Memory"
                },
                {
                    "$ref": "http://redfish.dmtf.org/schemas/v1/Memory.v1_4_0.json#/definitions/Memory"
                },
                {
                    "$ref": "http://redfish.dmtf.org/schemas/v1/Memory.v1_4_1.json#/definitions/Memory"
                },
                {
                    "$ref": "http://redfish.dmtf.org/schemas/v1/Memory.v1_5_0.json#/definitions/Memory"
                }
            ],
            "description": "This is the schema definition of the Memory and its configuration.",
            "longDescription": "This resource shall be used to represent the Memory in a Redfish implementation."
        }
    },
    "owningEntity": "DMTF",
    "title": "#Memory.Memory"
}