{
    "$ref": "#/definitions/MemoryDomain",
    "$schema": "http://redfish.dmtf.org/schemas/v1/redfish-schema.v1_4_0.json",
    "copyright": "Copyright 2014-2018 Distributed Management Task Force, Inc. (DMTF). For the full DMTF copyright policy, see http://www.dmtf.org/about/policies/copyright",
    "definitions": {
        "MemoryDomain": {
            "anyOf": [
                {
                    "$ref": "http://redfish.dmtf.org/schemas/v1/odata.v4_0_2.json#/definitions/idRef"
                },
                {
                    "$ref": "http://redfish.dmtf.org/schemas/v1/MemoryDomain.v1_0_0.json#/definitions/MemoryDomain"
                },
                {
                    "$ref": "http://redfish.dmtf.org/schemas/v1/MemoryDomain.v1_0_1.json#/definitions/MemoryDomain"
                },
                {
                    "$ref": "http://redfish.dmtf.org/schemas/v1/MemoryDomain.v1_0_2.json#/definitions/MemoryDomain"
                },
                {
                    "$ref": "http://redfish.dmtf.org/schemas/v1/MemoryDomain.v1_1_0.json#/definitions/MemoryDomain"
                },
                {
                    "$ref": "http://redfish.dmtf.org/schemas/v1/MemoryDomain.v1_1_1.json#/definitions/MemoryDomain"
                },
                {
                    "$ref": "http://redfish.dmtf.org/schemas/v1/MemoryDomain.v1_2_0.json#/definitions/MemoryDomain"
                }
            ],
            "description": "This is the schema definition of a Memory Domain and its configuration. Memory Domains are used to indicate to the client which Memory (DIMMs) can be grouped together in Memory Chunks to form interleave sets or otherwise grouped together.",
            "longDescription": "This resource shall be used to represent Memory Domains in a Redfish implementation."
        }
    },
    "owningEntity": "DMTF",
    "title": "#MemoryDomain.MemoryDomain"
}