{
    "$ref": "#/definitions/MemoryChunks",
    "$schema": "http://redfish.dmtf.org/schemas/v1/redfish-schema.v1_4_0.json",
    "copyright": "Copyright 2014-2018 Distributed Management Task Force, Inc. (DMTF). For the full DMTF copyright policy, see http://www.dmtf.org/about/policies/copyright",
    "definitions": {
        "MemoryChunks": {
            "anyOf": [
                {
                    "$ref": "http://redfish.dmtf.org/schemas/v1/odata.v4_0_2.json#/definitions/idRef"
                },
                {
                    "$ref": "http://redfish.dmtf.org/schemas/v1/MemoryChunks.v1_0_0.json#/definitions/MemoryChunks"
                },
                {
                    "$ref": "http://redfish.dmtf.org/schemas/v1/MemoryChunks.v1_0_1.json#/definitions/MemoryChunks"
                },
                {
                    "$ref": "http://redfish.dmtf.org/schemas/v1/MemoryChunks.v1_0_2.json#/definitions/MemoryChunks"
                },
                {
                    "$ref": "http://redfish.dmtf.org/schemas/v1/MemoryChunks.v1_1_0.json#/definitions/MemoryChunks"
                },
                {
                    "$ref": "http://redfish.dmtf.org/schemas/v1/MemoryChunks.v1_2_0.json#/definitions/MemoryChunks"
                },
                {
                    "$ref": "http://redfish.dmtf.org/schemas/v1/MemoryChunks.v1_2_1.json#/definitions/MemoryChunks"
                }
            ],
            "description": "This is the schema definition of a Memory Chunk and its configuration.",
            "longDescription": "This resource shall be used to represent Memory Chunks and Interleave Sets in a Redfish implementation."
        }
    },
    "owningEntity": "DMTF",
    "title": "#MemoryChunks.MemoryChunks"
}