{
    "$ref": "#/definitions/MessageRegistryFileCollection",
    "$schema": "http://redfish.dmtf.org/schemas/v1/redfish-schema.v1_4_0.json",
    "copyright": "Copyright 2014-2018 Distributed Management Task Force, Inc. (DMTF). For the full DMTF copyright policy, see http://www.dmtf.org/about/policies/copyright",
    "definitions": {
        "MessageRegistryFileCollection": {
            "anyOf": [
                {
                    "$ref": "http://redfish.dmtf.org/schemas/v1/odata.v4_0_2.json#/definitions/idRef"
                },
                {
                    "additionalProperties": false,
                    "description": "A Collection of MessageRegistryFile resource instances.",
                    "patternProperties": {
                        "^([a-zA-Z_][a-zA-Z0-9_]*)?@(odata|Redfish|Message)\\.[a-zA-Z_][a-zA-Z0-9_.]+$": {
                            "description": "This property shall specify a valid odata or Redfish property.",
                            "type": [
                                "array",
                                "boolean",
                                "number",
                                "null",
                                "object",
                                "string"
                            ]
                        }
                    },
                    "properties": {
                        "@odata.context": {
                            "$ref": "http://redfish.dmtf.org/schemas/v1/odata.v4_0_2.json#/definitions/context"
                        },
                        "@odata.etag": {
                            "$ref": "http://redfish.dmtf.org/schemas/v1/odata.v4_0_2.json#/definitions/etag"
                        },
                        "@odata.id": {
                            "$ref": "http://redfish.dmtf.org/schemas/v1/odata.v4_0_2.json#/definitions/id"
                        },
                        "@odata.type": {
                            "$ref": "http://redfish.dmtf.org/schemas/v1/odata.v4_0_2.json#/definitions/type"
                        },
                        "Description": {
                            "anyOf": [
                                {
                                    "$ref": "http://redfish.dmtf.org/schemas/v1/Resource.json#/definitions/Description"
                                },
                                {
                                    "type": "null"
                                }
                            ],
                            "readonly": true
                        },
                        "Members": {
                            "description": "Contains the members of this collection.",
                            "items": {
                                "$ref": "http://redfish.dmtf.org/schemas/v1/MessageRegistryFile.json#/definitions/MessageRegistryFile"
                            },
                            "readonly": true,
                            "type": "array"
                        },
                        "Members@odata.count": {
                            "$ref": "http://redfish.dmtf.org/schemas/v1/odata.v4_0_2.json#/definitions/count"
                        },
                        "Name": {
                            "$ref": "http://redfish.dmtf.org/schemas/v1/Resource.json#/definitions/Name",
                            "readonly": true
                        },
                        "Oem": {
                            "$ref": "http://redfish.dmtf.org/schemas/v1/Resource.json#/definitions/Oem",
                            "description": "This is the manufacturer/provider specific extension moniker used to divide the Oem object into sections.",
                            "longDescription": "The value of this string shall be of the format for the reserved word *Oem*."
                        }
                    },
                    "type": "object"
                }
            ]
        }
    },
    "owningEntity": "DMTF",
    "title": "#MessageRegistryFileCollection.MessageRegistryFileCollection"
}