{
    "$ref": "#/definitions/NetworkDeviceFunction",
    "$schema": "http://redfish.dmtf.org/schemas/v1/redfish-schema.v1_4_0.json",
    "copyright": "Copyright 2014-2018 Distributed Management Task Force, Inc. (DMTF). For the full DMTF copyright policy, see http://www.dmtf.org/about/policies/copyright",
    "definitions": {
        "NetworkDeviceFunction": {
            "anyOf": [
                {
                    "$ref": "http://redfish.dmtf.org/schemas/v1/odata.v4_0_2.json#/definitions/idRef"
                },
                {
                    "$ref": "http://redfish.dmtf.org/schemas/v1/NetworkDeviceFunction.v1_0_0.json#/definitions/NetworkDeviceFunction"
                },
                {
                    "$ref": "http://redfish.dmtf.org/schemas/v1/NetworkDeviceFunction.v1_0_1.json#/definitions/NetworkDeviceFunction"
                },
                {
                    "$ref": "http://redfish.dmtf.org/schemas/v1/NetworkDeviceFunction.v1_0_2.json#/definitions/NetworkDeviceFunction"
                },
                {
                    "$ref": "http://redfish.dmtf.org/schemas/v1/NetworkDeviceFunction.v1_1_0.json#/definitions/NetworkDeviceFunction"
                },
                {
                    "$ref": "http://redfish.dmtf.org/schemas/v1/NetworkDeviceFunction.v1_1_1.json#/definitions/NetworkDeviceFunction"
                },
                {
                    "$ref": "http://redfish.dmtf.org/schemas/v1/NetworkDeviceFunction.v1_2_0.json#/definitions/NetworkDeviceFunction"
                },
                {
                    "$ref": "http://redfish.dmtf.org/schemas/v1/NetworkDeviceFunction.v1_2_1.json#/definitions/NetworkDeviceFunction"
                }
            ],
            "description": "The NetworkDeviceFunction schema represents a logical interface exposed by the network adapter.",
            "longDescription": "A Network Device Function represents a logical interface exposed by the network adapter."
        }
    },
    "owningEntity": "DMTF",
    "title": "#NetworkDeviceFunction.NetworkDeviceFunction"
}