{
    "$ref": "#/definitions/NetworkInterface",
    "$schema": "http://redfish.dmtf.org/schemas/v1/redfish-schema.v1_4_0.json",
    "copyright": "Copyright 2014-2018 Distributed Management Task Force, Inc. (DMTF). For the full DMTF copyright policy, see http://www.dmtf.org/about/policies/copyright",
    "definitions": {
        "NetworkInterface": {
            "anyOf": [
                {
                    "$ref": "http://redfish.dmtf.org/schemas/v1/odata.v4_0_2.json#/definitions/idRef"
                },
                {
                    "$ref": "http://redfish.dmtf.org/schemas/v1/NetworkInterface.v1_0_0.json#/definitions/NetworkInterface"
                },
                {
                    "$ref": "http://redfish.dmtf.org/schemas/v1/NetworkInterface.v1_0_1.json#/definitions/NetworkInterface"
                },
                {
                    "$ref": "http://redfish.dmtf.org/schemas/v1/NetworkInterface.v1_1_0.json#/definitions/NetworkInterface"
                }
            ],
            "description": "A NetworkInterface contains references linking NetworkAdapter, NetworkPort, and NetworkDeviceFunction resources and represents the functionality available to the containing system.",
            "longDescription": "A NetworkInterface contains references linking NetworkAdapter, NetworkPort, and NetworkDeviceFunction resources and represents the functionality available to the containing system."
        }
    },
    "owningEntity": "DMTF",
    "title": "#NetworkInterface.NetworkInterface"
}