{
    "$ref": "#/definitions/NetworkAdapter",
    "$schema": "http://redfish.dmtf.org/schemas/v1/redfish-schema.v1_4_0.json",
    "copyright": "Copyright 2014-2018 Distributed Management Task Force, Inc. (DMTF). For the full DMTF copyright policy, see http://www.dmtf.org/about/policies/copyright",
    "definitions": {
        "NetworkAdapter": {
            "anyOf": [
                {
                    "$ref": "http://redfish.dmtf.org/schemas/v1/odata.v4_0_2.json#/definitions/idRef"
                },
                {
                    "$ref": "http://redfish.dmtf.org/schemas/v1/NetworkAdapter.v1_0_0.json#/definitions/NetworkAdapter"
                },
                {
                    "$ref": "http://redfish.dmtf.org/schemas/v1/NetworkAdapter.v1_0_1.json#/definitions/NetworkAdapter"
                },
                {
                    "$ref": "http://redfish.dmtf.org/schemas/v1/NetworkAdapter.v1_1_0.json#/definitions/NetworkAdapter"
                }
            ],
            "description": "A NetworkAdapter represents the physical network adapter capable of connecting to a computer network.  Examples include but are not limited to Ethernet, Fibre Channel, and converged network adapters.",
            "longDescription": "A NetworkAdapter represents the physical network adapter capable of connecting to a computer network.  Examples include but are not limited to Ethernet, Fibre Channel, and converged network adapters."
        }
    },
    "owningEntity": "DMTF",
    "title": "#NetworkAdapter.NetworkAdapter"
}