{
    "$ref": "#/definitions/NetworkPort",
    "$schema": "http://redfish.dmtf.org/schemas/v1/redfish-schema.v1_4_0.json",
    "copyright": "Copyright 2014-2018 Distributed Management Task Force, Inc. (DMTF). For the full DMTF copyright policy, see http://www.dmtf.org/about/policies/copyright",
    "definitions": {
        "NetworkPort": {
            "anyOf": [
                {
                    "$ref": "http://redfish.dmtf.org/schemas/v1/odata.v4_0_2.json#/definitions/idRef"
                },
                {
                    "$ref": "http://redfish.dmtf.org/schemas/v1/NetworkPort.v1_0_0.json#/definitions/NetworkPort"
                },
                {
                    "$ref": "http://redfish.dmtf.org/schemas/v1/NetworkPort.v1_0_1.json#/definitions/NetworkPort"
                },
                {
                    "$ref": "http://redfish.dmtf.org/schemas/v1/NetworkPort.v1_1_0.json#/definitions/NetworkPort"
                }
            ],
            "description": "A Network Port represents a discrete physical port capable of connecting to a network.",
            "longDescription": "A Network Port represents a discrete physical port capable of connecting to a network."
        }
    },
    "owningEntity": "DMTF",
    "title": "#NetworkPort.NetworkPort"
}