{
    "$ref": "#/definitions/PCIeFunction",
    "$schema": "http://redfish.dmtf.org/schemas/v1/redfish-schema.v1_4_0.json",
    "copyright": "Copyright 2014-2018 Distributed Management Task Force, Inc. (DMTF). For the full DMTF copyright policy, see http://www.dmtf.org/about/policies/copyright",
    "definitions": {
        "PCIeFunction": {
            "anyOf": [
                {
                    "$ref": "http://redfish.dmtf.org/schemas/v1/odata.v4_0_2.json#/definitions/idRef"
                },
                {
                    "$ref": "http://redfish.dmtf.org/schemas/v1/PCIeFunction.v1_0_0.json#/definitions/PCIeFunction"
                },
                {
                    "$ref": "http://redfish.dmtf.org/schemas/v1/PCIeFunction.v1_0_1.json#/definitions/PCIeFunction"
                },
                {
                    "$ref": "http://redfish.dmtf.org/schemas/v1/PCIeFunction.v1_0_2.json#/definitions/PCIeFunction"
                },
                {
                    "$ref": "http://redfish.dmtf.org/schemas/v1/PCIeFunction.v1_0_3.json#/definitions/PCIeFunction"
                },
                {
                    "$ref": "http://redfish.dmtf.org/schemas/v1/PCIeFunction.v1_1_0.json#/definitions/PCIeFunction"
                },
                {
                    "$ref": "http://redfish.dmtf.org/schemas/v1/PCIeFunction.v1_1_1.json#/definitions/PCIeFunction"
                },
                {
                    "$ref": "http://redfish.dmtf.org/schemas/v1/PCIeFunction.v1_2_0.json#/definitions/PCIeFunction"
                }
            ],
            "description": "This is the schema definition for the PCIeFunction resource.  It represents the properties of a PCIeFunction attached to a System."
        }
    },
    "owningEntity": "DMTF",
    "title": "#PCIeFunction.PCIeFunction"
}