{
    "$ref": "#/definitions/Port",
    "$schema": "http://redfish.dmtf.org/schemas/v1/redfish-schema.v1_4_0.json",
    "copyright": "Copyright 2014-2018 Distributed Management Task Force, Inc. (DMTF). For the full DMTF copyright policy, see http://www.dmtf.org/about/policies/copyright",
    "definitions": {
        "Port": {
            "anyOf": [
                {
                    "$ref": "http://redfish.dmtf.org/schemas/v1/odata.v4_0_2.json#/definitions/idRef"
                },
                {
                    "$ref": "http://redfish.dmtf.org/schemas/v1/Port.v1_0_0.json#/definitions/Port"
                },
                {
                    "$ref": "http://redfish.dmtf.org/schemas/v1/Port.v1_0_1.json#/definitions/Port"
                },
                {
                    "$ref": "http://redfish.dmtf.org/schemas/v1/Port.v1_0_2.json#/definitions/Port"
                },
                {
                    "$ref": "http://redfish.dmtf.org/schemas/v1/Port.v1_0_3.json#/definitions/Port"
                },
                {
                    "$ref": "http://redfish.dmtf.org/schemas/v1/Port.v1_1_0.json#/definitions/Port"
                }
            ],
            "description": "Port contains properties describing a port of a switch.",
            "longDescription": "This resource shall be used to represent a simple switch port for a Redfish implementation."
        }
    },
    "owningEntity": "DMTF",
    "title": "#Port.Port"
}