{
    "$ref": "#/definitions/Power",
    "$schema": "http://redfish.dmtf.org/schemas/v1/redfish-schema.v1_4_0.json",
    "copyright": "Copyright 2014-2018 Distributed Management Task Force, Inc. (DMTF). For the full DMTF copyright policy, see http://www.dmtf.org/about/policies/copyright",
    "definitions": {
        "Power": {
            "anyOf": [
                {
                    "$ref": "http://redfish.dmtf.org/schemas/v1/odata.v4_0_2.json#/definitions/idRef"
                },
                {
                    "$ref": "http://redfish.dmtf.org/schemas/v1/Power.v1_0_0.json#/definitions/Power"
                },
                {
                    "$ref": "http://redfish.dmtf.org/schemas/v1/Power.v1_0_1.json#/definitions/Power"
                },
                {
                    "$ref": "http://redfish.dmtf.org/schemas/v1/Power.v1_0_2.json#/definitions/Power"
                },
                {
                    "$ref": "http://redfish.dmtf.org/schemas/v1/Power.v1_0_3.json#/definitions/Power"
                },
                {
                    "$ref": "http://redfish.dmtf.org/schemas/v1/Power.v1_0_4.json#/definitions/Power"
                },
                {
                    "$ref": "http://redfish.dmtf.org/schemas/v1/Power.v1_0_5.json#/definitions/Power"
                },
                {
                    "$ref": "http://redfish.dmtf.org/schemas/v1/Power.v1_0_6.json#/definitions/Power"
                },
                {
                    "$ref": "http://redfish.dmtf.org/schemas/v1/Power.v1_1_0.json#/definitions/Power"
                },
                {
                    "$ref": "http://redfish.dmtf.org/schemas/v1/Power.v1_1_1.json#/definitions/Power"
                },
                {
                    "$ref": "http://redfish.dmtf.org/schemas/v1/Power.v1_1_2.json#/definitions/Power"
                },
                {
                    "$ref": "http://redfish.dmtf.org/schemas/v1/Power.v1_1_3.json#/definitions/Power"
                },
                {
                    "$ref": "http://redfish.dmtf.org/schemas/v1/Power.v1_1_4.json#/definitions/Power"
                },
                {
                    "$ref": "http://redfish.dmtf.org/schemas/v1/Power.v1_2_0.json#/definitions/Power"
                },
                {
                    "$ref": "http://redfish.dmtf.org/schemas/v1/Power.v1_2_1.json#/definitions/Power"
                },
                {
                    "$ref": "http://redfish.dmtf.org/schemas/v1/Power.v1_2_2.json#/definitions/Power"
                },
                {
                    "$ref": "http://redfish.dmtf.org/schemas/v1/Power.v1_2_3.json#/definitions/Power"
                },
                {
                    "$ref": "http://redfish.dmtf.org/schemas/v1/Power.v1_2_4.json#/definitions/Power"
                },
                {
                    "$ref": "http://redfish.dmtf.org/schemas/v1/Power.v1_3_0.json#/definitions/Power"
                },
                {
                    "$ref": "http://redfish.dmtf.org/schemas/v1/Power.v1_3_1.json#/definitions/Power"
                },
                {
                    "$ref": "http://redfish.dmtf.org/schemas/v1/Power.v1_3_2.json#/definitions/Power"
                },
                {
                    "$ref": "http://redfish.dmtf.org/schemas/v1/Power.v1_4_0.json#/definitions/Power"
                },
                {
                    "$ref": "http://redfish.dmtf.org/schemas/v1/Power.v1_4_1.json#/definitions/Power"
                },
                {
                    "$ref": "http://redfish.dmtf.org/schemas/v1/Power.v1_5_0.json#/definitions/Power"
                }
            ],
            "description": "This is the schema definition for the Power Metrics.  It represents the properties for Power Consumption and Power Limiting.",
            "longDescription": "This resource shall be used to represent a power metrics resource for a Redfish implementation."
        }
    },
    "owningEntity": "DMTF",
    "title": "#Power.Power"
}