{
    "$ref": "#/definitions/PrivilegeRegistry",
    "$schema": "http://redfish.dmtf.org/schemas/v1/redfish-schema.v1_4_0.json",
    "copyright": "Copyright 2014-2018 Distributed Management Task Force, Inc. (DMTF). For the full DMTF copyright policy, see http://www.dmtf.org/about/policies/copyright",
    "definitions": {
        "PrivilegeRegistry": {
            "anyOf": [
                {
                    "$ref": "http://redfish.dmtf.org/schemas/v1/odata.v4_0_2.json#/definitions/idRef"
                },
                {
                    "$ref": "http://redfish.dmtf.org/schemas/v1/PrivilegeRegistry.v1_0_0.json#/definitions/PrivilegeRegistry"
                },
                {
                    "$ref": "http://redfish.dmtf.org/schemas/v1/PrivilegeRegistry.v1_0_1.json#/definitions/PrivilegeRegistry"
                },
                {
                    "$ref": "http://redfish.dmtf.org/schemas/v1/PrivilegeRegistry.v1_0_2.json#/definitions/PrivilegeRegistry"
                },
                {
                    "$ref": "http://redfish.dmtf.org/schemas/v1/PrivilegeRegistry.v1_1_0.json#/definitions/PrivilegeRegistry"
                },
                {
                    "$ref": "http://redfish.dmtf.org/schemas/v1/PrivilegeRegistry.v1_1_1.json#/definitions/PrivilegeRegistry"
                }
            ],
            "description": "This is the schema definition for Operation to Privilege mapping.",
            "longDescription": "This resource shall be used to represent operation to privilege mappings."
        }
    },
    "owningEntity": "DMTF",
    "title": "#PrivilegeRegistry.PrivilegeRegistry"
}