{
    "$ref": "#/definitions/Processor",
    "$schema": "http://redfish.dmtf.org/schemas/v1/redfish-schema.v1_4_0.json",
    "copyright": "Copyright 2014-2018 Distributed Management Task Force, Inc. (DMTF). For the full DMTF copyright policy, see http://www.dmtf.org/about/policies/copyright",
    "definitions": {
        "Processor": {
            "anyOf": [
                {
                    "$ref": "http://redfish.dmtf.org/schemas/v1/odata.v4_0_2.json#/definitions/idRef"
                },
                {
                    "$ref": "http://redfish.dmtf.org/schemas/v1/Processor.v1_0_0.json#/definitions/Processor"
                },
                {
                    "$ref": "http://redfish.dmtf.org/schemas/v1/Processor.v1_0_2.json#/definitions/Processor"
                },
                {
                    "$ref": "http://redfish.dmtf.org/schemas/v1/Processor.v1_0_3.json#/definitions/Processor"
                },
                {
                    "$ref": "http://redfish.dmtf.org/schemas/v1/Processor.v1_0_4.json#/definitions/Processor"
                },
                {
                    "$ref": "http://redfish.dmtf.org/schemas/v1/Processor.v1_1_0.json#/definitions/Processor"
                },
                {
                    "$ref": "http://redfish.dmtf.org/schemas/v1/Processor.v1_2_0.json#/definitions/Processor"
                },
                {
                    "$ref": "http://redfish.dmtf.org/schemas/v1/Processor.v1_3_0.json#/definitions/Processor"
                }
            ],
            "description": "The Processor resource reports information about a single processor contained within a system.  This includes both performance characteristics (clock speed, architecture, core count, etc.) and compatibility (e.g. CPU ID instruction results)."
        }
    },
    "owningEntity": "DMTF",
    "title": "#Processor.Processor"
}