{
    "$schema": "http://redfish.dmtf.org/schemas/v1/redfish-schema.v1_4_0.json",
    "copyright": "Copyright 2014-2018 Distributed Management Task Force, Inc. (DMTF). For the full DMTF copyright policy, see http://www.dmtf.org/about/policies/copyright",
    "definitions": {
        "Redundancy": {
            "anyOf": [
                {
                    "$ref": "http://redfish.dmtf.org/schemas/v1/odata.v4_0_2.json#/definitions/idRef"
                },
                {
                    "$ref": "http://redfish.dmtf.org/schemas/v1/Redundancy.v1_0_0.json#/definitions/Redundancy"
                },
                {
                    "$ref": "http://redfish.dmtf.org/schemas/v1/Redundancy.v1_0_1.json#/definitions/Redundancy"
                },
                {
                    "$ref": "http://redfish.dmtf.org/schemas/v1/Redundancy.v1_0_2.json#/definitions/Redundancy"
                },
                {
                    "$ref": "http://redfish.dmtf.org/schemas/v1/Redundancy.v1_0_3.json#/definitions/Redundancy"
                },
                {
                    "$ref": "http://redfish.dmtf.org/schemas/v1/Redundancy.v1_0_4.json#/definitions/Redundancy"
                },
                {
                    "$ref": "http://redfish.dmtf.org/schemas/v1/Redundancy.v1_1_0.json#/definitions/Redundancy"
                },
                {
                    "$ref": "http://redfish.dmtf.org/schemas/v1/Redundancy.v1_1_1.json#/definitions/Redundancy"
                },
                {
                    "$ref": "http://redfish.dmtf.org/schemas/v1/Redundancy.v1_1_2.json#/definitions/Redundancy"
                },
                {
                    "$ref": "http://redfish.dmtf.org/schemas/v1/Redundancy.v1_2_0.json#/definitions/Redundancy"
                },
                {
                    "$ref": "http://redfish.dmtf.org/schemas/v1/Redundancy.v1_3_0.json#/definitions/Redundancy"
                }
            ],
            "description": "This is the common redundancy definition and structure used in other Redfish schemas.",
            "longDescription": "This object represents the Redundancy element property.  All values for resources described by this schema shall comply to the requirements as described in the Redfish specification.  The value of this string shall be of the format for the reserved word *Redundancy*."
        }
    },
    "owningEntity": "DMTF",
    "title": "#Redundancy"
}