{
    "$schema": "http://redfish.dmtf.org/schemas/v1/redfish-schema.v1_4_0.json",
    "copyright": "Copyright 2014-2018 Distributed Management Task Force, Inc. (DMTF). For the full DMTF copyright policy, see http://www.dmtf.org/about/policies/copyright",
    "definitions": {
        "Description": {
            "description": "Provides a description of this resource and is used for commonality  in the schema definitions.",
            "longDescription": "This object represents the Description property.  All values for resources described by this schema shall comply to the requirements as described in the Redfish specification.",
            "type": "string"
        },
        "Health": {
            "enum": [
                "OK",
                "Warning",
                "Critical"
            ],
            "enumDescriptions": {
                "Critical": "A critical condition exists that requires immediate attention.",
                "OK": "Normal.",
                "Warning": "A condition exists that requires attention."
            },
            "type": "string"
        },
        "Id": {
            "description": "Uniquely identifies the resource within the collection of like resources.",
            "longDescription": "This property represents an identifier for the resource.  All values for resources described by this schema shall comply to the requirements as described in the Redfish specification.",
            "type": "string"
        },
        "Identifier": {
            "anyOf": [
                {
                    "$ref": "http://redfish.dmtf.org/schemas/v1/Resource.v1_1_0.json#/definitions/Identifier"
                },
                {
                    "$ref": "http://redfish.dmtf.org/schemas/v1/Resource.v1_1_1.json#/definitions/Identifier"
                },
                {
                    "$ref": "http://redfish.dmtf.org/schemas/v1/Resource.v1_1_2.json#/definitions/Identifier"
                },
                {
                    "$ref": "http://redfish.dmtf.org/schemas/v1/Resource.v1_1_3.json#/definitions/Identifier"
                },
                {
                    "$ref": "http://redfish.dmtf.org/schemas/v1/Resource.v1_1_4.json#/definitions/Identifier"
                },
                {
                    "$ref": "http://redfish.dmtf.org/schemas/v1/Resource.v1_1_5.json#/definitions/Identifier"
                },
                {
                    "$ref": "http://redfish.dmtf.org/schemas/v1/Resource.v1_2_0.json#/definitions/Identifier"
                },
                {
                    "$ref": "http://redfish.dmtf.org/schemas/v1/Resource.v1_2_1.json#/definitions/Identifier"
                },
                {
                    "$ref": "http://redfish.dmtf.org/schemas/v1/Resource.v1_2_2.json#/definitions/Identifier"
                },
                {
                    "$ref": "http://redfish.dmtf.org/schemas/v1/Resource.v1_2_3.json#/definitions/Identifier"
                },
                {
                    "$ref": "http://redfish.dmtf.org/schemas/v1/Resource.v1_2_4.json#/definitions/Identifier"
                },
                {
                    "$ref": "http://redfish.dmtf.org/schemas/v1/Resource.v1_3_0.json#/definitions/Identifier"
                },
                {
                    "$ref": "http://redfish.dmtf.org/schemas/v1/Resource.v1_3_1.json#/definitions/Identifier"
                },
                {
                    "$ref": "http://redfish.dmtf.org/schemas/v1/Resource.v1_3_2.json#/definitions/Identifier"
                },
                {
                    "$ref": "http://redfish.dmtf.org/schemas/v1/Resource.v1_3_3.json#/definitions/Identifier"
                },
                {
                    "$ref": "http://redfish.dmtf.org/schemas/v1/Resource.v1_4_0.json#/definitions/Identifier"
                },
                {
                    "$ref": "http://redfish.dmtf.org/schemas/v1/Resource.v1_4_1.json#/definitions/Identifier"
                },
                {
                    "$ref": "http://redfish.dmtf.org/schemas/v1/Resource.v1_4_2.json#/definitions/Identifier"
                },
                {
                    "$ref": "http://redfish.dmtf.org/schemas/v1/Resource.v1_5_0.json#/definitions/Identifier"
                },
                {
                    "$ref": "http://redfish.dmtf.org/schemas/v1/Resource.v1_5_1.json#/definitions/Identifier"
                },
                {
                    "$ref": "http://redfish.dmtf.org/schemas/v1/Resource.v1_6_0.json#/definitions/Identifier"
                }
            ],
            "description": "This type describes any additional identifiers for a resource.",
            "longDescription": "This type shall contain any additional identifiers of a resource."
        },
        "IndicatorLED": {
            "enum": [
                "Lit",
                "Blinking",
                "Off"
            ],
            "enumDescriptions": {
                "Blinking": "The Indicator LED is blinking.",
                "Lit": "The Indicator LED is lit.",
                "Off": "The Indicator LED is off."
            },
            "enumLongDescriptions": {
                "Blinking": "This value shall represent the Indicator LED is in a blinking state where the LED is being turned on and off in repetition.  If this value is not supported by the service, the service shall reject PATCH or PUT requests containing this value by returning HTTP 400 (Bad Request).",
                "Lit": "This value shall represent the Indicator LED is in a solid on state.  If this value is not supported by the service, the service shall reject PATCH or PUT requests containing this value by returning HTTP 400 (Bad Request).",
                "Off": "This value shall represent the Indicator LED is in a solid off state.  If this value is not supported by the service, the service shall reject PATCH or PUT requests containing this value by returning HTTP 400 (Bad Request)."
            },
            "type": "string"
        },
        "Item": {
            "anyOf": [
                {
                    "$ref": "http://redfish.dmtf.org/schemas/v1/Resource.json#/definitions/ReferenceableMember"
                },
                {
                    "$ref": "http://redfish.dmtf.org/schemas/v1/Resource.json#/definitions/Resource"
                }
            ],
            "description": "This is the base type for resources and referenceable members."
        },
        "ItemOrCollection": {
            "anyOf": [
                {
                    "$ref": "http://redfish.dmtf.org/schemas/v1/Resource.json#/definitions/Item"
                },
                {
                    "$ref": "http://redfish.dmtf.org/schemas/v1/Resource.json#/definitions/ResourceCollection"
                }
            ]
        },
        "Links": {
            "additionalProperties": false,
            "patternProperties": {
                "^([a-zA-Z_][a-zA-Z0-9_]*)?@(odata|Redfish|Message)\\.[a-zA-Z_][a-zA-Z0-9_.]+$": {
                    "description": "This property shall specify a valid odata or Redfish property.",
                    "type": [
                        "array",
                        "boolean",
                        "number",
                        "null",
                        "object",
                        "string"
                    ]
                }
            },
            "properties": {
                "Oem": {
                    "$ref": "http://redfish.dmtf.org/schemas/v1/Resource.json#/definitions/Oem",
                    "description": "Oem extension object.",
                    "longDescription": "This object represents the Oem property.  All values for resources described by this schema shall comply to the requirements as described in the Redfish specification."
                }
            },
            "type": "object"
        },
        "Location": {
            "anyOf": [
                {
                    "$ref": "http://redfish.dmtf.org/schemas/v1/Resource.v1_1_0.json#/definitions/Location"
                },
                {
                    "$ref": "http://redfish.dmtf.org/schemas/v1/Resource.v1_1_1.json#/definitions/Location"
                },
                {
                    "$ref": "http://redfish.dmtf.org/schemas/v1/Resource.v1_1_2.json#/definitions/Location"
                },
                {
                    "$ref": "http://redfish.dmtf.org/schemas/v1/Resource.v1_1_3.json#/definitions/Location"
                },
                {
                    "$ref": "http://redfish.dmtf.org/schemas/v1/Resource.v1_1_4.json#/definitions/Location"
                },
                {
                    "$ref": "http://redfish.dmtf.org/schemas/v1/Resource.v1_1_5.json#/definitions/Location"
                },
                {
                    "$ref": "http://redfish.dmtf.org/schemas/v1/Resource.v1_2_0.json#/definitions/Location"
                },
                {
                    "$ref": "http://redfish.dmtf.org/schemas/v1/Resource.v1_2_1.json#/definitions/Location"
                },
                {
                    "$ref": "http://redfish.dmtf.org/schemas/v1/Resource.v1_2_2.json#/definitions/Location"
                },
                {
                    "$ref": "http://redfish.dmtf.org/schemas/v1/Resource.v1_2_3.json#/definitions/Location"
                },
                {
                    "$ref": "http://redfish.dmtf.org/schemas/v1/Resource.v1_2_4.json#/definitions/Location"
                },
                {
                    "$ref": "http://redfish.dmtf.org/schemas/v1/Resource.v1_3_0.json#/definitions/Location"
                },
                {
                    "$ref": "http://redfish.dmtf.org/schemas/v1/Resource.v1_3_1.json#/definitions/Location"
                },
                {
                    "$ref": "http://redfish.dmtf.org/schemas/v1/Resource.v1_3_2.json#/definitions/Location"
                },
                {
                    "$ref": "http://redfish.dmtf.org/schemas/v1/Resource.v1_3_3.json#/definitions/Location"
                },
                {
                    "$ref": "http://redfish.dmtf.org/schemas/v1/Resource.v1_4_0.json#/definitions/Location"
                },
                {
                    "$ref": "http://redfish.dmtf.org/schemas/v1/Resource.v1_4_1.json#/definitions/Location"
                },
                {
                    "$ref": "http://redfish.dmtf.org/schemas/v1/Resource.v1_4_2.json#/definitions/Location"
                },
                {
                    "$ref": "http://redfish.dmtf.org/schemas/v1/Resource.v1_5_0.json#/definitions/Location"
                },
                {
                    "$ref": "http://redfish.dmtf.org/schemas/v1/Resource.v1_5_1.json#/definitions/Location"
                },
                {
                    "$ref": "http://redfish.dmtf.org/schemas/v1/Resource.v1_6_0.json#/definitions/Location"
                }
            ],
            "description": "This type describes the location of a resource.",
            "longDescription": "This type shall describe the location of a resource."
        },
        "Name": {
            "description": "The name of the resource or array element.",
            "longDescription": "This object represents the Name property.  All values for resources described by this schema shall comply to the requirements as described in the Redfish specification. The value of this string shall be of the format for the reserved word *Name*.",
            "type": "string"
        },
        "Oem": {
            "additionalProperties": true,
            "description": "Oem extension object.",
            "longDescription": "This object represents the Oem properties.  All values for resources described by this schema shall comply to the requirements as described in the Redfish specification.",
            "patternProperties": {
                "[A-Za-z0-9_.:]+": {
                    "$ref": "http://redfish.dmtf.org/schemas/v1/Resource.json#/definitions/OemObject"
                },
                "^([a-zA-Z_][a-zA-Z0-9_]*)?@(odata|Redfish|Message)\\.[a-zA-Z_][a-zA-Z0-9_.]+$": {
                    "description": "This property shall specify a valid odata or Redfish property.",
                    "type": [
                        "array",
                        "boolean",
                        "number",
                        "null",
                        "object",
                        "string"
                    ]
                }
            },
            "properties": {},
            "type": "object"
        },
        "OemObject": {
            "additionalProperties": true,
            "description": "Base type for an Oem object.",
            "longDescription": "This object represents the base type for an Oem property.  All values for resources described by this schema shall comply to the requirements as described in the Redfish specification.",
            "patternProperties": {
                "^([a-zA-Z_][a-zA-Z0-9_]*)?@(odata|Redfish|Message)\\.[a-zA-Z_][a-zA-Z0-9_.]+$": {
                    "description": "This property shall specify a valid odata or Redfish property.",
                    "type": [
                        "array",
                        "boolean",
                        "number",
                        "null",
                        "object",
                        "string"
                    ]
                }
            },
            "properties": {},
            "type": "object"
        },
        "PowerState": {
            "enum": [
                "On",
                "Off",
                "PoweringOn",
                "PoweringOff"
            ],
            "enumDescriptions": {
                "Off": "The state is powered Off.",
                "On": "The state is powered On.",
                "PoweringOff": "A temporary state between On and Off.",
                "PoweringOn": "A temporary state between Off and On."
            },
            "type": "string"
        },
        "ReferenceableMember": {
            "anyOf": [
                {
                    "$ref": "http://redfish.dmtf.org/schemas/v1/Resource.v1_0_0.json#/definitions/ReferenceableMember"
                }
            ]
        },
        "ResetType": {
            "enum": [
                "On",
                "ForceOff",
                "GracefulShutdown",
                "GracefulRestart",
                "ForceRestart",
                "Nmi",
                "ForceOn",
                "PushPowerButton",
                "PowerCycle"
            ],
            "enumDescriptions": {
                "ForceOff": "Turn the unit off immediately (non-graceful shutdown).",
                "ForceOn": "Turn the unit on immediately.",
                "ForceRestart": "Perform an immediate (non-graceful) shutdown, followed by a restart.",
                "GracefulRestart": "Perform a graceful shutdown followed by a restart of the system.",
                "GracefulShutdown": "Perform a graceful shutdown and power off.",
                "Nmi": "Generate a Diagnostic Interrupt (usually an NMI on x86 systems) to cease normal operations, perform diagnostic actions and typically halt the system.",
                "On": "Turn the unit on.",
                "PowerCycle": "Perform a power cycle of the unit.",
                "PushPowerButton": "Simulate the pressing of the physical power button on this unit."
            },
            "type": "string"
        },
        "Resource": {
            "anyOf": [
                {
                    "$ref": "http://redfish.dmtf.org/schemas/v1/Resource.v1_0_0.json#/definitions/Resource"
                }
            ]
        },
        "ResourceCollection": {
            "anyOf": [
                {
                    "$ref": "http://redfish.dmtf.org/schemas/v1/Resource.v1_0_0.json#/definitions/ResourceCollection"
                }
            ]
        },
        "State": {
            "enum": [
                "Enabled",
                "Disabled",
                "StandbyOffline",
                "StandbySpare",
                "InTest",
                "Starting",
                "Absent",
                "UnavailableOffline",
                "Deferring",
                "Quiesced",
                "Updating"
            ],
            "enumDescriptions": {
                "Absent": "This function or resource is not present or not detected.",
                "Deferring": "The element will not process any commands but will queue new requests.",
                "Disabled": "This function or resource has been disabled.",
                "Enabled": "This function or resource has been enabled.",
                "InTest": "This function or resource is undergoing testing.",
                "Quiesced": "The element is enabled but only processes a restricted set of commands.",
                "StandbyOffline": "This function or resource is enabled, but awaiting an external action to activate it.",
                "StandbySpare": "This function or resource is part of a redundancy set and is awaiting a failover or other external action to activate it.",
                "Starting": "This function or resource is starting.",
                "UnavailableOffline": "This function or resource is present but cannot be used.",
                "Updating": "The element is updating and may be unavailable or degraded."
            },
            "type": "string"
        },
        "Status": {
            "additionalProperties": false,
            "description": "This type describes the status and health of a resource and its children.",
            "longDescription": "This type shall contain any status or health properties of a resource.",
            "patternProperties": {
                "^([a-zA-Z_][a-zA-Z0-9_]*)?@(odata|Redfish|Message)\\.[a-zA-Z_][a-zA-Z0-9_.]+$": {
                    "description": "This property shall specify a valid odata or Redfish property.",
                    "type": [
                        "array",
                        "boolean",
                        "number",
                        "null",
                        "object",
                        "string"
                    ]
                }
            },
            "properties": {
                "Health": {
                    "anyOf": [
                        {
                            "$ref": "http://redfish.dmtf.org/schemas/v1/Resource.json#/definitions/Health"
                        },
                        {
                            "type": "null"
                        }
                    ],
                    "description": "This represents the health state of this resource in the absence of its dependent resources.",
                    "longDescription": "This property shall represent the HealthState of the resource without considering its dependent resources. The values shall conform to those defined in the Redfish specification.",
                    "readonly": true
                },
                "HealthRollup": {
                    "anyOf": [
                        {
                            "$ref": "http://redfish.dmtf.org/schemas/v1/Resource.json#/definitions/Health"
                        },
                        {
                            "type": "null"
                        }
                    ],
                    "description": "This represents the overall health state from the view of this resource.",
                    "longDescription": "This property shall represent the HealthState of the resource and its dependent resources.  The values shall conform to those defined in the Redfish specification.",
                    "readonly": true
                },
                "Oem": {
                    "$ref": "http://redfish.dmtf.org/schemas/v1/Resource.json#/definitions/Oem"
                },
                "State": {
                    "anyOf": [
                        {
                            "$ref": "http://redfish.dmtf.org/schemas/v1/Resource.json#/definitions/State"
                        },
                        {
                            "type": "null"
                        }
                    ],
                    "description": "This indicates the known state of the resource, such as if it is enabled.",
                    "longDescription": "This property shall represent if this component is available or not and why.  Enabled indicates the resource is available.  Disabled indicates the resource has been intentionally made unavailable but it can be enabled.  Offline indicates the resource is unavailable intentionally and requires action to be made available.  InTest indicates that the component is undergoing testing.  Starting indicates that the resource is on its way to becoming available.  Absent indicates the resources is physically unavailable.",
                    "readonly": true
                }
            },
            "type": "object"
        },
        "UUID": {
            "pattern": "([0-9a-fA-F]{8}-[0-9a-fA-F]{4}-[0-9a-fA-F]{4}-[0-9a-fA-F]{4}-[0-9a-fA-F]{12})",
            "type": "string"
        }
    },
    "owningEntity": "DMTF",
    "title": "#Resource"
}