{
    "@odata.type": "#Endpoint.v1_0_2.Endpoint",
    "Id": "Enclosure1",
    "Name": "SAS Enclosure",
    "Description": "A non-zoning capable SAS Enclosure",
    "EndpointProtocol": "SAS",
    "ConnectedEntities": [
        {
            "EntityType": "StorageExpander",
            "EntityRole": null,
            "Identifiers": [
                {
                    "DurableNameFormat": "NAA",
                    "DurableName": "32ADF365C6C1B7BF"
                }
            ],
            "Oem": {}
        },
        {
            "EntityType": "Drive",
            "EntityRole": "Target",
            "Identifiers": [
                {
                    "DurableNameFormat": "NAA",
                    "DurableName": "32ADF365C6C1B7C0"
                }
            ],
            "Oem": {}
        },
        {
            "EntityType": "Drive",
            "EntityRole": "Target",
            "Identifiers": [
                {
                    "DurableNameFormat": "NAA",
                    "DurableName": "32ADF365C6C1B7C1"
                }
            ],
            "Oem": {}
        },
        {
            "EntityType": "Drive",
            "EntityRole": "Target",
            "Identifiers": [],
            "Oem": {}
        },
        {
            "EntityType": "Drive",
            "EntityRole": "Target",
            "Identifiers": [],
            "Oem": {}
        }
    ],
    "Links": {
        "Ports": [
            {
                "@odata.id": "/redfish/v1/Fabrics/SAS/Switches/Switch1/Ports/7"
            },
            {
                "@odata.id": "/redfish/v1/Fabrics/SAS/Switches/Switch2/Ports/7"
            }
        ]
    },
    "Oem": {},
    "@odata.context": "/redfish/v1/$metadata#Endpoint.Endpoint",
    "@odata.id": "/redfish/v1/Fabrics/SAS/Endpoints/Enclosure1",
    "@Redfish.Copyright": "Copyright 2014-2017 Distributed Management Task Force, Inc. (DMTF). For the full DMTF copyright policy, see http://www.dmtf.org/about/policies/copyright."
}
