{
    "@odata.type": "#VirtualMedia.v1_1_0.VirtualMedia",
    "Id": "CDDVD",
    "Name": "Virtual Media",
    "MediaTypes": [
        "CD",
        "DVD",
        "USBStick"
    ],
    "Image": "http://contoso.com/images/myimage.iso>",
    "ImageName": "myimage.iso",
    "ConnectedVia": "Applet",
    "Inserted": true,
    "WriteProtected": false,
    "@odata.context": "/redfish/v1/$metadata#VirtualMedia.VirtualMedia",
    "@odata.id": "/redfish/v1/Managers/EncMgr1/VM/CDDVD",
    "@Redfish.Copyright": "Copyright 2014-2017 Distributed Management Task Force, Inc. (DMTF). For the full DMTF copyright policy, see http://www.dmtf.org/about/policies/copyright."
}
