{
    "@odata.type": "#Manager.v1_1_0.Manager",
    "Id": "MultiBladeBMC",
    "Name": "Enclosure Manager",
    "ManagerType": "EnclosureManager",
    "Description": "Contoso BMC",
    "Status": {
        "State": "Enabled",
        "Health": "OK"
    },
    "FirmwareVersion": "1.00",
    "EthernetInterfaces": {
        "@odata.id": "/redfish/v1/Managers/MultiBladeBMC/EthernetInterfaces"
    },
    "LogServices": {
        "@odata.id": "/redfish/v1/Managers/MultiBladeBMC/LogServices"
    },
    "Links": {
        "ManagerForChassis": [
            {
                "@odata.id": "/redfish/v1/Chassis/MultiBladeEncl"
            }
        ]
    },
    "@odata.context": "/redfish/v1/$metadata#Managers/Members/$entity",
    "@odata.id": "/redfish/v1/Managers/MultiBladeBMC",
    "@Redfish.Copyright": "Copyright 2014-2016 Distributed Management Task Force, Inc. (DMTF). For the full DMTF copyright policy, see http://www.dmtf.org/about/policies/copyright."
}
