{
    "@odata.type": "#ComputerSystem.v1_4_0.ComputerSystem",
    "Name": "ComposedPartition3",
    "Id": "ComposedPartition3",
    "SystemType": "Composed",
    "Model": "Constoto-2S-B Server Partition",
    "Manufacturer": "Contoso",
    "Description": "ComposedPartition3 - Composed Partition with 1 BladeComputeBlock and 1 BladeStorageBlock",
    "HostName": "composedhost3",
    "PowerState": "On",
    "BiosVersion": "5.2.3",
    "UUID": "92384634-2938-2342-8820-489239905445",
    "Status": {
        "Health": "OK",
        "State": "Enabled"
    },
    "ProcessorSummary": {
        "Status": {
            "Health": "OK",
            "State": "Enabled"
        },
        "Count": 2,
        "Model": "Intel(R) Xeon(R) processor"
    },
    "MemorySummary": {
        "Status": {
            "Health": "OK",
            "State": "Enabled"
        },
        "TotalSystemMemoryGiB": 128
    },
    "Processors": {
        "@odata.id": "/redfish/v1/Systems/ComposedPartition3/Processors"
    },
    "Memory": {
        "@odata.id": "/redfish/v1/Systems/ComposedPartition3/Memory"
    },
    "EthernetInterfaces": {
        "@odata.id": "/redfish/v1/Systems/ComposedPartition3/EthernetInterfaces"
    },
    "Storage": {
        "@odata.id": "/redfish/v1/Systems/ComposedPartition3/Storage"
    },
    "Boot": {
        "BootSourceOverrideEnabled": "Once",
        "BootSourceOverrideTarget": "Pxe",
        "BootSourceOverrideTarget@Redfish.AllowableValues": [
            "None",
            "Pxe",
            "Usb",
            "Hdd"
        ],
        "BootSourceOverrideMode": "UEFI",
        "UefiTargetBootSourceOverride": "/0x31/0x33/0x01/0x01"
    },
    "Links": {
        "ResourceBlocks": [
            {
                "@odata.id": "/redfish/v1/CompositionService/ResourceBlocks/BladeComputeBlock6"
            },
            {
                "@odata.id": "/redfish/v1/CompositionService/ResourceBlocks/BladeStorageBlock8"
            }
        ],
        "ManagedBy": [
            {
                "@odata.id": "/redfish/v1/Managers/EncMgr1"
            },
            {
                "@odata.id": "/redfish/v1/Managers/EncMgr2"
            }
        ]
    },
    "Actions": {
        "#ComputerSystem.Reset": {
            "target": "/redfish/v1/Systems/ComposedPartition3/Actions/ComputerSystem.Reset",
            "ResetType@Redfish.AllowableValues": [
                "On",
                "ForceOff",
                "GracefulShutdown",
                "GracefulRestart",
                "ForceRestart",
                "Nmi",
                "ForceOn",
                "PushPowerButton"
            ]
        }
    },
    "@odata.context": "/redfish/v1/$metadata#ComputerSystem.ComputerSystem",
    "@odata.id": "/redfish/v1/Systems/ComposedPartition3",
    "@Redfish.Copyright": "Copyright 2014-2017 Distributed Management Task Force, Inc. (DMTF). For the full DMTF copyright policy, see http://www.dmtf.org/about/policies/copyright."
}
