{
    "@odata.type": "#ComputerSystemCollection.ComputerSystemCollection",
    "Name": "MultiBladePartitioned System Collection (Physical Partitions)",
    "Description": "Total 8 Blades in MultiBlade Enclosure - ComposedPartitions with 1, 3 and 2 Blades in each",
    "Members@odata.count": 3,
    "Members": [
        {
            "@odata.id": "/redfish/v1/Systems/ComposedPartition1"
        },
        {
            "@odata.id": "/redfish/v1/Systems/ComposedPartition2"
        },
        {
            "@odata.id": "/redfish/v1/Systems/ComposedPartition3"
        }
    ],
    "@Redfish.CollectionCapabilities": {
        "@odata.type": "#CollectionCapabilities.v1_0_0.CollectionCapabilities",
        "Capabilities": [
            {
                "CapabilitiesObject": {
                    "@odata.id": "/redfish/v1/Systems/Capabilities"
                },
                "UseCase": "ComputerSystemComposition",
                "Links": {
                    "TargetCollection": {
                        "@odata.id": "/redfish/v1/Systems"
                    },
                    "RelatedItem": [
                        {
                            "@odata.id": "/redfish/v1/CompositionService/ResourceZones/EncZone1"
                        }
                    ]
                }
            }
        ]
    },
    "@odata.context": "/redfish/v1/$metadata#ComputerSystemCollection.ComputerSystemCollection",
    "@odata.id": "/redfish/v1/Systems",
    "@Redfish.Copyright": "Copyright 2014-2017 Distributed Management Task Force, Inc. (DMTF). For the full DMTF copyright policy, see http://www.dmtf.org/about/policies/copyright."
}
