{
    "@odata.type": "#LogEntryCollection.LogEntryCollection",
    "Name": "Log Service Collection",
    "Description": "Collection of Logs for this System",
    "Members@odata.count": 1,
    "Members": [
        {
            "@odata.id": "/redfish/v1/Managers/Switch2/LogServices/Log/Entries/1",
            "@odata.type": "#LogEntry.v1_0_2.LogEntry",
            "Id": "1",
            "Name": "Log Entry 1",
            "EntryType": "SEL",
            "OEMRecordFormat": "Contoso",
            "Severity": "OK",
            "Created": "2012-03-07T14:44",
            "EntryCode": "Informational",
            "SensorType": "System Event",
            "SensorNumber": 1,
            "Message": "Log Cleared",
            "MessageId": "Event.1.0.LogClear",
            "MessageArgs": [
            ],
            "Links": {
                "Oem": {}
            },
            "Oem": {}
        }
    ],
    "@odata.context": "/redfish/v1/$metadata#LogEntryCollection.LogEntryCollection",
    "@odata.id": "/redfish/v1/Managers/Switch2/LogServices/Log/Entries",
    "@Redfish.Copyright": "Copyright 2014-2016 Distributed Management Task Force, Inc. (DMTF). For the full DMTF copyright policy, see http://www.dmtf.org/about/policies/copyright."
}
