{
    "@odata.type": "#EthernetInterface.v1_3_0.EthernetInterface",
    "Id": "3",
    "Name": "network.3",
    "Description": "PartitionedServer NIC",
    "Status": {
        "State": "Enabled",
        "Health": "OK"
    },
    "MACAddress": "AA:BB:CC:DD:EE:FF",
    "SpeedMbps": 1000,
    "FullDuplex": true,
    "IPv6DefaultGateway": "fe80::3ed9:2bff:fe34:600",
    "NameServers": [
        "names.redfishspecification.org"
    ],
    "IPv4Addresses": [
        {
            "Address": null,
            "SubnetMask": null,
            "AddressOrigin": "DHCP",
            "Gateway": null
        }
    ],
    "Links": {
        "Chassis": {
            "@odata.id": "/redfish/v1/Chassis/Blade3"
        }
    },
    "@odata.context": "/redfish/v1/$metadata#EthernetInterface.EthernetInterface",
    "@odata.id": "/redfish/v1/CompositionService/ResourceBlocks/BladeComputeBlock3/RBSystem/EthernetInterfaces/1",
    "@Redfish.Copyright": "Copyright 2014-2017 Distributed Management Task Force, Inc. (DMTF). For the full DMTF copyright policy, see http://www.dmtf.org/about/policies/copyright."
}
