{
    "@odata.type": "#ManagerAccountCollection.ManagerAccountCollection",
    "Name": "Accounts Collection",
    "Members@odata.count": 1,
    "Members": [
        {
            "@odata.id": "/redfish/v1/AccountService/Accounts/1"
        }
    ],
    "@odata.context": "/redfish/v1/$metadata#AccountService/Accounts/$entity",
    "@odata.id": "/redfish/v1/AccountService/Accounts",
    "@Redfish.Copyright": "Copyright 2014-2016 Distributed Management Task Force, Inc. (DMTF). For the full DMTF copyright policy, see http://www.dmtf.org/about/policies/copyright."
}
