{
    "@odata.type": "#LogServiceCollection.LogServiceCollection",
    "Name": "Log Service Collection",
    "Description": "Collection of Logs for this System",
    "Members@odata.count": 1,
    "Members": [
        {
            "@odata.id": "/redfish/v1/Systems/1/LogServices/SEL"
        }
    ],
    "Oem": {},
    "@odata.context": "/redfish/v1/$metadata#LogServiceCollection.LogServiceCollection",
    "@odata.id": "/redfish/v1/Systems/1/LogServices",
    "@Redfish.Copyright": "Copyright 2014-2017 Distributed Management Task Force, Inc. (DMTF). For the full DMTF copyright policy, see http://www.dmtf.org/about/policies/copyright."
}
