{
    "$schema": "http://redfish.dmtf.org/schemas/v1/redfish-schema.v1_2_0.json",
    "title": "#ComputerSystem.ComputerSystem",
    "$ref": "#/definitions/ComputerSystem",
    "definitions": {
        "ComputerSystem": {
            "anyOf": [
                {
                    "$ref": "http://redfish.dmtf.org/schemas/v1/odata.4.0.0.json#/definitions/idRef"
                },
                {
                    "$ref": "http://redfish.dmtf.org/schemas/v1/ComputerSystem.v1_0_0.json#/definitions/ComputerSystem"
                },
                {
                    "$ref": "http://redfish.dmtf.org/schemas/v1/ComputerSystem.v1_0_1.json#/definitions/ComputerSystem"
                },
                {
                    "$ref": "http://redfish.dmtf.org/schemas/v1/ComputerSystem.v1_0_2.json#/definitions/ComputerSystem"
                },
                {
                    "$ref": "http://redfish.dmtf.org/schemas/v1/ComputerSystem.v1_0_3.json#/definitions/ComputerSystem"
                },
                {
                    "$ref": "http://redfish.dmtf.org/schemas/v1/ComputerSystem.v1_0_4.json#/definitions/ComputerSystem"
                },
                {
                    "$ref": "http://redfish.dmtf.org/schemas/v1/ComputerSystem.v1_0_5.json#/definitions/ComputerSystem"
                },
                {
                    "$ref": "http://redfish.dmtf.org/schemas/v1/ComputerSystem.v1_1_0.json#/definitions/ComputerSystem"
                },
                {
                    "$ref": "http://redfish.dmtf.org/schemas/v1/ComputerSystem.v1_1_1.json#/definitions/ComputerSystem"
                },
                {
                    "$ref": "http://redfish.dmtf.org/schemas/v1/ComputerSystem.v1_1_2.json#/definitions/ComputerSystem"
                },
                {
                    "$ref": "http://redfish.dmtf.org/schemas/v1/ComputerSystem.v1_1_3.json#/definitions/ComputerSystem"
                },
                {
                    "$ref": "http://redfish.dmtf.org/schemas/v1/ComputerSystem.v1_2_0.json#/definitions/ComputerSystem"
                },
                {
                    "$ref": "http://redfish.dmtf.org/schemas/v1/ComputerSystem.v1_2_1.json#/definitions/ComputerSystem"
                },
                {
                    "$ref": "http://redfish.dmtf.org/schemas/v1/ComputerSystem.v1_2_2.json#/definitions/ComputerSystem"
                },
                {
                    "$ref": "http://redfish.dmtf.org/schemas/v1/ComputerSystem.v1_3_0.json#/definitions/ComputerSystem"
                },
                {
                    "$ref": "http://redfish.dmtf.org/schemas/v1/ComputerSystem.v1_3_1.json#/definitions/ComputerSystem"
                },
                {
                    "$ref": "http://redfish.dmtf.org/schemas/v1/ComputerSystem.v1_4_0.json#/definitions/ComputerSystem"
                }
            ]
        }
    },
    "copyright": "Copyright 2014-2017 Distributed Management Task Force, Inc. (DMTF). For the full DMTF copyright policy, see http://www.dmtf.org/about/policies/copyright"
}
