{
    "$schema": "http://redfish.dmtf.org/schemas/v1/redfish-schema.v1_2_0.json",
    "title": "#EthernetInterface.v1_2_1.EthernetInterface",
    "$ref": "#/definitions/EthernetInterface",
    "definitions": {
        "IPv6AddressPolicyEntry": {
            "type": "object",
            "patternProperties": {
                "^([a-zA-Z_][a-zA-Z0-9_]*)?@(odata|Redfish|Message|Privileges)\\.[a-zA-Z_][a-zA-Z0-9_.]+$": {
                    "type": [
                        "array",
                        "boolean",
                        "number",
                        "null",
                        "object",
                        "string"
                    ],
                    "description": "This property shall specify a valid odata or Redfish property."
                }
            },
            "additionalProperties": false,
            "properties": {
                "Prefix": {
                    "type": [
                        "string",
                        "null"
                    ],
                    "readonly": false,
                    "description": "The IPv6 Address Prefix (as defined in RFC 6724 section 2.1).",
                    "longDescription": "This property shall contain the IPv6 Address Prefix for this table entry as defined in RFC 6724 section 2.1."
                },
                "Precedence": {
                    "type": [
                        "number",
                        "null"
                    ],
                    "minimum": 1,
                    "maximum": 100,
                    "readonly": false,
                    "description": "The IPv6 Precedence (as defined in RFC 6724 section 2.1.",
                    "longDescription": "This property shall contain the IPv6 Precedence value for this table entry as defined in RFC 6724 section 2.1."
                },
                "Label": {
                    "type": [
                        "number",
                        "null"
                    ],
                    "minimum": 0,
                    "maximum": 100,
                    "readonly": false,
                    "description": "The IPv6 Label (as defined in RFC 6724 section 2.1).",
                    "longDescription": "This property shall contain the IPv6 Label value for this table entry as defined in RFC 6724 section 2.1."
                }
            },
            "description": "A entry in the RFC 6724 Address Selection Policy Table.",
            "longDescription": "This type shall describe and entry in the Address Selection Policy Table as defined in RFC 6724."
        },
        "MACAddress": {
            "type": "string",
            "pattern": "^([0-9A-Fa-f]{2}[:-]){5}([0-9A-Fa-f]{2})$"
        },
        "LinkStatus": {
            "type": "string",
            "enum": [
                "LinkUp",
                "NoLink",
                "LinkDown"
            ],
            "enumDescriptions": {
                "LinkUp": "The link is available for communication on this interface.",
                "NoLink": "There is no link or connection detected on this interface.",
                "LinkDown": "There is no link on this interface, but the interface is connected."
            }
        },
        "EthernetInterface": {
            "type": "object",
            "patternProperties": {
                "^([a-zA-Z_][a-zA-Z0-9_]*)?@(odata|Redfish|Message|Privileges)\\.[a-zA-Z_][a-zA-Z0-9_.]+$": {
                    "type": [
                        "array",
                        "boolean",
                        "number",
                        "null",
                        "object",
                        "string"
                    ],
                    "description": "This property shall specify a valid odata or Redfish property."
                }
            },
            "additionalProperties": false,
            "properties": {
                "@odata.context": {
                    "$ref": "http://redfish.dmtf.org/schemas/v1/odata.4.0.0.json#/definitions/context"
                },
                "@odata.id": {
                    "$ref": "http://redfish.dmtf.org/schemas/v1/odata.4.0.0.json#/definitions/id"
                },
                "@odata.type": {
                    "$ref": "http://redfish.dmtf.org/schemas/v1/odata.4.0.0.json#/definitions/type"
                },
                "Oem": {
                    "$ref": "http://redfish.dmtf.org/schemas/v1/Resource.json#/definitions/Oem",
                    "description": "This is the manufacturer/provider specific extension moniker used to divide the Oem object into sections.",
                    "longDescription": "The value of this string shall be of the format for the reserved word *Oem*."
                },
                "Id": {
                    "$ref": "http://redfish.dmtf.org/schemas/v1/Resource.json#/definitions/Id",
                    "readonly": true
                },
                "Description": {
                    "anyOf": [
                        {"$ref": "http://redfish.dmtf.org/schemas/v1/Resource.json#/definitions/Description"},
                        {"type": "null"}
                    ],
                    "readonly": true
                },
                "Name": {
                    "$ref": "http://redfish.dmtf.org/schemas/v1/Resource.json#/definitions/Name",
                    "readonly": true
                },
                "UefiDevicePath": {
                    "type": [
                        "string",
                        "null"
                    ],
                    "readonly": true,
                    "description": "The UEFI device path for this interface.",
                    "longDescription": "The value of this property shall be the UEFI device path to the device which implements this interface (port)."
                },
                "Status": {
                    "anyOf": [
                        {"$ref": "http://redfish.dmtf.org/schemas/v1/Resource.json#/definitions/Status"},
                        {"type": "null"}
                    ]
                },
                "InterfaceEnabled": {
                    "type": [
                        "boolean",
                        "null"
                    ],
                    "readonly": false,
                    "description": "This indicates whether this interface is enabled.",
                    "longDescription": "The value of this property shall be a boolean indicating whether this interface is enabled."
                },
                "PermanentMACAddress": {
                    "anyOf": [
                        {"$ref": "#/definitions/MACAddress"},
                        {"type": "null"}
                    ],
                    "readonly": true,
                    "description": "This is the permanent MAC address assigned to this interface (port).",
                    "longDescription": "The value of this property shall be the Permanent MAC Address of this interface (port). This value is typically programmed during the manufacturing time. This address is not assignable."
                },
                "MACAddress": {
                    "anyOf": [
                        {"$ref": "#/definitions/MACAddress"},
                        {"type": "null"}
                    ],
                    "readonly": false,
                    "description": "This is the currently configured MAC address of the (logical port) interface.",
                    "longDescription": "The value of this property shall be the effective current MAC Address of this interface. If an assignable MAC address is not supported, this is a read only alias of the PermanentMACAddress."
                },
                "SpeedMbps": {
                    "type": [
                        "number",
                        "null"
                    ],
                    "units": "Mbit/s",
                    "readonly": false,
                    "description": "This is the current speed in Mbps of this interface.",
                    "longDescription": "The value of this property shall be the link speed of the interface in Mbps."
                },
                "AutoNeg": {
                    "type": [
                        "boolean",
                        "null"
                    ],
                    "readonly": false,
                    "description": "This indicates if the speed and duplex are automatically negotiated and configured on this interface.",
                    "longDescription": "The value of this property shall be true if auto negotiation of speed and duplex is enabled on this interface and false if it is disabled."
                },
                "FullDuplex": {
                    "type": [
                        "boolean",
                        "null"
                    ],
                    "readonly": false,
                    "description": "This indicates if the interface is in Full Duplex mode or not.",
                    "longDescription": "The value of this property shall represent the duplex status of the Ethernet connection on this interface."
                },
                "MTUSize": {
                    "type": [
                        "number",
                        "null"
                    ],
                    "readonly": false,
                    "description": "This is the currently configured Maximum Transmission Unit (MTU) in bytes on this interface.",
                    "longDescription": "The value of this property shall be the size in bytes of largest Protocol Data Unit (PDU) that can be passed in an Ethernet (MAC) frame on this interface."
                },
                "HostName": {
                    "type": [
                        "string",
                        "null"
                    ],
                    "readonly": false,
                    "description": "The DNS Host Name, without any domain information.",
                    "longDescription": "The value of this property shall be host name for this interface."
                },
                "FQDN": {
                    "type": [
                        "string",
                        "null"
                    ],
                    "readonly": false,
                    "description": "This is the complete, fully qualified domain name obtained by DNS for this interface.",
                    "longDescription": "The value of this property shall be the fully qualified domain name for this interface."
                },
                "MaxIPv6StaticAddresses": {
                    "type": [
                        "number",
                        "null"
                    ],
                    "readonly": true,
                    "description": "This indicates the maximum number of Static IPv6 addresses that can be configured on this interface.",
                    "longDescription": "The value of this property shall indicate the number of array items supported by IPv6StaticAddresses."
                },
                "VLAN": {
                    "anyOf": [
                        {"$ref": "http://redfish.dmtf.org/schemas/v1/VLanNetworkInterface.v1_0_0.json#/definitions/VLAN"},
                        {"type": "null"}
                    ],
                    "description": "If this Network Interface supports more than one VLAN, this property will not be present and the client should look for VLANs collection in the link section of this resource.",
                    "longDescription": "The value of this property shall be the VLAN for this interface.  If this interface supports more than one VLAN, the VLAN property shall not be present and the VLANS collection link shall be present instead."
                },
                "IPv4Addresses": {
                    "type": "array",
                    "items": {
                        "$ref": "http://redfish.dmtf.org/schemas/v1/IPAddresses.v1_0_0.json#/definitions/IPv4Address"
                    },
                    "description": "The IPv4 addresses assigned to this interface.",
                    "longDescription": "The value of this property shall be an array of objects used to represent the IPv4 connection characteristics for this interface."
                },
                "IPv6AddressPolicyTable": {
                    "type": "array",
                    "items": {
                        "$ref": "#/definitions/IPv6AddressPolicyEntry"
                    },
                    "description": "An array representing the RFC 6724 Address Selection Policy Table.",
                    "longDescription": "The value of this property shall be an array of objects used to represent the Address Selection Policy Table as defined in RFC 6724."
                },
                "IPv6Addresses": {
                    "type": "array",
                    "items": {
                        "$ref": "http://redfish.dmtf.org/schemas/v1/IPAddresses.v1_0_0.json#/definitions/IPv6Address"
                    },
                    "description": "This array of objects enumerates all of the currently assigned IPv6 addresses on this interface.",
                    "longDescription": "The value of this property shall be an array of objects used to represent the IPv6 connection characteristics for this interface."
                },
                "IPv6StaticAddresses": {
                    "type": "array",
                    "items": {
                        "$ref": "http://redfish.dmtf.org/schemas/v1/IPAddresses.v1_0_0.json#/definitions/IPv6StaticAddress"
                    },
                    "description": "This array of objects represents all of the IPv6 static addresses to be assigned on this interface.",
                    "longDescription": "The value of this property shall be an array of objects used to represent the IPv6 static connection characteristics for this interface."
                },
                "IPv6DefaultGateway": {
                    "type": [
                        "string",
                        "null"
                    ],
                    "readonly": true,
                    "description": "This is the IPv6 default gateway address that is currently in use on this interface.",
                    "longDescription": "The value of this property shall be the current IPv6 default gateway address that is in use on this interface."
                },
                "NameServers": {
                    "type": "array",
                    "items": {
                        "type": "string"
                    },
                    "readonly": true,
                    "description": "This represents DNS name servers that are currently in use on this interface.",
                    "longDescription": "The value of this property shall be the DNS name servers used on this interface."
                },
                "VLANs": {
                    "$ref": "http://redfish.dmtf.org/schemas/v1/VLanNetworkInterfaceCollection.json#/definitions/VLanNetworkInterfaceCollection",
                    "readonly": true,
                    "description": "This is a reference to a collection of VLANs and is only used if the interface supports more than one VLANs.",
                    "longDescription": "The value of this property shall reference a collection of VLAN resources. If this property is used, the VLANEnabled and VLANId property shall not be used."
                },
                "LinkStatus": {
                    "anyOf": [
                        {"$ref": "#/definitions/LinkStatus"},
                        {"type": "null"}
                    ],
                    "readonly": true,
                    "description": "The link status of this interface (port).",
                    "longDescription": "The value of this property shall be the link status of this interface (port)."
                },
                "Links": {
                    "type": "object",
                    "patternProperties": {
                        "^([a-zA-Z_][a-zA-Z0-9_]*)?@(odata|Redfish|Message|Privileges)\\.[a-zA-Z_][a-zA-Z0-9_.]+$": {
                            "type": [
                                "array",
                                "boolean",
                                "number",
                                "null",
                                "object",
                                "string"
                            ],
                            "description": "This property shall specify a valid odata or Redfish property."
                        }
                    },
                    "additionalProperties": false,
                    "properties": {
                        "Oem": {
                            "$ref": "http://redfish.dmtf.org/schemas/v1/Resource.json#/definitions/Oem",
                            "description": "Oem extension object.",
                            "longDescription": "This object represents the Oem property.  All values for resources described by this schema shall comply to the requirements as described in the Redfish specification."
                        },
                        "Endpoints@odata.count": {
                            "$ref": "http://redfish.dmtf.org/schemas/v1/odata.4.0.0.json#/definitions/count"
                        },
                        "Endpoints@odata.navigationLink": {
                            "type": "string",
                            "format": "uri"
                        },
                        "Endpoints": {
                            "type": "array",
                            "items": {
                                "$ref": "http://redfish.dmtf.org/schemas/v1/Endpoint.json#/definitions/Endpoint"
                            },
                            "readonly": true,
                            "description": "An array of references to the endpoints that connect to this ethernet interface.",
                            "longDescription": "The value of this property shall be a reference to the resources that this ethernet interface is associated with and shall reference a resource of type Endpoint."
                        },
                        "HostInterface": {
                            "$ref": "http://redfish.dmtf.org/schemas/v1/HostInterface.json#/definitions/HostInterface",
                            "readonly": true,
                            "description": "This is a reference to a Host Interface that is associated with this Ethernet Interface.",
                            "longDescription": "The value of this property shall be a reference to a resource of type HostInterface which represents the interface used by a host to communicate with a Manager."
                        }
                    },
                    "description": "Contains references to other resources that are related to this resource.",
                    "longDescription": "The Links property, as described by the Redfish Specification, shall contain references to resources that are related to, but not contained by (subordinate to), this resource."
                }
            },
            "required": [
                "Id",
                "Name"
            ],
            "description": "This schema defines a simple ethernet NIC resource.",
            "longDescription": "This resource shall be used to represent NIC resources as part of the Redfish specification."
        }
    },
    "copyright": "Copyright 2014-2017 Distributed Management Task Force, Inc. (DMTF). For the full DMTF copyright policy, see http://www.dmtf.org/about/policies/copyright"
}
