{
    "$schema": "http://redfish.dmtf.org/schemas/v1/redfish-schema.v1_2_0.json",
    "title": "#PCIeFunction.PCIeFunction",
    "$ref": "#/definitions/PCIeFunction",
    "definitions": {
        "PCIeFunction": {
            "anyOf": [
                {
                    "$ref": "http://redfish.dmtf.org/schemas/v1/odata.4.0.0.json#/definitions/idRef"
                },
                {
                    "$ref": "http://redfish.dmtf.org/schemas/v1/PCIeFunction.v1_0_0.json#/definitions/PCIeFunction"
                },
                {
                    "$ref": "http://redfish.dmtf.org/schemas/v1/PCIeFunction.v1_0_1.json#/definitions/PCIeFunction"
                },
                {
                    "$ref": "http://redfish.dmtf.org/schemas/v1/PCIeFunction.v1_0_2.json#/definitions/PCIeFunction"
                },
                {
                    "$ref": "http://redfish.dmtf.org/schemas/v1/PCIeFunction.v1_1_0.json#/definitions/PCIeFunction"
                }
            ]
        }
    },
    "copyright": "Copyright 2014-2017 Distributed Management Task Force, Inc. (DMTF). For the full DMTF copyright policy, see http://www.dmtf.org/about/policies/copyright"
}
