{
    "$schema": "http://redfish.dmtf.org/schemas/v1/redfish-schema.v1_2_0.json",
    "title": "#PrivilegeRegistry.PrivilegeRegistry",
    "$ref": "#/definitions/PrivilegeRegistry",
    "definitions": {
        "PrivilegeRegistry": {
            "anyOf": [
                {
                    "$ref": "http://redfish.dmtf.org/schemas/v1/odata.4.0.0.json#/definitions/idRef"
                },
                {
                    "$ref": "http://redfish.dmtf.org/schemas/v1/PrivilegeRegistry.v1_0_0.json#/definitions/PrivilegeRegistry"
                },
                {
                    "$ref": "http://redfish.dmtf.org/schemas/v1/PrivilegeRegistry.v1_0_1.json#/definitions/PrivilegeRegistry"
                },
                {
                    "$ref": "http://redfish.dmtf.org/schemas/v1/PrivilegeRegistry.v1_1_0.json#/definitions/PrivilegeRegistry"
                }
            ]
        }
    },
    "copyright": "Copyright 2014-2017 Distributed Management Task Force, Inc. (DMTF). For the full DMTF copyright policy, see http://www.dmtf.org/about/policies/copyright"
}
