{
    "$schema": "http://redfish.dmtf.org/schemas/v1/redfish-schema.v1_2_0.json",
    "title": "#RedfishExtensions.v1_0_0",
    "definitions": {
        "EnumerationMember": {
            "type": "object",
            "patternProperties": {
                "^([a-zA-Z_][a-zA-Z0-9_]*)?@(odata|Redfish|Message|Privileges)\\.[a-zA-Z_][a-zA-Z0-9_.]+$": {
                    "type": [
                        "array",
                        "boolean",
                        "number",
                        "null",
                        "object",
                        "string"
                    ],
                    "description": "This property shall specify a valid odata or Redfish property."
                }
            },
            "additionalProperties": true,
            "properties": {
                "Member": {
                    "type": [
                        "string",
                        "null"
                    ],
                    "description": "An allowable string member."
                }
            },
            "description": "This type describes a member of an enumeration used for compatability purposes for enumerations which do not comply with OData rules.",
            "longDescription": "This type shall describe a member of an enumeration which contains spaces, starts with a number, or otherwise does not comply with OData EnumMember naming rules."
        },
        "PropertyPattern": {
            "type": "object",
            "patternProperties": {
                "^([a-zA-Z_][a-zA-Z0-9_]*)?@(odata|Redfish|Message|Privileges)\\.[a-zA-Z_][a-zA-Z0-9_.]+$": {
                    "type": [
                        "array",
                        "boolean",
                        "number",
                        "null",
                        "object",
                        "string"
                    ],
                    "description": "This property shall specify a valid odata or Redfish property."
                }
            },
            "additionalProperties": true,
            "properties": {
                "Pattern": {
                    "type": [
                        "string",
                        "null"
                    ],
                    "description": "The pattern that the property name shall match."
                },
                "Type": {
                    "type": [
                        "string",
                        "null"
                    ],
                    "description": "The type that the name shall have."
                }
            },
            "description": "The pattern by which property names must adhere.",
            "longDescription": "This type shall describe the pattern to which a dynamic property name must adhere."
        },
        "ReleaseStatusType": {
            "type": "string",
            "enum": [
                "Standard",
                "Informational",
                "WorkInProgress",
                "InDevelopment"
            ],
            "enumDescriptions": {
                "Standard": "Released as normative standard or specification.",
                "Informational": "Released as an informational, non-normative document.",
                "WorkInProgress": "Released as Work In Progress, subject to change perhaps profoundly and without notice.",
                "InDevelopment": "Un-released work product currently under development or review."
            }
        }
    },
    "copyright": "Copyright 2014-2017 Distributed Management Task Force, Inc. (DMTF). For the full DMTF copyright policy, see http://www.dmtf.org/about/policies/copyright"
}
