{
    "$schema": "http://redfish.dmtf.org/schemas/v1/redfish-schema.v1_2_0.json",
    "title": "#ResourceBlock.v1_0_0.ResourceBlock",
    "$ref": "#/definitions/ResourceBlock",
    "definitions": {
        "CompositionState": {
            "type": "string",
            "enum": [
                "Composing",
                "Composed",
                "Unused",
                "Failed"
            ],
            "enumDescriptions": {
                "Composing": "Intermediate state indicating composition is in progress.",
                "Composed": "Final successful state of a Resource Block which has participated in composition.",
                "Unused": "Indicates the Resource Block is free and can participate in composition.",
                "Failed": "The final composition resulted in failure and manual intervention is required to fix it."
            }
        },
        "CompositionStatus": {
            "type": "object",
            "patternProperties": {
                "^([a-zA-Z_][a-zA-Z0-9_]*)?@(odata|Redfish|Message|Privileges)\\.[a-zA-Z_][a-zA-Z0-9_.]+$": {
                    "type": [
                        "array",
                        "boolean",
                        "number",
                        "null",
                        "object",
                        "string"
                    ],
                    "description": "This property shall specify a valid odata or Redfish property."
                }
            },
            "additionalProperties": true,
            "properties": {
                "Reserved": {
                    "type": [
                        "boolean",
                        "null"
                    ],
                    "readonly": false,
                    "description": "This represents if the Resource Block is reserved by any client.",
                    "longDescription": "This property shall be a boolean that is set by client once the Resource Block is identified to be composed.  It shall provide multiple clients a way to negotiate its ownership.  This will help clients to know if a Resource Block is reserved by other client."
                },
                "CompositionState": {
                    "anyOf": [
                        {"$ref": "#/definitions/CompositionState"},
                        {"type": "null"}
                    ],
                    "readonly": true,
                    "description": "This property represents the current state of the Resource Block from a composition perspective.",
                    "longDescription": "The value of this property shall be an enumerated value describing composition state of the Resource Block."
                }
            },
            "required": [
                "CompositionState"
            ],
            "description": "Composition status of the Resource Block.",
            "longDescription": "This type shall contain properties that describe the high level composition status of the Resource Block."
        },
        "ResourceBlock": {
            "type": "object",
            "patternProperties": {
                "^([a-zA-Z_][a-zA-Z0-9_]*)?@(odata|Redfish|Message|Privileges)\\.[a-zA-Z_][a-zA-Z0-9_.]+$": {
                    "type": [
                        "array",
                        "boolean",
                        "number",
                        "null",
                        "object",
                        "string"
                    ],
                    "description": "This property shall specify a valid odata or Redfish property."
                }
            },
            "additionalProperties": false,
            "properties": {
                "@odata.context": {
                    "$ref": "http://redfish.dmtf.org/schemas/v1/odata.4.0.0.json#/definitions/context"
                },
                "@odata.id": {
                    "$ref": "http://redfish.dmtf.org/schemas/v1/odata.4.0.0.json#/definitions/id"
                },
                "@odata.type": {
                    "$ref": "http://redfish.dmtf.org/schemas/v1/odata.4.0.0.json#/definitions/type"
                },
                "Oem": {
                    "$ref": "http://redfish.dmtf.org/schemas/v1/Resource.json#/definitions/Oem",
                    "description": "This is the manufacturer/provider specific extension moniker used to divide the Oem object into sections.",
                    "longDescription": "The value of this string shall be of the format for the reserved word *Oem*."
                },
                "Id": {
                    "$ref": "http://redfish.dmtf.org/schemas/v1/Resource.json#/definitions/Id",
                    "readonly": true
                },
                "Description": {
                    "anyOf": [
                        {"$ref": "http://redfish.dmtf.org/schemas/v1/Resource.json#/definitions/Description"},
                        {"type": "null"}
                    ],
                    "readonly": true
                },
                "Name": {
                    "$ref": "http://redfish.dmtf.org/schemas/v1/Resource.json#/definitions/Name",
                    "readonly": true
                },
                "Status": {
                    "$ref": "http://redfish.dmtf.org/schemas/v1/Resource.json#/definitions/Status"
                },
                "CompositionStatus": {
                    "$ref": "#/definitions/CompositionStatus",
                    "description": "This property describes the composition status details for this Resource Block.",
                    "longDescription": "The value of this property shall contain composition status information about this Resource Block."
                },
                "ResourceBlockType": {
                    "type": "array",
                    "items": {
                        "$ref": "#/definitions/ResourceBlockType"
                    },
                    "readonly": true,
                    "description": "This property represents the types of resources available on this Resource Block.",
                    "longDescription": "The value of this property shall be an array of enumerated values describing type of resources available."
                },
                "Links": {
                    "type": "object",
                    "patternProperties": {
                        "^([a-zA-Z_][a-zA-Z0-9_]*)?@(odata|Redfish|Message|Privileges)\\.[a-zA-Z_][a-zA-Z0-9_.]+$": {
                            "type": [
                                "array",
                                "boolean",
                                "number",
                                "null",
                                "object",
                                "string"
                            ],
                            "description": "This property shall specify a valid odata or Redfish property."
                        }
                    },
                    "additionalProperties": false,
                    "properties": {
                        "Oem": {
                            "$ref": "http://redfish.dmtf.org/schemas/v1/Resource.json#/definitions/Oem",
                            "description": "Oem extension object.",
                            "longDescription": "This object represents the Oem property.  All values for resources described by this schema shall comply to the requirements as described in the Redfish specification."
                        },
                        "ComputerSystems@odata.count": {
                            "$ref": "http://redfish.dmtf.org/schemas/v1/odata.4.0.0.json#/definitions/count"
                        },
                        "ComputerSystems@odata.navigationLink": {
                            "type": "string",
                            "format": "uri"
                        },
                        "ComputerSystems": {
                            "type": "array",
                            "items": {
                                "$ref": "http://redfish.dmtf.org/schemas/v1/ComputerSystem.json#/definitions/ComputerSystem"
                            },
                            "readonly": true,
                            "description": "An array of references to the Computer Systems that are composed from this Resource Block.",
                            "longDescription": "The value of this property shall be an array of references of type ComputerSystem that represent the Computer Systems composed from this Resource Block."
                        },
                        "Chassis@odata.count": {
                            "$ref": "http://redfish.dmtf.org/schemas/v1/odata.4.0.0.json#/definitions/count"
                        },
                        "Chassis@odata.navigationLink": {
                            "type": "string",
                            "format": "uri"
                        },
                        "Chassis": {
                            "type": "array",
                            "items": {
                                "$ref": "http://redfish.dmtf.org/schemas/v1/Chassis.json#/definitions/Chassis"
                            },
                            "readonly": true,
                            "description": "An array of references to the Chassis in which this Resource Block is contained.",
                            "longDescription": "The value of this property shall be an array of references of type Chassis that represent the physical container associated with this Resource Block."
                        },
                        "Zones@odata.count": {
                            "$ref": "http://redfish.dmtf.org/schemas/v1/odata.4.0.0.json#/definitions/count"
                        },
                        "Zones@odata.navigationLink": {
                            "type": "string",
                            "format": "uri"
                        },
                        "Zones": {
                            "type": "array",
                            "items": {
                                "$ref": "http://redfish.dmtf.org/schemas/v1/Zone.json#/definitions/Zone"
                            },
                            "readonly": true,
                            "description": "An array of references to the Zones in which this Resource Block is bound.",
                            "longDescription": "The value of this property shall be an array of references of type Zone that represent the binding constraints associated with this Resource Block."
                        }
                    },
                    "description": "Contains references to other resources that are related to this resource.",
                    "longDescription": "The Links property, as described by the Redfish Specification, shall contain references to resources that are related to, but not contained by (subordinate to), this resource."
                },
                "Actions": {
                    "type": "object",
                    "patternProperties": {
                        "^([a-zA-Z_][a-zA-Z0-9_]*)?@(odata|Redfish|Message|Privileges)\\.[a-zA-Z_][a-zA-Z0-9_.]+$": {
                            "type": [
                                "array",
                                "boolean",
                                "number",
                                "null",
                                "object",
                                "string"
                            ],
                            "description": "This property shall specify a valid odata or Redfish property."
                        }
                    },
                    "additionalProperties": false,
                    "properties": {
                        "Oem": {
                            "type": "object",
                            "patternProperties": {
                                "^([a-zA-Z_][a-zA-Z0-9_]*)?@(odata|Redfish|Message|Privileges)\\.[a-zA-Z_][a-zA-Z0-9_.]+$": {
                                    "type": [
                                        "array",
                                        "boolean",
                                        "number",
                                        "null",
                                        "object",
                                        "string"
                                    ],
                                    "description": "This property shall specify a valid odata or Redfish property."
                                }
                            },
                            "additionalProperties": true,
                            "properties": {},
                            "description": "The available OEM specific actions for this resource.",
                            "longDescription": "This type shall contain any additional OEM actions for this resource."
                        }
                    },
                    "description": "The available actions for this resource.",
                    "longDescription": "The Actions property shall contain the available actions for this resource."
                },
                "Processors@odata.count": {
                    "$ref": "http://redfish.dmtf.org/schemas/v1/odata.4.0.0.json#/definitions/count"
                },
                "Processors@odata.navigationLink": {
                    "type": "string",
                    "format": "uri"
                },
                "Processors": {
                    "type": "array",
                    "items": {
                        "$ref": "http://redfish.dmtf.org/schemas/v1/Processor.json#/definitions/Processor"
                    },
                    "readonly": true,
                    "description": "An array of references to the Processors available in this Resource Block.",
                    "longDescription": "The value of this property shall be an array of references of type Processor that are in this Resource Block."
                },
                "Memory@odata.count": {
                    "$ref": "http://redfish.dmtf.org/schemas/v1/odata.4.0.0.json#/definitions/count"
                },
                "Memory@odata.navigationLink": {
                    "type": "string",
                    "format": "uri"
                },
                "Memory": {
                    "type": "array",
                    "items": {
                        "$ref": "http://redfish.dmtf.org/schemas/v1/Memory.json#/definitions/Memory"
                    },
                    "readonly": true,
                    "description": "An array of references to the Memory available in this Resource Block.",
                    "longDescription": "The value of this property shall be an array of references of type Memory that are in this Resource Block."
                },
                "Storage@odata.count": {
                    "$ref": "http://redfish.dmtf.org/schemas/v1/odata.4.0.0.json#/definitions/count"
                },
                "Storage@odata.navigationLink": {
                    "type": "string",
                    "format": "uri"
                },
                "Storage": {
                    "type": "array",
                    "items": {
                        "$ref": "http://redfish.dmtf.org/schemas/v1/Storage.json#/definitions/Storage"
                    },
                    "readonly": true,
                    "description": "An array of references to the Storage available in this Resource Block.",
                    "longDescription": "The value of this property shall be an array of references of type Storage that are in this Resource Block."
                },
                "SimpleStorage@odata.count": {
                    "$ref": "http://redfish.dmtf.org/schemas/v1/odata.4.0.0.json#/definitions/count"
                },
                "SimpleStorage@odata.navigationLink": {
                    "type": "string",
                    "format": "uri"
                },
                "SimpleStorage": {
                    "type": "array",
                    "items": {
                        "$ref": "http://redfish.dmtf.org/schemas/v1/SimpleStorage.json#/definitions/SimpleStorage"
                    },
                    "readonly": true,
                    "description": "An array of references to the Simple Storage available in this Resource Block.",
                    "longDescription": "The value of this property shall be an array of references of type SimpleStorage that are in this Resource Block."
                },
                "EthernetInterfaces@odata.count": {
                    "$ref": "http://redfish.dmtf.org/schemas/v1/odata.4.0.0.json#/definitions/count"
                },
                "EthernetInterfaces@odata.navigationLink": {
                    "type": "string",
                    "format": "uri"
                },
                "EthernetInterfaces": {
                    "type": "array",
                    "items": {
                        "$ref": "http://redfish.dmtf.org/schemas/v1/EthernetInterface.json#/definitions/EthernetInterface"
                    },
                    "readonly": true,
                    "description": "An array of references to the Ethernet Interfaces available in this Resource Block.",
                    "longDescription": "The value of this property shall be an array of references of type EthernetInterface that are in this Resource Block."
                },
                "NetworkInterfaces@odata.count": {
                    "$ref": "http://redfish.dmtf.org/schemas/v1/odata.4.0.0.json#/definitions/count"
                },
                "NetworkInterfaces@odata.navigationLink": {
                    "type": "string",
                    "format": "uri"
                },
                "NetworkInterfaces": {
                    "type": "array",
                    "items": {
                        "$ref": "http://redfish.dmtf.org/schemas/v1/NetworkInterface.json#/definitions/NetworkInterface"
                    },
                    "readonly": true,
                    "description": "An array of references to the Network Interfaces available in this Resource Block.",
                    "longDescription": "The value of this property shall be an array of references of type NetworkInterface that are in this Resource Block."
                },
                "ComputerSystems@odata.count": {
                    "$ref": "http://redfish.dmtf.org/schemas/v1/odata.4.0.0.json#/definitions/count"
                },
                "ComputerSystems@odata.navigationLink": {
                    "type": "string",
                    "format": "uri"
                },
                "ComputerSystems": {
                    "type": "array",
                    "items": {
                        "$ref": "http://redfish.dmtf.org/schemas/v1/ComputerSystem.json#/definitions/ComputerSystem"
                    },
                    "readonly": true,
                    "description": "An array of references to the Computer Systems available in this Resource Block.",
                    "longDescription": "The value of this property shall be an array of references of type ComputerSystem that are in this Resource Block."
                }
            },
            "required": [
                "Id",
                "Name",
                "CompositionStatus",
                "ResourceBlockType"
            ],
            "description": "This schema defines a Resource Block resource.",
            "longDescription": "This resource shall be used to represent a Resource Block for a Redfish implementation."
        },
        "ResourceBlockType": {
            "type": "string",
            "enum": [
                "Compute",
                "Processor",
                "Memory",
                "Network",
                "Storage",
                "ComputerSystem"
            ],
            "enumDescriptions": {
                "Compute": "This Resource Block contains both Processor and Memory resources in a manner that creates a compute complex.",
                "Processor": "This Resource Block contains Processor resources.",
                "Memory": "This Resource Block contains Memory resources.",
                "Network": "This Resource Block contains Network resources, such as Ethernet Interfaces.",
                "Storage": "This Resource Block contains Storage resources, such as Storage and Simple Storage.",
                "ComputerSystem": "This Resource Block contains ComputerSystem resources."
            }
        }
    },
    "copyright": "Copyright 2014-2017 Distributed Management Task Force, Inc. (DMTF). For the full DMTF copyright policy, see http://www.dmtf.org/about/policies/copyright"
}
