{
    "$schema": "http://redfish.dmtf.org/schemas/v1/redfish-schema.v1_2_0.json",
    "title": "#SecureBoot.v1_0_2.SecureBoot",
    "$ref": "#/definitions/SecureBoot",
    "definitions": {
        "ResetKeys": {
            "patternProperties": {
                "^([a-zA-Z_][a-zA-Z0-9_]*)?@(odata|Redfish|Message|Privileges)\\.[a-zA-Z_][a-zA-Z0-9_.]+$": {
                    "type": [
                        "array",
                        "boolean",
                        "number",
                        "null",
                        "object",
                        "string"
                    ],
                    "description": "This property shall specify a valid odata or Redfish property."
                }
            },
            "type": "object",
            "additionalProperties": false,
            "properties": {
                "title": {
                    "type": "string",
                    "description": "Friendly action name"
                },
                "target": {
                    "type": "string",
                    "format": "uri",
                    "description": "Link to invoke action"
                }
            },
            "description": "This action is used to reset the Secure Boot keys.",
            "longDescription": "This action shall perform a reset of the Secure Boot key databases. The ResetAllKeysToDefault value shall reset the UEFI Secure Boot key databases to their default values. The DeleteAllKeys value shall delete the content of the UEFI Secure Boot key databases. The DeletePK value shall delete the content of the PK Secure boot key."
        },
        "ResetKeysType": {
            "type": "string",
            "enum": [
                "ResetAllKeysToDefault",
                "DeleteAllKeys",
                "DeletePK"
            ],
            "enumDescriptions": {
                "ResetAllKeysToDefault": "Reset the content of all UEFI Secure Boot key databases (PK, KEK, DB, DBX) to their default values.",
                "DeleteAllKeys": "Delete the content of all UEFI Secure Boot key databases (PK, KEK, DB, DBX). This puts the system in Setup Mode.",
                "DeletePK": "Delete the content of the PK UEFI Secure Boot database. This puts the system in Setup Mode."
            }
        },
        "SecureBootCurrentBootType": {
            "type": "string",
            "enum": [
                "Enabled",
                "Disabled"
            ],
            "enumDescriptions": {
                "Enabled": "Secure Boot is currently enabled.",
                "Disabled": "Secure Boot is currently disabled."
            }
        },
        "SecureBootModeType": {
            "type": "string",
            "enum": [
                "SetupMode",
                "UserMode",
                "AuditMode",
                "DeployedMode"
            ],
            "enumDescriptions": {
                "SetupMode": "Secure Boot is currently in Setup Mode.",
                "UserMode": "Secure Boot is currently in User Mode.",
                "AuditMode": "Secure Boot is currently in Audit Mode.",
                "DeployedMode": "Secure Boot is currently in Deployed Mode."
            }
        },
        "SecureBoot": {
            "type": "object",
            "patternProperties": {
                "^([a-zA-Z_][a-zA-Z0-9_]*)?@(odata|Redfish|Message|Privileges)\\.[a-zA-Z_][a-zA-Z0-9_.]+$": {
                    "type": [
                        "array",
                        "boolean",
                        "number",
                        "null",
                        "object",
                        "string"
                    ],
                    "description": "This property shall specify a valid odata or Redfish property."
                }
            },
            "additionalProperties": false,
            "properties": {
                "@odata.context": {
                    "$ref": "http://redfish.dmtf.org/schemas/v1/odata.4.0.0.json#/definitions/context"
                },
                "@odata.id": {
                    "$ref": "http://redfish.dmtf.org/schemas/v1/odata.4.0.0.json#/definitions/id"
                },
                "@odata.type": {
                    "$ref": "http://redfish.dmtf.org/schemas/v1/odata.4.0.0.json#/definitions/type"
                },
                "Oem": {
                    "$ref": "http://redfish.dmtf.org/schemas/v1/Resource.json#/definitions/Oem",
                    "description": "This is the manufacturer/provider specific extension moniker used to divide the Oem object into sections.",
                    "longDescription": "The value of this string shall be of the format for the reserved word *Oem*."
                },
                "Id": {
                    "$ref": "http://redfish.dmtf.org/schemas/v1/Resource.json#/definitions/Id",
                    "readonly": true
                },
                "Description": {
                    "anyOf": [
                        {"$ref": "http://redfish.dmtf.org/schemas/v1/Resource.json#/definitions/Description"},
                        {"type": "null"}
                    ],
                    "readonly": true
                },
                "Name": {
                    "$ref": "http://redfish.dmtf.org/schemas/v1/Resource.json#/definitions/Name",
                    "readonly": true
                },
                "SecureBootEnable": {
                    "type": [
                        "boolean",
                        "null"
                    ],
                    "readonly": false,
                    "description": "Enable or disable UEFI Secure Boot (takes effect on next boot).",
                    "longDescription": "Setting this property to true enables UEFI Secure Boot, and setting it to false disables it. This property can be enabled only in UEFI boot mode."
                },
                "SecureBootCurrentBoot": {
                    "anyOf": [
                        {"$ref": "#/definitions/SecureBootCurrentBootType"},
                        {"type": "null"}
                    ],
                    "readonly": true,
                    "description": "Secure Boot state during the current boot cycle.",
                    "longDescription": "The value of this property shall indicate the UEFI Secure Boot state during the current boot cycle."
                },
                "SecureBootMode": {
                    "anyOf": [
                        {"$ref": "#/definitions/SecureBootModeType"},
                        {"type": "null"}
                    ],
                    "readonly": true,
                    "description": "Current Secure Boot Mode.",
                    "longDescription": "This property shall contain the current Secure Boot mode, as defined in the UEFI Specification."
                },
                "Actions": {
                    "type": "object",
                    "patternProperties": {
                        "^([a-zA-Z_][a-zA-Z0-9_]*)?@(odata|Redfish|Message|Privileges)\\.[a-zA-Z_][a-zA-Z0-9_.]+$": {
                            "type": [
                                "array",
                                "boolean",
                                "number",
                                "null",
                                "object",
                                "string"
                            ],
                            "description": "This property shall specify a valid odata or Redfish property."
                        }
                    },
                    "additionalProperties": false,
                    "properties": {
                        "Oem": {
                            "type": "object",
                            "patternProperties": {
                                "^([a-zA-Z_][a-zA-Z0-9_]*)?@(odata|Redfish|Message|Privileges)\\.[a-zA-Z_][a-zA-Z0-9_.]+$": {
                                    "type": [
                                        "array",
                                        "boolean",
                                        "number",
                                        "null",
                                        "object",
                                        "string"
                                    ],
                                    "description": "This property shall specify a valid odata or Redfish property."
                                }
                            },
                            "additionalProperties": true,
                            "properties": {},
                            "description": "The available OEM specific actions for this resource.",
                            "longDescription": "This type shall contain any additional OEM actions for this resource."
                        },
                        "#SecureBoot.ResetKeys": {
                            "$ref": "#/definitions/ResetKeys"
                        }
                    },
                    "description": "The available actions for this resource.",
                    "longDescription": "The Actions property shall contain the available actions for this resource."
                }
            },
            "required": [
                "Id",
                "Name"
            ],
            "description": "This resource contains UEFI Secure Boot information. It represents properties for managing the UEFI Secure Boot functionality of a system.",
            "longDescription": "This resource shall be used to represent a UEFI Secure Boot resource for a Redfish implementation."
        }
    },
    "copyright": "Copyright 2014-2017 Distributed Management Task Force, Inc. (DMTF). For the full DMTF copyright policy, see http://www.dmtf.org/about/policies/copyright"
}
