{
    "$schema": "http://redfish.dmtf.org/schemas/v1/redfish-schema.v1_2_0.json",
    "title": "#SimpleStorage.v1_2_0.SimpleStorage",
    "$ref": "#/definitions/SimpleStorage",
    "definitions": {
        "Device": {
            "type": "object",
            "patternProperties": {
                "^([a-zA-Z_][a-zA-Z0-9_]*)?@(odata|Redfish|Message|Privileges)\\.[a-zA-Z_][a-zA-Z0-9_.]+$": {
                    "type": [
                        "array",
                        "boolean",
                        "number",
                        "null",
                        "object",
                        "string"
                    ],
                    "description": "This property shall specify a valid odata or Redfish property."
                }
            },
            "additionalProperties": false,
            "properties": {
                "Oem": {
                    "$ref": "http://redfish.dmtf.org/schemas/v1/Resource.json#/definitions/Oem"
                },
                "Name": {
                    "type": "string",
                    "readonly": true,
                    "description": "The name of the resource or array element.",
                    "longDescription": "This object represents the Name property.  All values for resources described by this schema shall comply to the requirements as described in the Redfish specification. The value of this string shall be of the format for the reserved word *Name*."
                },
                "Status": {
                    "$ref": "http://redfish.dmtf.org/schemas/v1/Resource.json#/definitions/Status"
                },
                "Manufacturer": {
                    "type": [
                        "string",
                        "null"
                    ],
                    "readonly": true,
                    "description": "The name of the manufacturer of this device.",
                    "longDescription": "This property shall indicate the name of the manufacturer of this storage device."
                },
                "Model": {
                    "type": [
                        "string",
                        "null"
                    ],
                    "readonly": true,
                    "description": "The product model number of this device.",
                    "longDescription": "This property shall indicate the model information as provided by the manufacturer of this storage device."
                },
                "CapacityBytes": {
                    "type": [
                        "number",
                        "null"
                    ],
                    "minimum": 0,
                    "units": "By",
                    "readonly": true,
                    "description": "The size of the storage device.",
                    "longDescription": "The value of this property shall represent the size (in bytes) of the Storage Device."
                }
            },
            "required": [
                "Name"
            ],
            "description": "A storage device such as a disk drive or optical media device.",
            "longDescription": "This type shall describe a storage device visible to SimpleStorage."
        },
        "SimpleStorage": {
            "type": "object",
            "patternProperties": {
                "^([a-zA-Z_][a-zA-Z0-9_]*)?@(odata|Redfish|Message|Privileges)\\.[a-zA-Z_][a-zA-Z0-9_.]+$": {
                    "type": [
                        "array",
                        "boolean",
                        "number",
                        "null",
                        "object",
                        "string"
                    ],
                    "description": "This property shall specify a valid odata or Redfish property."
                }
            },
            "additionalProperties": false,
            "properties": {
                "@odata.context": {
                    "$ref": "http://redfish.dmtf.org/schemas/v1/odata.4.0.0.json#/definitions/context"
                },
                "@odata.id": {
                    "$ref": "http://redfish.dmtf.org/schemas/v1/odata.4.0.0.json#/definitions/id"
                },
                "@odata.type": {
                    "$ref": "http://redfish.dmtf.org/schemas/v1/odata.4.0.0.json#/definitions/type"
                },
                "Oem": {
                    "$ref": "http://redfish.dmtf.org/schemas/v1/Resource.json#/definitions/Oem",
                    "description": "This is the manufacturer/provider specific extension moniker used to divide the Oem object into sections.",
                    "longDescription": "The value of this string shall be of the format for the reserved word *Oem*."
                },
                "Id": {
                    "$ref": "http://redfish.dmtf.org/schemas/v1/Resource.json#/definitions/Id",
                    "readonly": true
                },
                "Description": {
                    "anyOf": [
                        {"$ref": "http://redfish.dmtf.org/schemas/v1/Resource.json#/definitions/Description"},
                        {"type": "null"}
                    ],
                    "readonly": true
                },
                "Name": {
                    "$ref": "http://redfish.dmtf.org/schemas/v1/Resource.json#/definitions/Name",
                    "readonly": true
                },
                "UefiDevicePath": {
                    "type": [
                        "string",
                        "null"
                    ],
                    "readonly": true,
                    "description": "The UEFI device path used to access this storage controller.",
                    "longDescription": "This property shall contain the UEFI device path used to identify and locate the specific storage controller."
                },
                "Devices": {
                    "type": "array",
                    "items": {
                        "$ref": "#/definitions/Device"
                    },
                    "description": "The storage devices associated with this resource.",
                    "longDescription": "This property shall contain a list of storage devices associated with this resource."
                },
                "Status": {
                    "$ref": "http://redfish.dmtf.org/schemas/v1/Resource.json#/definitions/Status"
                },
                "Links": {
                    "type": "object",
                    "patternProperties": {
                        "^([a-zA-Z_][a-zA-Z0-9_]*)?@(odata|Redfish|Message|Privileges)\\.[a-zA-Z_][a-zA-Z0-9_.]+$": {
                            "type": [
                                "array",
                                "boolean",
                                "number",
                                "null",
                                "object",
                                "string"
                            ],
                            "description": "This property shall specify a valid odata or Redfish property."
                        }
                    },
                    "additionalProperties": false,
                    "properties": {
                        "Oem": {
                            "$ref": "http://redfish.dmtf.org/schemas/v1/Resource.json#/definitions/Oem",
                            "description": "Oem extension object.",
                            "longDescription": "This object represents the Oem property.  All values for resources described by this schema shall comply to the requirements as described in the Redfish specification."
                        },
                        "Chassis": {
                            "$ref": "http://redfish.dmtf.org/schemas/v1/Chassis.json#/definitions/Chassis",
                            "readonly": true,
                            "description": "A reference to the Chassis which contains this Simple Storage.",
                            "longDescription": "The value of this property shall be a reference to a resource of type Chassis that represent the physical container associated with this Simple Storage."
                        }
                    },
                    "description": "Contains references to other resources that are related to this resource.",
                    "longDescription": "The Links property, as described by the Redfish Specification, shall contain references to resources that are related to, but not contained by (subordinate to), this resource."
                },
                "Actions": {
                    "type": "object",
                    "patternProperties": {
                        "^([a-zA-Z_][a-zA-Z0-9_]*)?@(odata|Redfish|Message|Privileges)\\.[a-zA-Z_][a-zA-Z0-9_.]+$": {
                            "type": [
                                "array",
                                "boolean",
                                "number",
                                "null",
                                "object",
                                "string"
                            ],
                            "description": "This property shall specify a valid odata or Redfish property."
                        }
                    },
                    "additionalProperties": false,
                    "properties": {
                        "Oem": {
                            "type": "object",
                            "patternProperties": {
                                "^([a-zA-Z_][a-zA-Z0-9_]*)?@(odata|Redfish|Message|Privileges)\\.[a-zA-Z_][a-zA-Z0-9_.]+$": {
                                    "type": [
                                        "array",
                                        "boolean",
                                        "number",
                                        "null",
                                        "object",
                                        "string"
                                    ],
                                    "description": "This property shall specify a valid odata or Redfish property."
                                }
                            },
                            "additionalProperties": true,
                            "properties": {},
                            "description": "The available OEM specific actions for this resource.",
                            "longDescription": "This type shall contain any additional OEM actions for this resource."
                        }
                    },
                    "description": "The available actions for this resource.",
                    "longDescription": "The Actions property shall contain the available actions for this resource."
                }
            },
            "required": [
                "Id",
                "Name"
            ],
            "description": "This is the schema definition for the Simple Storage resource.  It represents the properties of a storage controller and its directly-attached devices."
        }
    },
    "copyright": "Copyright 2014-2017 Distributed Management Task Force, Inc. (DMTF). For the full DMTF copyright policy, see http://www.dmtf.org/about/policies/copyright"
}
