{
    "@odata.type": "#ManagerAccount.v1_0_2.ManagerAccount",
    "Id": "root",
    "Name": "UserAccount",
    "Description": "User Account",
    "Enabled": true,
    "Password": null,
    "UserName": "root",
    "RoleId": "Administrator",
    "Locked": false,
    "Links": {
        "Role": {
            "@odata.id": "/redfish/v1/AccountService/Roles/Admin"
        }
    },
    "@odata.context": "/redfish/v1/$metadata#ManagerAccount.ManagerAccount",
    "@odata.id": "/redfish/v1/AccountService/Accounts/root",
    "@Redfish.Copyright":"Copyright 2014-2016 Distributed Management Task Force, Inc. (DMTF). For the full DMTF copyright policy, see http://www.dmtf.org/about/policies/copyright."
}
