{
    "@odata.type": "#ComputerSystemCollection.ComputerSystemCollection",
    "Name": "Computer System Collection",
    "Members@odata.count": 4,
    "Members": [
        {
            "@odata.id": "/redfish/v1/Systems/529QB9450R6"
        },
        {
            "@odata.id": "/redfish/v1/Systems/529QB9451R6"
        },
        {
            "@odata.id": "/redfish/v1/Systems/529QB9452R6"
        },
        {
            "@odata.id": "/redfish/v1/Systems/529QB9453R6"
        }
    ],
    "@odata.context": "/redfish/v1/$metadata#ComputerSystemCollection.ComputerSystemCollection",
    "@odata.id": "/redfish/v1/Systems",
    "@Redfish.Copyright": "Copyright 2014-2017 Distributed Management Task Force, Inc. (DMTF). For the full DMTF copyright policy, see http://www.dmtf.org/about/policies/copyright."
}
