{
    "@odata.type": "#ResourceBlock.v1_0_0.ResourceBlock",
    "Id": "BladeStorageBlock8",
    "Name": "BladeCompute Block 8",
    "ResourceBlockType": [
        "Storage"
    ],
    "Status": {
        "State": "Enabled",
        "Health": "OK"
    },
    "CompositionStatus": {
        "Reserved": false,
        "CompositionState": "Composed"
    },
    "Storage": [
        {
            "@odata.id": "/redfish/v1/CompositionService/ResourceBlocks/BladeStorageBlock8/Storage/1"
        }
    ],
    "Links": {
        "ComputerSystems": [
            {
                "@odata.id": "/redfish/v1/Systems/ComposedPartition3"
            }
        ],
        "Chassis": [
            {
                "@odata.id": "/redfish/v1/Chassis/Blade8"
            }
        ],
        "Zones": [
            {
                "@odata.id": "/redfish/v1/CompositionService/ResourceZones/EncZone1"
            }
        ]
    },
    "Oem": {},
    "@odata.context": "/redfish/v1/$metadata#ResourceBlock.ResourceBlock",
    "@odata.id": "/redfish/v1/CompositionService/ResourceBlocks/BladeStorageBlock8",
    "@Redfish.Copyright": "Copyright 2014-2017 Distributed Management Task Force, Inc. (DMTF). For the full DMTF copyright policy, see http://www.dmtf.org/about/policies/copyright."
}
