{
    "@odata.type": "#StorageCollection.StorageCollection",
    "Name": "Storage Collection",
    "Members@odata.count": 2,
    "Members": [
        {
            "@odata.id": "/redfish/v1/CompositionService/ResourceBlocks/DriveBlock3/Storage/Block3NVMe"
        },
        {
            "@odata.id": "/redfish/v1/CompositionService/ResourceBlocks/DriveBlock4/Storage/Block4NVMe"
        }
    ],
    "@odata.context": "/redfish/v1/$metadata#StorageCollection.StorageCollection",
    "@odata.id": "/redfish/v1/Systems/ComposedSystem/Storage",
    "@Redfish.Copyright": "Copyright 2014-2017 Distributed Management Task Force, Inc. (DMTF). For the full DMTF copyright policy, see http://www.dmtf.org/about/policies/copyright."
}
