{
    "@odata.type": "#LogServiceCollection.LogServiceCollection",
    "Name": "Log Service Collection",
    "Members@odata.count": 1,
    "Members": [
        {
            "@odata.id": "/redfish/v1/Managers/Blade1BMC/LogServices/Log"
        }
    ],
    "@odata.context": "/redfish/v1/$metadata#LogServiceCollection.LogServiceCollection",
    "@odata.id": "/redfish/v1/Managers/Blade1BMC/LogServices",
    "@Redfish.Copyright": "Copyright 2014-2016 Distributed Management Task Force, Inc. (DMTF). For the full DMTF copyright policy, see http://www.dmtf.org/about/policies/copyright."
}
