{
    "@odata.type": "#Storage.v1_3_0.Storage",
    "Id": "Block5NVMe",
    "Name": "NMVe Storage",
    "Status": {
        "State": "Enabled",
        "Health": "OK"
    },
    "Drives": [
        {
            "@odata.id": "/redfish/v1/CompositionService/ResourceBlocks/DriveBlock5/Storage/Block5NVMe/Drives/Slot2"
        }
    ],
    "@odata.context": "/redfish/v1/$metadata#Storage.Storage",
    "@odata.id": "/redfish/v1/CompositionService/ResourceBlocks/DriveBlock5/Storage/Block5NVMe",
    "@Redfish.Copyright": "Copyright 2014-2017 Distributed Management Task Force, Inc. (DMTF). For the full DMTF copyright policy, see http://www.dmtf.org/about/policies/copyright."
}
