{
    "@odata.type": "#Session.v1_0_2.Session",
    "Id": "12623963E803C264",
    "Name": "User Session",
    "Description": "Manager User Session",
    "UserName": "Administrator",
    "@odata.context": "/redfish/v1/$metadata#Session.Session",
    "@odata.id": "/redfish/v1/SessionService/Sessions/12623963E803C264",
    "@Redfish.Copyright": "Copyright 2014-2016 Distributed Management Task Force, Inc. (DMTF). For the full DMTF copyright policy, see http://www.dmtf.org/about/policies/copyright."
}
