{
    "@odata.type": "#Chassis.v1_5_0.Chassis",
    "Id": "ComposableModule5",
    "Name": "Composable Network Module",
    "ChassisType": "Module",
    "Manufacturer": "Contoso",
    "Model": "COMP9400",
    "SKU": "159400",
    "SerialNumber": "CONTSN85482759",
    "PartNumber": "CONTPN009-240",
    "AssetTag": null,
    "PowerState": "On",
    "IndicatorLED": "Off",
    "Status": {
        "State": "Enabled",
        "Health": "OK"
    },
    "Links": {
        "ComputerSystems": [],
        "ManagedBy": [
            {
                "@odata.id": "/redfish/v1/Managers/1"
            }
        ],
        "ContainedBy": {
            "@odata.id": "/redfish/v1/Chassis/ComposableEnclosure"
        },
        "ResourceBlocks": [
            {
                "@odata.id": "/redfish/v1/CompositionService/ResourceBlocks/NetworkBlock8"
            }
        ]
    },
    "@odata.context": "/redfish/v1/$metadata#Chassis.Chassis",
    "@odata.id": "/redfish/v1/Chassis/ComposableModule5",
    "@Redfish.Copyright": "Copyright 2014-2017 Distributed Management Task Force, Inc. (DMTF). For the full DMTF copyright policy, see http://www.dmtf.org/about/policies/copyright."
}
