{
    "@odata.type": "#CompositionService.v1_0_0.CompositionService",
    "Id": "CompositionService",
    "Name": "Composition Service",
    "Status": {
        "State": "Enabled",
        "Health": "OK"
    },
    "ServiceEnabled": true,
    "ResourceBlocks": {
        "@odata.id": "/redfish/v1/CompositionService/ResourceBlocks"
    },
    "ResourceZones": {
        "@odata.id": "/redfish/v1/CompositionService/ResourceZones"
    },
    "Oem": {},
    "@odata.context": "/redfish/v1/$metadata#CompositionService.CompositionService",
    "@odata.id": "/redfish/v1/CompositionService",
    "@Redfish.Copyright": "Copyright 2014-2017 Distributed Management Task Force, Inc. (DMTF). For the full DMTF copyright policy, see http://www.dmtf.org/about/policies/copyright."
}
