{
    "@odata.type": "#ProcessorCollection.ProcessorCollection",
    "Name": "PartitionedServer Processor Collection",
    "Members@odata.count": 2,
    "Members": [
        {
            "@odata.id": "/redfish/v1/CompositionService/ResourceBlocks/BladeComputeBlock2/RBSystem/Processors/CPU1"
        },
        {
            "@odata.id": "/redfish/v1/CompositionService/ResourceBlocks/BladeComputeBlock2/RBSystem/Processors/CPU2"
        }
    ],
    "@odata.context": "/redfish/v1/$metadata#ProcessorCollection.ProcessorCollection",
    "@odata.id": "/redfish/v1/CompositionService/ResourceBlocks/BladeComputeBlock2/RBSystem/Processors",
    "@Redfish.Copyright": "Copyright 2014-2017 Distributed Management Task Force, Inc. (DMTF). For the full DMTF copyright policy, see http://www.dmtf.org/about/policies/copyright."
}
