{
    "@odata.type": "#Drive.v1_2_0.Drive",
    "Id": "3D58ECBC375FD9F2",
    "Name": "Drive Sample",
    "IndicatorLED": "Lit",
    "Model": "C123",
    "Revision": "100A",
    "Status": {
        "State": "Enabled",
        "Health": "OK"
    },
    "CapacityBytes": 899527000000,
    "FailurePredicted": false,
    "Protocol": "SAS",
    "MediaType": "HDD",
    "Manufacturer": "Contoso",
    "SerialNumber": "1234568",
    "PartNumber": "C123-1111",
    "Identifiers": [
        {
            "DurableNameFormat": "NAA",
            "DurableName": "32ADF365C6C1B7BD"
        }
    ],
    "HotspareType": "None",
    "EncryptionAbility": "SelfEncryptingDrive",
    "EncryptionStatus": "Unlocked",
    "RotationSpeedRPM": 15000,
    "BlockSizeBytes": 512,
    "CapableSpeedGbs": 12,
    "NegotiatedSpeedGbs": 12,
    "Links": {
        "Volumes": [
            {
                "@odata.id": "/redfish/v1/Systems/437XR1138R2/Storage/1/Volumes/2"
            },
            {
                "@odata.id": "/redfish/v1/Systems/437XR1138R2/Storage/1/Volumes/3"
            }
        ]
    },
    "Actions": {
        "#Drive.SecureErase": {
            "target": "/redfish/v1/Systems/437XR1138R2/Storage/1/Drives/3D58ECBC375FD9F2/Actions/Drive.SecureErase"
        }
    },
    "@odata.context": "/redfish/v1/$metadata#Drive.Drive",
    "@odata.id": "/redfish/v1/Systems/437XR1138R2/Storage/1/Drives/3D58ECBC375FD9F2",
    "@Redfish.Copyright": "Copyright 2014-2017 Distributed Management Task Force, Inc. (DMTF). For the full DMTF copyright policy, see http://www.dmtf.org/about/policies/copyright."
}
