{
    "@odata.type": "#Endpoint.v1_0_2.Endpoint",
    "Id": "Drive2",
    "Name": "SAS Drive",
    "Description": "The SAS Drive in Enclosure 2 Bay 1",
    "EndpointProtocol": "SAS",
    "ConnectedEntities": [
        {
            "EntityType": "Drive",
            "EntityRole": "Target",
            "Identifiers": [
                {
                    "DurableNameFormat": "NAA",
                    "DurableName": "32ADF365C6C1B7C4"
                }
            ],
            "Oem": {}
        }
    ],
    "Links": {
        "MutuallyExclusiveEndpoints": [
            {
                "@odata.id": "/redfish/v1/Fabrics/SAS/Endpoints/Enclosure2"
            }
        ],
        "Ports": [
            {
                "@odata.id": "/redfish/v1/Fabrics/SAS/Switches/Switch1/Ports/8"
            },
            {
                "@odata.id": "/redfish/v1/Fabrics/SAS/Switches/Switch2/Ports/8"
            }
        ],
        "Oem": {}
    },
    "Oem": {},
    "@odata.context": "/redfish/v1/$metadata#Endpoint.Endpoint",
    "@odata.id": "/redfish/v1/Fabrics/SAS/Endpoints/Drive2",
    "@Redfish.Copyright": "Copyright 2014-2017 Distributed Management Task Force, Inc. (DMTF). For the full DMTF copyright policy, see http://www.dmtf.org/about/policies/copyright."
}
