{
    "@odata.type": "#EthernetInterface.v1_3_0.EthernetInterface",
    "Id": "Block8Port1",
    "Name": "Ethernet Interface Port 1",
    "Status": {
        "State": "Enabled",
        "Health": "OK"
    },
    "InterfaceEnabled": true,
    "PermanentMACAddress": "AA:BB:CC:DD:EE:FE",
    "MACAddress": "AA:BB:CC:DD:EE:FE",
    "SpeedMbps": 100,
    "AutoNeg": true,
    "FullDuplex": true,
    "MTUSize": 1500,
    "IPv4Addresses": [
        {
            "Address": null,
            "SubnetMask": null,
            "AddressOrigin": "DHCP",
            "Gateway": null
        }
    ],
    "Links": {
        "Chassis": {
            "@odata.id": "/redfish/v1/Chassis/ComposableModule5"
        }
    },
    "@odata.context": "/redfish/v1/$metadata#EthernetInterface.EthernetInterface",
    "@odata.id": "/redfish/v1/CompositionService/ResourceBlocks/NetworkBlock8/EthernetInterfaces/Block8Port1",
    "@Redfish.Copyright": "Copyright 2014-2017 Distributed Management Task Force, Inc. (DMTF). For the full DMTF copyright policy, see http://www.dmtf.org/about/policies/copyright."
}
