{
    "@odata.type": "#Power.v1_1_0.Power",
    "Id": "Power",
    "Name": "Power",
    "PowerControl": [
        {
            "@odata.id": "/redfish/v1/Chassis/1/Power#/PowerControl/0",
            "MemberId": "0",
            "Name": "System Power Control",
            "PowerConsumedWatts": 224,
            "PowerCapacityWatts": 600,
            "PowerLimit": {
                "LimitInWatts": 450,
                "LimitException": "LogEventOnly",
                "CorrectionInMs": 1000
            },
            "Status": {
                "State": "Enabled",
                "Health": "OK"
            },
            "Oem": {}
        }
    ],
    "Oem": {},
    "@odata.context": "/redfish/v1/$metadata#Power.Power",
    "@odata.id": "/redfish/v1/Chassis/1/Power",
    "@Redfish.Copyright": "Copyright 2014-2016 Distributed Management Task Force, Inc. (DMTF). For the full DMTF copyright policy, see http://www.dmtf.org/about/policies/copyright."
}
