{
    "@Redfish.Copyright": "Copyright 2014-2016 Distributed Management Task Force, Inc. (DMTF). All rights reserved.",
    "@odata.context": "/redfish/v1/$metadata#Switch.Switch",
    "@odata.id": "/redfish/v1/Fabrics/SAS/Switches/Switch2",
    "@odata.type": "#Switch.v1_0_0.Switch",
    "Id": "Switch2",
    "Name": "SAS Switch",
    "SwitchType": "SAS",
    "Manufacturer": "Contoso",
    "Model": "SAS1000",
    "SKU": "67C",
    "SerialNumber": "2M220100SM",
    "PartNumber": "76-88883",
    "Ports": {
        "@odata.id": "/redfish/v1/Fabrics/SAS/Switches/Switch2/Ports"
    },
    "Redundancy": [
        {
            "@odata.id": "/redfish/v1/Fabrics/SAS/Switches/Switch2#/Redundancy",
            "MemberId": "Redundancy",
            "Mode": "Sharing",
            "MaxNumSupported": 2,
            "MinNumNeeded": 1,
            "Status": {
                "State": "Enabled",
                "Health": "OK"
            },
            "RedundancySet": [
                {
                    "@odata.id": "/redfish/v1/Fabrics/SAS/Switches/Switch1"
                },
                {
                    "@odata.id": "/redfish/v1/Fabrics/SAS/Switches/Switch2"
                }
            ]
        }
    ],
    "Links": {
        "Chassis": {
                "@odata.id": "/redfish/v1/Chassis/Switch2"
        },
        "ManagedBy": [
            {
                "@odata.id": "/redfish/v1/Managers/Switch1"
            },
            {
                "@odata.id": "/redfish/v1/Managers/Switch2"
            }
        ],
        "Oem": {}
    },
    "Actions": {
        "#Switch.Reset": {
            "target": "/redfish/v1/Fabrics/SAS/Switches/Switch2/Actions/Switch.Reset",
            "ResetType@Redfish.AllowableValues": [
                "ForceRestart",
                "GracefulRestart"
            ]
        },
        "Oem": {}
    },
    "Oem": {}
}

