{
    "@odata.type": "#ZoneCollection.ZoneCollection",
    "Name": "Resource Zone Collection",
    "Members@odata.count": 2,
    "Members": [
        {
            "@odata.id": "/redfish/v1/CompositionService/ResourceZones/1"
        },
        {
            "@odata.id": "/redfish/v1/CompositionService/ResourceZones/2"
        }
    ],
    "@odata.context": "/redfish/v1/$metadata#ZoneCollection.ZoneCollection",
    "@odata.id": "/redfish/v1/CompositionService/ResourceZones",
    "@Redfish.Copyright": "Copyright 2014-2017 Distributed Management Task Force, Inc. (DMTF). For the full DMTF copyright policy, see http://www.dmtf.org/about/policies/copyright."
}
