{
	"@odata.type": "#Memory.v1_1_0.Memory",
	"Name": "DIMM Slot 4",
	"Id": "DIMM4",
	"MemoryLocation": {
		"Socket": 2,
		"MemoryController": 2,
		"Channel": 1,
		"Slot": 4
	},
	"Status": {
		"State": "Absent"
	},
	"@odata.context": "/redfish/v1/$metadata#Memory.Memory",
	"@odata.id": "/redfish/v1/Systems/437XR1138R2/Memory/DIMM4",
	"@Redfish.Copyright": "Copyright 2014-2016 Distributed Management Task Force, Inc. (DMTF). For the full DMTF copyright policy, see http://www.dmtf.org/about/policies/copyright."
}
