{
    "@odata.type": "#TaskService.v1_0_2.TaskService",
    "Id": "TaskService",
    "Name": "Tasks Service",
    "DateTime": "2015-03-13T04:14:33+06:00",
    "OverWritePolicy": "Never",
    "LifeCycleEventOnTaskStateChange": true,
    "Status": {
        "State": "Enabled",
        "Health": "OK"
    },
    "ServiceEnabled": true,
    "Tasks": {
        "@odata.id": "/redfish/v1/TaskService/Tasks"
    },
    "Oem": {},
    "@odata.context": "/redfish/v1/$metadata/TaskService",
    "@odata.id": "/redfish/v1/TaskService",
    "@Redfish.Copyright": "Copyright 2014-2016 Distributed Management Task Force, Inc. (DMTF). For the full DMTF copyright policy, see http://www.dmtf.org/about/policies/copyright."
}
