{
    "@odata.type": "#Drive.v1_2_0.Drive",
    "Id": "Slot0",
    "Name": "NVMe Drive Slot 0",
    "Status": {
        "State": "Enabled",
        "Health": "OK"
    },
    "CapacityBytes": 274877906944,
    "Protocol": "NVMe",
    "MediaType": "SSD",
    "Links": {
        "Chassis": {
            "@odata.id": "/redfish/v1/Chassis/ComposableModule3"
        }
    },
    "@odata.context": "/redfish/v1/$metadata#Drive.Drive",
    "@odata.id": "/redfish/v1/CompositionService/ResourceBlocks/DriveBlock3/Storage/Block3NVMe/Drives/Slot0",
    "@Redfish.Copyright": "Copyright 2014-2017 Distributed Management Task Force, Inc. (DMTF). For the full DMTF copyright policy, see http://www.dmtf.org/about/policies/copyright."
}
