{
    "@odata.type": "#Volume.v1_0_0.Volume",
    "Id": "3",
    "Name": "Virtual Disk 3",
    "Status": {
        "State": "Enabled",
        "Health": "OK"
    },
    "Encrypted": false,
    "VolumeType": "NonRedundant",
    "CapacityBytes": 107374182400,
    "Identifiers": [
        {
            "DurableNameFormat": "UUID",
            "DurableName": "eb179a30-6f87-4fdb-8f92-639eb7aaabcb"
        }
    ],
    "Links": {
        "Drives": [
            {"@odata.id": "/redfish/v1/Systems/437XR1138R2/Storage/1/Drives/3D58ECBC375FD9F2"}
        ]
    },
    "Actions": {
        "#Volume.Initialize": {
            "Target": "/redfish/v1/Systems/3/Storage/RAIDIntegrated/Volumes/1/Actions/Volume.Initialize",
            "InitializeType@Redfish.AllowableValues": [
                "Fast",
                "Slow"
            ]
        }
    },
    "@odata.context": "/redfish/v1/$metadata#Volume.Volume",
    "@odata.id": "/redfish/v1/Systems/437XR1138R2/Storage/1/Volumes/3",
    "@Redfish.Copyright": "Copyright  2014-2015 Distributed Management Task Force, Inc. (DMTF). All rights reserved."
}
