{
    "name": "Bladed Partitions",
    "description": "This example shows how Redfish Composability can be used to create composed Computer System instances from smaller sets of Computer Systems.  A top level enclosure called \"Enclosure\" contains a set of blades, which are used to create the composed Computer Systems.",
    "navlinks": [
        {
            "text": "Main",
            "target": "main"
        },
        {
            "text": "Systems",
            "target": "Systems",
            "navlinks": [
                {
                    "text": "Composed Partition 1",
                    "target": "ComposedPartition1"
                },
                {
                    "text": "Composed Partition 2",
                    "target": "ComposedPartition2"
                },
                {
                    "text": "Composed Partition 3",
                    "target": "ComposedPartition3"
                }
            ]
        },
        {
            "text": "Chassis",
            "target": "Chassis",
            "navlinks": [
                {
                    "text": "Enclosure",
                    "target": "Enclosure"
                },
                {
                    "text": "Blade 1",
                    "target": "Blade1"
                },
                {
                    "text": "Blade 2",
                    "target": "Blade2"
                },
                {
                    "text": "Blade 3",
                    "target": "Blade3"
                },
                {
                    "text": "Blade 4",
                    "target": "Blade4"
                },
                {
                    "text": "Blade 5",
                    "target": "Blade5"
                },
                {
                    "text": "Blade 6",
                    "target": "Blade6"
                },
                {
                    "text": "Blade 7",
                    "target": "Blade7"
                },
                {
                    "text": "Blade 8",
                    "target": "Blade8"
                }
            ]
        },
        {
            "text": "Composition Service",
            "target": "CompositionService"
        },
        {
            "text": "Managers",
            "target": "Managers",
            "navlinks": [
                {
                    "text": "Enclosure Manager 1",
                    "target": "EncMgr1"
                },
                {
                    "text": "Enclosure Manager 2",
                    "target": "EncMgr2"
                }
            ]
        },
        {
            "text": "Session Service",
            "target": "SessionService"
        },
        {
            "text": "Account Service",
            "target": "AccountService"
        }
    ]
}
