{
    "@odata.type": "#Thermal.v1_3_0.Thermal",
    "Name": "PartitionedServer Blade1 Thermal",
    "Id": "PartitionedServerBlade1Thermal",
    "Description": "Fans will be absent within blades, but sensor Info is relevent in Multiblade enclosure",
    "Temperatures": [
        {
            "@odata.id": "/redfish/v1/Chassis/Blade1/Thermal#/Temperatures/0",
            "MemberId": "0",
            "Name": "Blade Temp",
            "Status": {
                "State": "Enabled",
                "Health": "OK"
            },
            "ReadingCelsius": 62,
            "UpperThresholdNonCritical": 75,
            "UpperThresholdCritical": 90,
            "UpperThresholdFatal": 95,
            "LowerThresholdNonCritical": 42,
            "LowerThresholdCritical": 5,
            "LowerThresholdFatal": 42,
            "MinReadingRangeTemp": 0,
            "MaxReadingRangeTemp": 120,
            "PhysicalContext": "ComputeBay",
            "RelatedItem": [
                {
                    "@odata.id": "/redfish/v1/Systems/ComposedPartition1"
                },
                {
                    "@odata.id": "/redfish/v1/Chassis/Blade1"
                }
            ]
        },
        {
            "@odata.id": "/redfish/v1/Chassis/Blade1/Thermal#/Temperatures/1",
            "MemberId": "1",
            "Name": "CPU1 Temp",
            "SensorNumber": 42,
            "Status": {
                "State": "Enabled",
                "Health": "OK"
            },
            "ReadingCelsius": 21,
            "UpperThresholdNonCritical": 42,
            "UpperThresholdCritical": 42,
            "UpperThresholdFatal": 42,
            "LowerThresholdNonCritical": 42,
            "LowerThresholdCritical": 5,
            "LowerThresholdFatal": 42,
            "MinReadingRangeTemp": 0,
            "MaxReadingRangeTemp": 200,
            "PhysicalContext": "CPU",
            "RelatedItem": [
                {
                    "@odata.id": "/redfish/v1/CompositionService/ResourceBlocks/BladeComputeBlock1/RBSystem/Processors/CPU1"
                }
            ]
        },
        {
            "@odata.id": "/redfish/v1/Chassis/Blade1/Thermal#/Temperatures/2",
            "MemberId": "2",
            "Name": "Blade Intake Temp",
            "SensorNumber": 44,
            "Status": {
                "State": "Enabled",
                "Health": "Warning"
            },
            "ReadingCelsius": 35,
            "UpperThresholdNonCritical": 30,
            "UpperThresholdCritical": 40,
            "UpperThresholdFatal": 50,
            "LowerThresholdNonCritical": 10,
            "LowerThresholdCritical": 5,
            "LowerThresholdFatal": 0,
            "MinReadingRangeTemp": 0,
            "MaxReadingRangeTemp": 200,
            "PhysicalContext": "Intake",
            "RelatedItem": [
                {
                    "@odata.id": "/redfish/v1/Chassis/Blade1"
                }
            ]
        }
    ],
    "@odata.context": "/redfish/v1/$metadata#Thermal.Thermal",
    "@odata.id": "/redfish/v1/Chassis/Blade1/Thermal",
    "@Redfish.Copyright": "Copyright 2014-2017 Distributed Management Task Force, Inc. (DMTF). For the full DMTF copyright policy, see http://www.dmtf.org/about/policies/copyright."
}
