{
    "@odata.type": "#ManagerCollection.ManagerCollection",
    "Name": "Multi-Blade Partitionable Enclosure Manager Collection",
    "Description": "Collection of Enclosure Managers - For Managing Partitionable Multi-Blade environment - Acrive/Standby Configuration",
    "Members@odata.count": 2,
    "Members": [
        {
            "@odata.id": "/redfish/v1/Managers/EncMgr1"
        },
        {
            "@odata.id": "/redfish/v1/Managers/EncMgr2"
        }
    ],
    "@odata.context": "/redfish/v1/$metadata#ManagerCollection.ManagerCollection",
    "@odata.id": "/redfish/v1/Managers",
    "@Redfish.Copyright": "Copyright 2014-2017 Distributed Management Task Force, Inc. (DMTF). For the full DMTF copyright policy, see http://www.dmtf.org/about/policies/copyright."
}
