{
    "@odata.type": "#ManagerAccount.v1_1_0.ManagerAccount",
    "Id": "john",
    "Name": "UserAccount",
    "Description": "User Account",
    "Enabled": true,
    "Password": null,
    "UserName": "john",
    "RoleId": "ReadOnly",
    "Locked": false,
    "Links": {
        "Role": {
            "@odata.id": "/redfish/v1/AccountService/Roles/ReadOnlyUser"
        }
    },
    "@odata.context": "/redfish/v1/$metadata#ManagerAccount.ManagerAccount",
    "@odata.id": "/redfish/v1/AccountService/Accounts/john",
    "@Redfish.Copyright": "Copyright 2014-2017 Distributed Management Task Force, Inc. (DMTF). For the full DMTF copyright policy, see http://www.dmtf.org/about/policies/copyright."
}
