{
    "@odata.type": "#EventService.v1_0_4.EventService",
    "Id": "EventService",
    "Name": "Event Service",
    "Status": {
        "State": "Enabled",
        "Health": "OK"
    },
    "ServiceEnabled": true,
    "DeliveryRetryAttempts": 3,
    "DeliveryRetryIntervalSeconds": 60,
    "EventTypesForSubscription": [
        "StatusChange",
        "ResourceUpdated",
        "ResourceAdded",
        "ResourceRemoved",
        "Alert"
    ],
    "Subscriptions": {
        "@odata.id": "/redfish/v1/EventService/Subscriptions"
    },
    "Actions": {
        "#EventService.SubmitTestEvent": {
            "target": "/redfish/v1/EventService/Actions/EventService.SubmitTestEvent",
            "EventType@Redfish.AllowableValues": [
                "StatusChange",
                "ResourceUpdated",
                "ResourceAdded",
                "ResourceRemoved",
                "Alert"
            ]
        }
    },
    "@odata.context": "/redfish/v1/$metadata#EventService.EventService",
    "@odata.id": "/redfish/v1/EventService",
    "@Redfish.Copyright": "Copyright 2014-2017 Distributed Management Task Force, Inc. (DMTF). For the full DMTF copyright policy, see http://www.dmtf.org/about/policies/copyright."
}
