{
    "@odata.type": "#LogEntry.v1_2_0.LogEntry",
    "Id": "1",
    "Name": "Log Entry 1",
    "EntryType": "SEL",
    "OemRecordFormat": "Contoso",
    "Severity": "Critical",
    "Created": "2012-03-07T14:44:00Z",
    "EntryCode": "Assert",
    "SensorType": "Temperature",
    "SensorNumber": 1,
    "Message": "System May be Melting",
    "MessageId": "Event.1.0.TempWayTooHot",
    "MessageArgs": [
        "88"
    ],
    "Links": {
        "OriginOfCondition": {
            "@odata.id": "/redfish/v1/Chassis/1U/Thermal"
        },
        "Oem": {}
    },
    "Oem": {},
    "@odata.context": "/redfish/v1/$metadata#LogEntry.LogEntry",
    "@odata.id": "/redfish/v1/Managers/BMC/LogServices/Log/Entries/1",
    "@Redfish.Copyright": "Copyright 2014-2017 Distributed Management Task Force, Inc. (DMTF). For the full DMTF copyright policy, see http://www.dmtf.org/about/policies/copyright."
}
