{
    "$schema": "http://redfish.dmtf.org/schemas/v1/redfish-schema.v1_1_0.json",
    "title": "#Event.Event",
    "$ref": "#/definitions/Event",
    "definitions": {
        "Event": {
            "anyOf": [
                {
                    "$ref": "http://redfish.dmtf.org/schemas/v1/odata.4.0.0.json#/definitions/idRef"
                },
                {
                    "$ref": "http://redfish.dmtf.org/schemas/v1/Event.v1_0_0.json#/definitions/Event"
                },
                {
                    "$ref": "http://redfish.dmtf.org/schemas/v1/Event.v1_0_2.json#/definitions/Event"
                },
                {
                    "$ref": "http://redfish.dmtf.org/schemas/v1/Event.v1_0_3.json#/definitions/Event"
                },
                {
                    "$ref": "http://redfish.dmtf.org/schemas/v1/Event.v1_0_4.json#/definitions/Event"
                },
                {
                    "$ref": "http://redfish.dmtf.org/schemas/v1/Event.v1_1_0.json#/definitions/Event"
                },
                {
                    "$ref": "http://redfish.dmtf.org/schemas/v1/Event.v1_1_1.json#/definitions/Event"
                },
                {
                    "$ref": "http://redfish.dmtf.org/schemas/v1/Event.v1_1_2.json#/definitions/Event"
                }
            ]
        }
    },
    "copyright": "Copyright 2014-2016 Distributed Management Task Force, Inc. (DMTF). For the full DMTF copyright policy, see http://www.dmtf.org/about/policies/copyright"
}
