{
    "$schema": "http://redfish.dmtf.org/schemas/v1/redfish-schema.v1_1_0.json",
    "title": "#RedfishExtensions.v1_0_0",
    "definitions": {
        "EnumerationMember": {
            "type": "object",
            "patternProperties": {
                "^([a-zA-Z_][a-zA-Z0-9_]*)?@(odata|Redfish|Message|Privileges)\\.[a-zA-Z_][a-zA-Z0-9_.]+$": {
                    "type": [
                        "array",
                        "boolean",
                        "number",
                        "null",
                        "object",
                        "string"
                    ],
                    "description": "This property shall specify a valid odata or Redfish property."
                }
            },
            "additionalProperties": true,
            "properties": {
                "Member": {
                    "type": [
                        "string",
                        "null"
                    ],
                    "description": "An allowable string member."
                }
            }
        },
        "PropertyPattern": {
            "type": "object",
            "patternProperties": {
                "^([a-zA-Z_][a-zA-Z0-9_]*)?@(odata|Redfish|Message|Privileges)\\.[a-zA-Z_][a-zA-Z0-9_.]+$": {
                    "type": [
                        "array",
                        "boolean",
                        "number",
                        "null",
                        "object",
                        "string"
                    ],
                    "description": "This property shall specify a valid odata or Redfish property."
                }
            },
            "additionalProperties": true,
            "properties": {
                "Pattern": {
                    "type": [
                        "string",
                        "null"
                    ],
                    "description": "The pattern that the property name shall match."
                },
                "Type": {
                    "type": [
                        "string",
                        "null"
                    ],
                    "description": "The type that the name shall have."
                }
            }
        }
    },
    "copyright": "Copyright 2014-2016 Distributed Management Task Force, Inc. (DMTF). For the full DMTF copyright policy, see http://www.dmtf.org/about/policies/copyright"
}
