{
    "$schema": "http://redfish.dmtf.org/schemas/v1/redfish-schema.v1_1_0.json",
    "title": "#ServiceRoot.v1_1_1.ServiceRoot",
    "$ref": "#/definitions/ServiceRoot",
    "definitions": {
        "ServiceRoot": {
            "type": "object",
            "patternProperties": {
                "^([a-zA-Z_][a-zA-Z0-9_]*)?@(odata|Redfish|Message|Privileges)\\.[a-zA-Z_][a-zA-Z0-9_.]+$": {
                    "type": [
                        "array",
                        "boolean",
                        "number",
                        "null",
                        "object",
                        "string"
                    ],
                    "description": "This property shall specify a valid odata or Redfish property."
                }
            },
            "additionalProperties": false,
            "properties": {
                "@odata.context": {
                    "$ref": "http://redfish.dmtf.org/schemas/v1/odata.4.0.0.json#/definitions/context"
                },
                "@odata.id": {
                    "$ref": "http://redfish.dmtf.org/schemas/v1/odata.4.0.0.json#/definitions/id"
                },
                "@odata.type": {
                    "$ref": "http://redfish.dmtf.org/schemas/v1/odata.4.0.0.json#/definitions/type"
                },
                "Oem": {
                    "$ref": "http://redfish.dmtf.org/schemas/v1/Resource.json#/definitions/Oem",
                    "description": "This is the manufacturer/provider specific extension moniker used to divide the Oem object into sections.",
                    "longDescription": "The value of this string shall be of the format for the reserved word *Oem*."
                },
                "Id": {
                    "$ref": "http://redfish.dmtf.org/schemas/v1/Resource.json#/definitions/Id",
                    "readonly": true
                },
                "Description": {
                    "anyOf": [
                        {"$ref": "http://redfish.dmtf.org/schemas/v1/Resource.json#/definitions/Description"},
                        {"type": "null"}
                    ],
                    "readonly": true
                },
                "Name": {
                    "$ref": "http://redfish.dmtf.org/schemas/v1/Resource.json#/definitions/Name",
                    "readonly": true
                },
                "RedfishVersion": {
                    "type": "string",
                    "pattern": "^\\d+\\.\\d+\\.\\d+$",
                    "readonly": true,
                    "description": "The version of the Redfish service.",
                    "longDescription": "The value of this string shall represent the version of the Redfish service.  The format of this string shall be of the format majorversion.minorversion.errata in compliance with Protocol Version section of the Redfish specification."
                },
                "UUID": {
                    "anyOf": [
                        {"$ref": "http://redfish.dmtf.org/schemas/v1/Resource.json#/definitions/UUID"},
                        {"type": "null"}
                    ],
                    "readonly": true,
                    "description": "Unique identifier for a service instance. When SSDP is used, this value should be an exact match of the UUID value returned in a 200OK from an SSDP M-SEARCH request during discovery.",
                    "longDescription": "The value of this string shall represent the id of the Redfish service instance.  The format of this string shall be a 32-byte value in the form 8-4-4-4-12.  If SSDP is used, this value shall be an exact match of the UUID value returned in a 200OK from an SSDP M-SEARCH request during discovery. RFC4122 describes methods that can be used to create a UUID value. The value should be considered to be opaque. Client software should only treat the overall value as a universally unique identifier and should not interpret any sub-fields within the UUID."
                },
                "Links": {
                    "type": "object",
                    "patternProperties": {
                        "^([a-zA-Z_][a-zA-Z0-9_]*)?@(odata|Redfish|Message|Privileges)\\.[a-zA-Z_][a-zA-Z0-9_.]+$": {
                            "type": [
                                "array",
                                "boolean",
                                "number",
                                "null",
                                "object",
                                "string"
                            ],
                            "description": "This property shall specify a valid odata or Redfish property."
                        }
                    },
                    "additionalProperties": false,
                    "properties": {
                        "Oem": {
                            "$ref": "http://redfish.dmtf.org/schemas/v1/Resource.json#/definitions/Oem",
                            "description": "Oem extension object.",
                            "longDescription": "This object represents the Oem property.  All values for resources described by this schema shall comply to the requirements as described in the Redfish specification."
                        },
                        "Sessions": {
                            "$ref": "http://redfish.dmtf.org/schemas/v1/SessionCollection.json#/definitions/SessionCollection",
                            "readonly": true,
                            "description": "Link to a collection of Sessions.",
                            "longDescription": "This property shall contain the link to a collection of Sessions."
                        }
                    },
                    "description": "Contains references to other resources that are related to this resource.",
                    "longDescription": "The Links property, as described by the Redfish Specification, shall contain references to resources that are related to, but not contained by (subordinate to), this resource."
                },
                "Systems": {
                    "$ref": "http://redfish.dmtf.org/schemas/v1/ComputerSystemCollection.json#/definitions/ComputerSystemCollection",
                    "readonly": true,
                    "description": "This is a link to a collection of Systems.",
                    "longDescription": "This object shall only contain a reference to a collection of resources that comply to the Systems schema."
                },
                "Chassis": {
                    "$ref": "http://redfish.dmtf.org/schemas/v1/ChassisCollection.json#/definitions/ChassisCollection",
                    "readonly": true,
                    "description": "This is a link to a collection of Chassis.",
                    "longDescription": "This object shall only contain a reference to a collection of resources that comply to the Chassis schema."
                },
                "Managers": {
                    "$ref": "http://redfish.dmtf.org/schemas/v1/ManagerCollection.json#/definitions/ManagerCollection",
                    "readonly": true,
                    "description": "This is a link to a collection of Managers.",
                    "longDescription": "This object shall only contain a reference to a collection of resources that comply to the Managers schema."
                },
                "Tasks": {
                    "$ref": "http://redfish.dmtf.org/schemas/v1/TaskService.json#/definitions/TaskService",
                    "readonly": true,
                    "description": "This is a link to the Task Service.",
                    "longDescription": "The classes structure shall only contain a reference to a resource that complies to the TaskService schema."
                },
                "SessionService": {
                    "$ref": "http://redfish.dmtf.org/schemas/v1/SessionService.json#/definitions/SessionService",
                    "readonly": true,
                    "description": "This is a link to the Sessions Service.",
                    "longDescription": "The classes structure shall only contain a reference to a resource that complies to the SessionService schema."
                },
                "AccountService": {
                    "$ref": "http://redfish.dmtf.org/schemas/v1/AccountService.json#/definitions/AccountService",
                    "readonly": true,
                    "description": "This is a link to the Account Service.",
                    "longDescription": "The classes structure shall only contain a reference to a resource that complies to the AccountService schema."
                },
                "EventService": {
                    "$ref": "http://redfish.dmtf.org/schemas/v1/EventService.json#/definitions/EventService",
                    "readonly": true,
                    "description": "This is a link to the EventService.",
                    "longDescription": "The classes structure shall only contain a reference to a resource that complies to the EventService schema."
                },
                "Registries": {
                    "$ref": "http://redfish.dmtf.org/schemas/v1/MessageRegistryFileCollection.json#/definitions/MessageRegistryFileCollection",
                    "readonly": true,
                    "description": "This is a link to a collection of Registries.",
                    "longDescription": "This object shall contain a reference to Message Registry."
                },
                "JsonSchemas": {
                    "$ref": "http://redfish.dmtf.org/schemas/v1/JsonSchemaFileCollection.json#/definitions/JsonSchemaFileCollection",
                    "readonly": true,
                    "description": "This is a link to a collection of Json-Schema files.",
                    "longDescription": "This object shall only contain a reference to a collection of resources that comply to the SchemaFile schema where the files are Json-Schema files."
                },
                "StorageSystems": {
                    "$ref": "http://redfish.dmtf.org/schemas/swordfish/v1/StorageSystemCollection.json#/definitions/StorageSystemCollection",
                    "readonly": true,
                    "description": "This is a link to a collection of storage systems.",
                    "longDescription": "The referenced collection shall contain computer systems that act as storage servers.  The HostingRoles attribute of each such computer system shall have an entry for StorageServer."
                },
                "StorageServices": {
                    "$ref": "http://redfish.dmtf.org/schemas/swordfish/v1/StorageServiceCollection.json#/definitions/StorageServiceCollection",
                    "readonly": true,
                    "description": "A link to a collection of all storage service entities.",
                    "longDescription": "The referenced collection shall contain references to all StorageService instances."
                },
                "Fabrics": {
                    "$ref": "http://redfish.dmtf.org/schemas/v1/FabricCollection.json#/definitions/FabricCollection",
                    "readonly": true,
                    "description": "A link to a collection of all fabric entities.",
                    "longDescription": "The referenced collection shall contain references to all Fabric instances."
                },
                "UpdateService": {
                    "$ref": "http://redfish.dmtf.org/schemas/v1/UpdateService.json#/definitions/UpdateService",
                    "readonly": true,
                    "description": "This is a link to the UpdateService.",
                    "longDescription": "The classes structure shall only contain a reference to a resource that complies to the UpdateService schema."
                }
            },
            "required": [
                "Id",
                "Name",
                "Links"
            ],
            "description": "This object represents the root Redfish service.",
            "longDescription": "This object represents the root Redfish service.  All values for resources described by this schema shall comply to the requirements as described in the Redfish specification."
        }
    },
    "copyright": "Copyright 2014-2016 Distributed Management Task Force, Inc. (DMTF). For the full DMTF copyright policy, see http://www.dmtf.org/about/policies/copyright"
}
