{
    "$schema": "http://redfish.dmtf.org/schemas/v1/redfish-schema.v1_1_0.json",
    "title": "#SimpleStorageCollection.SimpleStorageCollection",
    "$ref": "#/definitions/SimpleStorageCollection",
    "definitions": {
        "SimpleStorageCollection": {
            "anyOf": [
                {
                    "$ref": "http://redfish.dmtf.org/schemas/v1/odata.4.0.0.json#/definitions/idRef"
                },
                {
                    "type": "object",
                    "patternProperties": {
                        "^([a-zA-Z_][a-zA-Z0-9_]*)?@(odata|Redfish|Message|Privileges)\\.[a-zA-Z_][a-zA-Z0-9_.]+$": {
                            "type": [
                                "array",
                                "boolean",
                                "number",
                                "null",
                                "object",
                                "string"
                            ],
                            "description": "This property shall specify a valid odata or Redfish property."
                        }
                    },
                    "additionalProperties": false,
                    "properties": {
                        "@odata.context": {
                            "$ref": "http://redfish.dmtf.org/schemas/v1/odata.4.0.0.json#/definitions/context"
                        },
                        "@odata.id": {
                            "$ref": "http://redfish.dmtf.org/schemas/v1/odata.4.0.0.json#/definitions/id"
                        },
                        "@odata.type": {
                            "$ref": "http://redfish.dmtf.org/schemas/v1/odata.4.0.0.json#/definitions/type"
                        },
                        "Description": {
                            "anyOf": [
                                {"$ref": "http://redfish.dmtf.org/schemas/v1/Resource.json#/definitions/Description"},
                                {"type": "null"}
                            ],
                            "readonly": true
                        },
                        "Name": {
                            "$ref": "http://redfish.dmtf.org/schemas/v1/Resource.json#/definitions/Name",
                            "readonly": true
                        },
                        "Oem": {
                            "$ref": "http://redfish.dmtf.org/schemas/v1/Resource.json#/definitions/Oem",
                            "description": "This is the manufacturer/provider specific extension moniker used to divide the Oem object into sections.",
                            "longDescription": "The value of this string shall be of the format for the reserved word *Oem*."
                        },
                        "Members@odata.count": {
                            "$ref": "http://redfish.dmtf.org/schemas/v1/odata.4.0.0.json#/definitions/count"
                        },
                        "Members@odata.navigationLink": {
                            "type": "string",
                            "format": "uri"
                        },
                        "Members": {
                            "type": "array",
                            "items": {
                                "$ref": "http://redfish.dmtf.org/schemas/v1/SimpleStorage.json#/definitions/SimpleStorage"
                            },
                            "readonly": true,
                            "description": "Contains the members of this collection."
                        }
                    }
                }
            ],
            "description": "A Collection of SimpleStorage resource instances."
        }
    },
    "copyright": "Copyright 2014-2016 Distributed Management Task Force, Inc. (DMTF). For the full DMTF copyright policy, see http://www.dmtf.org/about/policies/copyright"
}
