{
    "$schema": "http://redfish.dmtf.org/schemas/v1/redfish-schema.v1_1_0.json",
    "title": "#SoftwareInventory.v1_1_0.SoftwareInventory",
    "$ref": "#/definitions/SoftwareInventory",
    "definitions": {
        "SoftwareInventory": {
            "type": "object",
            "patternProperties": {
                "^([a-zA-Z_][a-zA-Z0-9_]*)?@(odata|Redfish|Message|Privileges)\\.[a-zA-Z_][a-zA-Z0-9_.]+$": {
                    "type": [
                        "array",
                        "boolean",
                        "number",
                        "null",
                        "object",
                        "string"
                    ],
                    "description": "This property shall specify a valid odata or Redfish property."
                }
            },
            "additionalProperties": false,
            "properties": {
                "@odata.context": {
                    "$ref": "http://redfish.dmtf.org/schemas/v1/odata.4.0.0.json#/definitions/context"
                },
                "@odata.id": {
                    "$ref": "http://redfish.dmtf.org/schemas/v1/odata.4.0.0.json#/definitions/id"
                },
                "@odata.type": {
                    "$ref": "http://redfish.dmtf.org/schemas/v1/odata.4.0.0.json#/definitions/type"
                },
                "Oem": {
                    "$ref": "http://redfish.dmtf.org/schemas/v1/Resource.json#/definitions/Oem",
                    "description": "This is the manufacturer/provider specific extension moniker used to divide the Oem object into sections.",
                    "longDescription": "The value of this string shall be of the format for the reserved word *Oem*."
                },
                "Id": {
                    "$ref": "http://redfish.dmtf.org/schemas/v1/Resource.json#/definitions/Id",
                    "readonly": true
                },
                "Description": {
                    "anyOf": [
                        {"$ref": "http://redfish.dmtf.org/schemas/v1/Resource.json#/definitions/Description"},
                        {"type": "null"}
                    ],
                    "readonly": true
                },
                "Name": {
                    "$ref": "http://redfish.dmtf.org/schemas/v1/Resource.json#/definitions/Name",
                    "readonly": true
                },
                "Status": {
                    "anyOf": [
                        {"$ref": "http://redfish.dmtf.org/schemas/v1/Resource.json#/definitions/Status"},
                        {"type": "null"}
                    ]
                },
                "Version": {
                    "type": [
                        "string",
                        "null"
                    ],
                    "readonly": true,
                    "description": "A string representing the version of this software.",
                    "longDescription": "The value of this property shall be a string representing the version of this software."
                },
                "Updateable": {
                    "type": [
                        "boolean",
                        "null"
                    ],
                    "readonly": true,
                    "description": "Indicates whether this software can be updated by the update service.",
                    "longDescription": "The value of this property shall be a boolean indicating whether this software can be updated by the update service. If false, this software is for reporting purpose only."
                },
                "Actions": {
                    "type": "object",
                    "patternProperties": {
                        "^([a-zA-Z_][a-zA-Z0-9_]*)?@(odata|Redfish|Message|Privileges)\\.[a-zA-Z_][a-zA-Z0-9_.]+$": {
                            "type": [
                                "array",
                                "boolean",
                                "number",
                                "null",
                                "object",
                                "string"
                            ],
                            "description": "This property shall specify a valid odata or Redfish property."
                        }
                    },
                    "additionalProperties": false,
                    "properties": {
                        "Oem": {
                            "type": "object",
                            "patternProperties": {
                                "^([a-zA-Z_][a-zA-Z0-9_]*)?@(odata|Redfish|Message|Privileges)\\.[a-zA-Z_][a-zA-Z0-9_.]+$": {
                                    "type": [
                                        "array",
                                        "boolean",
                                        "number",
                                        "null",
                                        "object",
                                        "string"
                                    ],
                                    "description": "This property shall specify a valid odata or Redfish property."
                                }
                            },
                            "additionalProperties": true,
                            "properties": {}
                        }
                    },
                    "description": "The Actions object contains the available custom actions on this resource."
                },
                "SoftwareId": {
                    "type": "string",
                    "readonly": true,
                    "description": "A string representing the implementation-specific ID for identifying this software.",
                    "longDescription": "The value of this property shall be a string representing an implementation-specific ID for identifying this software. This string is used for correlation to a component repository or database."
                },
                "LowestSupportedVersion": {
                    "type": [
                        "string",
                        "null"
                    ],
                    "readonly": true,
                    "description": "A string representing the lowest supported version of this software.",
                    "longDescription": "The value of this property shall be a string representing the lowest supported version of this software. This string is formatted using the same format used for the Version property."
                },
                "UefiDevicePaths": {
                    "type": "array",
                    "items": {
                        "type": [
                            "string",
                            "null"
                        ]
                    },
                    "readonly": true,
                    "description": "A list of strings representing the UEFI Device Path(s) of the component(s) associated with this software inventory item.",
                    "longDescription": "The value of this property shall be a list of strings representing the UEFI Device Path(s) of the component(s) associated with this software inventory item. The UEFI Device Path string(s) shall be formatted as defined by the UEFI Specification."
                },
                "RelatedItem@odata.count": {
                    "$ref": "http://redfish.dmtf.org/schemas/v1/odata.4.0.0.json#/definitions/count"
                },
                "RelatedItem@odata.navigationLink": {
                    "type": "string",
                    "format": "uri"
                },
                "RelatedItem": {
                    "type": "array",
                    "items": {
                        "$ref": "http://redfish.dmtf.org/schemas/v1/odata.4.0.0.json#/definitions/idRef"
                    },
                    "readonly": true,
                    "description": "The ID(s) of the resources associated with this software inventory item.",
                    "longDescription": "The value of this property shall be an array of IDs containing pointers consistent with JSON pointer syntax to the resource that is associated with this software inventory item."
                }
            },
            "required": [
                "Id",
                "Name"
            ],
            "description": "This schema defines an inventory of software components.",
            "longDescription": "This resource shall be used to represent a single software component managed by this Redfish Service."
        }
    },
    "copyright": "Copyright 2014-2016 Distributed Management Task Force, Inc. (DMTF). For the full DMTF copyright policy, see http://www.dmtf.org/about/policies/copyright"
}
