{
    "@odata.type": "#LogEntry.v1_0_2.LogEntry",
    "Id": "1",
    "Name": "Log Entry 1",
    "EntryType": "SEL",
    "OemRecordFormat": "Contoso",
    "Severity": "OK",
    "Created": "2012-03-07T14:44",
    "EntryCode": "Informational",
    "SensorType": "System Event",
    "SensorNumber": 1,
    "Message": "Log Cleared",
    "MessageId": "Event.1.0.LogClear",
    "MessageArgs": [
    ],
    "Links": {
        "Oem": {}
    },
    "Oem": {},
    "@odata.context": "/redfish/v1/$metadata#LogEntry.LogEntry",
    "@odata.id": "/redfish/v1/Managers/Switch2/LogServices/Log/Entries/1",
    "@Redfish.Copyright": "Copyright 2014-2016 Distributed Management Task Force, Inc. (DMTF). For the full DMTF copyright policy, see http://www.dmtf.org/about/policies/copyright."
}
