{
    "name" : "Simple SAS Fabric",
    "description" : "A managed SAS fabric with redundant switches.",
    "navlinks" : [
        {
            "text" : "Main",
            "target" : "main"
        },
        {
            "text" : "Fabrics",
            "target" : "Fabrics",
            "navlinks" : [
                {
                    "text" : "SAS",
                    "target" : "SAS"
                }
            ]
        },
        {
            "text" : "Chassis",
            "target": "Chassis",
            "navlinks" : [
                {
                    "text" : "Switch 1",
                    "target" : "Switch1"
                },
                {
                    "text" : "Switch 2",
                    "target" : "Switch2"
                }
            ]
        },
        {
            "text" : "Managers",
            "target" : "Managers",
            "navlinks" : [
                {
                    "text" : "Switch 1 Manager",
                    "target" : "Switch1"
                },
                {
                    "text" : "Switch 2 Manager",
                    "target" : "Switch2"
                }
            ]
        },
        {
            "text" : "Task Service",
            "target" : "TaskService"
        },
        {
            "text" : "Session Service",
            "target" : "SessionService"
        },
        {
            "target" : "AccountService",
            "text" : "Account Service"
        },
        {
            "target" :  "EventService",
            "text" : "Event Service",
            "navlinks" : [
                {
                    "text" : "Subscriptions",
                    "target" : "Subscriptions"
                }
            ]
        }
    ]
}
