{
    "@odata.type": "#ProcessorCollection.ProcessorCollection",
    "Name": "Processors Collection",
    "Members@odata.count": 2,
    "Members": [
        {
            "@odata.id":"/redfish/v1/CompositionService/ResourceBlocks/ComputeBlock1/Processors/Block1CPU0"
        },
        {
            "@odata.id":"/redfish/v1/CompositionService/ResourceBlocks/ComputeBlock1/Processors/Block1CPU1"
        }
    ],
    "@odata.context": "/redfish/v1/$metadata#ProcessorCollection.ProcessorCollection",
    "@odata.id": "/redfish/v1/Systems/ComposedSystem/Processors",
    "@Redfish.Copyright": "Copyright 2014-2017 Distributed Management Task Force, Inc. (DMTF). For the full DMTF copyright policy, see http://www.dmtf.org/about/policies/copyright."
}
