{
    "@odata.type": "#ManagerNetworkProtocol.v1_2_0.ManagerNetworkProtocol",
    "Id": "NetworkProtocol.1",
    "Name": "Manager Network Protocol",
    "Description": "Lists all Network Service Status supported by this platform",
    "Status": {
        "State": "Enabled",
        "Health": "OK"
    },
    "HostName": "encmgr1",
    "FQDN": "encmgr1.mydomain.com",
    "HTTPS": {
        "ProtocolEnabled": true,
        "Port": 443
    },
    "IPMI": {
        "ProtocolEnabled": true,
        "Port": 623
    },
    "SSH": {
        "ProtocolEnabled": true,
        "Port": 22
    },
    "SNMP": {
        "ProtocolEnabled": true,
        "Port": 161
    },
    "VirtualMedia": {
        "ProtocolEnabled": true,
        "Port": 17988
    },
    "KVMIP": {
        "ProtocolEnabled": true,
        "Port": 5288
    },
    "@odata.context": "/redfish/v1/$metadata#ManagerNetworkProtocol.ManagerNetworkProtocol",
    "@odata.id": "/redfish/v1/Managers/EncMgr1/NetworkProtocol",
    "@Redfish.Copyright": "Copyright 2014-2017 Distributed Management Task Force, Inc. (DMTF). For the full DMTF copyright policy, see http://www.dmtf.org/about/policies/copyright."
}
