{
    "@odata.type": "#Processor.v1_1_0.Processor",
    "Id": "Block2CPU0",
    "Name": "Processor",
    "Status": {
        "State": "Enabled",
        "Health": "OK"
    },
    "ProcessorType": "CPU",
    "ProcessorArchitecture": "x86",
    "InstructionSet": "x86-64",
    "Manufacturer": "Intel(R) Corporation",
    "Model": "Multi-Core Intel(R) Xeon(R) processor 7xxx Series",
    "ProcessorId": {
        "VendorId": "GenuineIntel",
        "IdentificationRegisters": "0x34AC34DC8901274A",
        "EffectiveFamily": "0x42",
        "EffectiveModel": "0x61",
        "Step": "0x1",
        "MicrocodeInfo": "0x429943"
    },
    "MaxSpeedMHz": 2000,
    "TotalCores": 8,
    "TotalThreads": 16,
    "Links": {
        "Chassis": {
            "@odata.id": "/redfish/v1/Chassis/ComposableModule2"
        }
    },
    "@odata.context": "/redfish/v1/$metadata#Processor.Processor",
    "@odata.id": "/redfish/v1/CompositionService/ResourceBlocks/ComputeBlock2/Processors/Block2CPU0",
    "@Redfish.Copyright": "Copyright 2014-2017 Distributed Management Task Force, Inc. (DMTF). For the full DMTF copyright policy, see http://www.dmtf.org/about/policies/copyright."
}
