{
    "$schema": "http://redfish.dmtf.org/schemas/v1/redfish-schema.1.0.0.json",
    "title": "#EventService.1.0.0.EventService",
    "$ref": "#/definitions/EventService",
    "definitions": {
        "EventService": {
            "type": "object",
            "patternProperties": {
                "^([a-zA-Z_][a-zA-Z0-9_]*)?@(odata|Redfish|Message|Privileges)\\.[a-zA-Z_][a-zA-Z0-9_.]+$": {
                    "type": [
                        "array",
                        "boolean",
                        "number",
                        "null",
                        "object",
                        "string"
                    ],
                    "description": "This property shall specify a valid odata or Redfish property."
                }
            },
            "additionalProperties": false,
            "properties": {
                "@odata.context": {
                    "$ref": "http://redfish.dmtf.org/schemas/v1/odata.4.0.0.json#/definitions/context"
                },
                "@odata.id": {
                    "$ref": "http://redfish.dmtf.org/schemas/v1/odata.4.0.0.json#/definitions/id"
                },
                "@odata.type": {
                    "$ref": "http://redfish.dmtf.org/schemas/v1/odata.4.0.0.json#/definitions/type"
                },
                "Oem": {
                    "$ref": "http://redfish.dmtf.org/schemas/v1/Resource.json#/definitions/Oem",
                    "description": "This is the manufacturer/provider specific extension moniker used to divide the Oem object into sections.",
                    "longDescription": "The value of this string shall be of the format for the reserved word *Oem*."
                },
                "Id": {
                    "$ref": "http://redfish.dmtf.org/schemas/v1/Resource.json#/definitions/Id"
                },
                "Description": {
                    "$ref": "http://redfish.dmtf.org/schemas/v1/Resource.json#/definitions/Description"
                },
                "Name": {
                    "$ref": "http://redfish.dmtf.org/schemas/v1/Resource.json#/definitions/Name"
                },
                "ServiceEnabled": {
                    "type": [
                        "boolean",
                        "null"
                    ],
                    "description": "This indicates whether this service is enabled.",
                    "longDescription": "The value of this property shall be a boolean indicating whether this service is enabled."
                },
                "DeliveryRetryAttempts": {
                    "type": "number",
                    "readonly": true,
                    "description": "This is the number of attempts an event posting is retried before the subscription is terminated.",
                    "longDescription": "The value of this property shall be the number of retrys attempted for any given event to the subscription destination before the subscription is terminated."
                },
                "DeliveryRetryIntervalSeconds": {
                    "type": "number",
                    "readonly": true,
                    "description": "This represents the number of seconds between retry attempts for sending any given Event",
                    "longDescription": "The value of this property shall be the interval in seconds between the retry attempts for any given event to the subscription destination."
                },
                "EventTypesForSubscription": {
                    "type": "array",
                    "items": {
                        "$ref": "http://redfish.dmtf.org/schemas/v1/Event.1.0.0.json#/definitions/EventType"
                    },
                    "readonly": true,
                    "description": "This is the types of Events that can be subscribed to.",
                    "longDescription": "The value of this property shall be the types of events that subscriptions can subscribe to.  The semantics associated with the enumerations values are defined in the Redfish specification."
                },
                "Actions": {
                    "type": "object",
                    "patternProperties": {
                        "^([a-zA-Z_][a-zA-Z0-9_]*)?@(odata|Redfish|Message|Privileges)\\.[a-zA-Z_][a-zA-Z0-9_.]+$": {
                            "type": [
                                "array",
                                "boolean",
                                "number",
                                "null",
                                "object",
                                "string"
                            ],
                            "description": "This property shall specify a valid odata or Redfish property."
                        }
                    },
                    "additionalProperties": false,
                    "properties": {
                        "Oem": {
                            "type": [
                                "object",
                                "null"
                            ],
                            "patternProperties": {
                                "^([a-zA-Z_][a-zA-Z0-9_]*)?@(odata|Redfish|Message|Privileges)\\.[a-zA-Z_][a-zA-Z0-9_.]+$": {
                                    "type": [
                                        "array",
                                        "boolean",
                                        "number",
                                        "null",
                                        "object",
                                        "string"
                                    ],
                                    "description": "This property shall specify a valid odata or Redfish property."
                                }
                            },
                            "additionalProperties": true,
                            "properties": {}
                        },
                        "#EventService.SubmitTestEvent": {
                            "$ref": "#/definitions/SubmitTestEvent"
                        }
                    },
                    "readonly": true,
                    "description": "The Actions object contains the available custom actions on this resource."
                },
                "Status": {
                    "$ref": "http://redfish.dmtf.org/schemas/v1/Resource.json#/definitions/Status"
                },
                "Subscriptions": {
                    "$ref": "http://redfish.dmtf.org/schemas/v1/EventDestinationCollection.json#/definitions/EventDestinationCollection",
                    "readonly": true,
                    "description": "This is a reference to a collection of Event Destination resources.",
                    "longDescription": "The value of this property shall contain the link to a collection of type EventDestinationCollection."
                }
            },
            "description": "This is the schema definition for the Event Service. It represents the properties for the service itself and has links to the actual list of subscriptions."
        },
        "SubmitTestEvent": {
            "patternProperties": {
                "^([a-zA-Z_][a-zA-Z0-9_]*)?@(odata|Redfish|Message|Privileges)\\.[a-zA-Z_][a-zA-Z0-9_.]+$": {
                    "type": [
                        "array",
                        "boolean",
                        "number",
                        "null",
                        "object",
                        "string"
                    ],
                    "description": "This property shall specify a valid odata or Redfish property."
                }
            },
            "type": "object",
            "additionalProperties": false,
            "properties": {
                "title": {
                    "type": "string",
                    "description": "Friendly action name"
                },
                "target": {
                    "type": "string",
                    "format": "uri",
                    "description": "Link to invoke action"
                }
            }
        }
    },
    "copyright": "Copyright 2014-2015 Distributed Management Task Force, Inc. (DMTF). All rights reserved."
}