{
    "$schema": "http://redfish.dmtf.org/schemas/v1/redfish-schema.1.0.0.json",
    "title": "#JsonSchemaFile.JsonSchemaFile",
    "$ref": "#/definitions/JsonSchemaFile",
    "definitions": {
        "JsonSchemaFile": {
            "anyOf": [
                {
                    "$ref": "http://redfish.dmtf.org/schemas/v1/odata.4.0.0.json#/definitions/idRef"
                },
                {
                    "$ref": "http://redfish.dmtf.org/schemas/JsonSchemaFile.1.0.0.json#/definitions/JsonSchemaFile"
                }
            ]
        }
    },
    "copyright": "Copyright 2014-2015 Distributed Management Task Force, Inc. (DMTF). All rights reserved."
}