{
    "$schema": "http://redfish.dmtf.org/schemas/v1/redfish-schema.1.0.0.json",
    "title": "#ManagerAccount.ManagerAccount",
    "$ref": "#/definitions/ManagerAccount",
    "definitions": {
        "ManagerAccount": {
            "anyOf": [
                {
                    "$ref": "http://redfish.dmtf.org/schemas/v1/odata.4.0.0.json#/definitions/idRef"
                },
                {
                    "$ref": "http://redfish.dmtf.org/schemas/ManagerAccount.1.0.0.json#/definitions/ManagerAccount"
                }
            ]
        }
    },
    "copyright": "Copyright 2014-2015 Distributed Management Task Force, Inc. (DMTF). All rights reserved."
}