{
    "id": "http://redfish.dmtf.org/schemas/v1/redfish-schema.1.0.0",
    "type": "object",
    "$schema": "http://redfish.dmtf.org/schemas/v1/redfish-schema.1.0.0",
    "title": "Redfish Schema Extension",
    "description": "The properties defined in this schema shall adhere to the requirements of the Redfish Specification and the semantics of the descriptions in this file.",
    "allOf": [
        {
            "$ref": "http://json-schema.org/draft-04/schema"
        }
    ],
    "definitions": {
        "readonly": {
            "type": "boolean",
            "description": "This property shall designate a property to be readonly when set to true."
        },
        "requiredOnCreate": {
            "type": "array",
            "items": {
                "type": "boolean"
            },
            "description": "This property is required to be specified in the body of a POST request to create the resource."
        },
        "longDescription": {
            "type": "string",
            "description": "This attribute shall contain normative language relating to the Redfish Sprecification and documentation."
        },
        "copyright": {
            "type": "string",
            "description": "This attribute shall contain the copyright notice for the schema."
        },
        "enumDescriptions": {
            "type": "object",
            "description": "This attribute shall contain informative language related to the enumeration values of the property."
        }
    },
    "properties": {
        "readonly": {
            "$ref": "#/definitions/readonly"
        },
        "longDescription": {
            "$ref": "#/definitions/longDescription"
        },
        "copyright": {
            "$ref": "#/definitions/copyright"
        },
        "enumDescriptions": {
            "$ref": "#/definitions/enumDescriptions"
        }
    }
}