{
    "$schema": "http://redfish.dmtf.org/schemas/v1/redfish-schema.1.0.0.json",
    "title": "#Session.1.0.0.Session",
    "$ref": "#/definitions/Session",
    "definitions": {
        "Session": {
            "type": "object",
            "patternProperties": {
                "^([a-zA-Z_][a-zA-Z0-9_]*)?@(odata|Redfish|Message|Privileges)\\.[a-zA-Z_][a-zA-Z0-9_.]+$": {
                    "type": [
                        "array",
                        "boolean",
                        "number",
                        "null",
                        "object",
                        "string"
                    ],
                    "description": "This property shall specify a valid odata or Redfish property."
                }
            },
            "additionalProperties": false,
            "properties": {
                "@odata.context": {
                    "$ref": "http://redfish.dmtf.org/schemas/v1/odata.4.0.0.json#/definitions/context"
                },
                "@odata.id": {
                    "$ref": "http://redfish.dmtf.org/schemas/v1/odata.4.0.0.json#/definitions/id"
                },
                "@odata.type": {
                    "$ref": "http://redfish.dmtf.org/schemas/v1/odata.4.0.0.json#/definitions/type"
                },
                "Oem": {
                    "$ref": "http://redfish.dmtf.org/schemas/v1/Resource.json#/definitions/Oem",
                    "description": "This is the manufacturer/provider specific extension moniker used to divide the Oem object into sections.",
                    "longDescription": "The value of this string shall be of the format for the reserved word *Oem*."
                },
                "Id": {
                    "$ref": "http://redfish.dmtf.org/schemas/v1/Resource.json#/definitions/Id"
                },
                "Description": {
                    "$ref": "http://redfish.dmtf.org/schemas/v1/Resource.json#/definitions/Description"
                },
                "Name": {
                    "$ref": "http://redfish.dmtf.org/schemas/v1/Resource.json#/definitions/Name"
                },
                "UserName": {
                    "type": [
                        "string",
                        "null"
                    ],
                    "readonly": true
                },
                "Password": {
                    "type": [
                        "string",
                        "null"
                    ],
                    "description": "This property is used in a POST to specify a password when creating a new session.  This property is null on a GET.",
                    "longDescription": "The value of this property shall be the password for this session.  The value shall be null for GET requests."
                }
            },
            "requiredOnCreate": [
                "UserName",
                "Password"
            ],
            "description": "This is the base type for resources and referenceable members."
        }
    },
    "copyright": "Copyright 2014-2015 Distributed Management Task Force, Inc. (DMTF). All rights reserved."
}