{
    "$schema": "http://redfish.dmtf.org/schemas/v1/redfish-schema.1.0.0.json",
    "title": "#Thermal.1.0.0.Thermal",
    "$ref": "#/definitions/Thermal",
    "definitions": {
        "Fan": {
            "type": "object",
            "patternProperties": {
                "^([a-zA-Z_][a-zA-Z0-9_]*)?@(odata|Redfish|Message|Privileges)\\.[a-zA-Z_][a-zA-Z0-9_.]+$": {
                    "type": [
                        "array",
                        "boolean",
                        "number",
                        "null",
                        "object",
                        "string"
                    ],
                    "description": "This property shall specify a valid odata or Redfish property."
                }
            },
            "additionalProperties": false,
            "properties": {
                "Oem": {
                    "$ref": "http://redfish.dmtf.org/schemas/v1/Resource.json#/definitions/Oem",
                    "description": "This is the manufacturer/provider specific extension moniker used to divide the Oem object into sections.",
                    "longDescription": "The value of this string shall be of the format for the reserved word *Oem*."
                },
                "MemberId": {
                    "type": "string",
                    "description": "This is the identifier for the member within the collection.",
                    "longDescription": "The value of this string shall uniquely identify the member within the collection."
                },
                "FanName": {
                    "type": [
                        "string",
                        "null"
                    ],
                    "readonly": true,
                    "description": "Name of the fan",
                    "longDescription": "The value of this property shall be the name of the fan."
                },
                "PhysicalContext": {
                    "$ref": "http://redfish.dmtf.org/schemas/v1/PhysicalContext.1.0.0.json#/definitions/PhysicalContext",
                    "readonly": true,
                    "description": "Describes the area or device associated with this fan.",
                    "longDescription": "The value of this property shall be a description of the affected device or region within the chassis to which this fan is associated."
                },
                "Status": {
                    "$ref": "http://redfish.dmtf.org/schemas/v1/Resource.json#/definitions/Status"
                },
                "ReadingRPM": {
                    "type": [
                        "number",
                        "null"
                    ],
                    "readonly": true,
                    "description": "Current fan speed in RPM",
                    "longDescription": "The value of this property shall be the current value of the fan sensor's reading."
                },
                "UpperThresholdNonCritical": {
                    "type": [
                        "number",
                        "null"
                    ],
                    "readonly": true,
                    "description": "Above normal range",
                    "longDescription": "The value of this property shall indicate the ReadingRPM is above the normal range but is not critical. The units shall be the same units as the related ReadingRPM propoerty."
                },
                "UpperThresholdCritical": {
                    "type": [
                        "number",
                        "null"
                    ],
                    "readonly": true,
                    "description": "Above normal range but not yet fatal",
                    "longDescription": "The value of this property shall indicate the ReadingRPM is above the normal range but is not yet fatal. The units shall be the same units as the related ReadingRPM propoerty."
                },
                "UpperThresholdFatal": {
                    "type": [
                        "number",
                        "null"
                    ],
                    "readonly": true,
                    "description": "Above normal range and is fatal",
                    "longDescription": "The value of this property shall indicate the ReadingRPM is above the normal range and is fatal. The units shall be the same units as the related ReadingRPM propoerty."
                },
                "LowerThresholdNonCritical": {
                    "type": [
                        "number",
                        "null"
                    ],
                    "readonly": true,
                    "description": "Below normal range",
                    "longDescription": "The value of this property shall indicate the ReadingRPM is below the normal range but is not critical. The units shall be the same units as the related ReadingRPM propoerty."
                },
                "LowerThresholdCritical": {
                    "type": [
                        "number",
                        "null"
                    ],
                    "readonly": true,
                    "description": "Below normal range but not yet fatal",
                    "longDescription": "The value of this property shall indicate the ReadingRPM is below the normal range but is not yet fatal. The units shall be the same units as the related ReadingRPM propoerty."
                },
                "LowerThresholdFatal": {
                    "type": [
                        "number",
                        "null"
                    ],
                    "readonly": true,
                    "description": "Below normal range and is fatal",
                    "longDescription": "The value of this property shall indicate the ReadingRPM is below the normal range and is fatal. The units shall be the same units as the related ReadingRPM propoerty."
                },
                "MinReadingRange": {
                    "type": [
                        "number",
                        "null"
                    ],
                    "readonly": true,
                    "description": "Minimum value for ReadingRPM",
                    "longDescription": "The value of this property shall indicate the lowest possible value for ReadingRPM. The units shall be the same units as the related ReadingRPM propoerty."
                },
                "MaxReadingRange": {
                    "type": [
                        "number",
                        "null"
                    ],
                    "readonly": true,
                    "description": "Maximum value for ReadingRPM",
                    "longDescription": "The value of this property shall indicate the lowest possible value for ReadingRPM. The units shall be the same units as the related ReadingRPM propoerty."
                },
                "RelatedItem@odata.count": {
                    "$ref": "http://redfish.dmtf.org/schemas/v1/odata.4.0.0.json#/definitions/count"
                },
                "RelatedItem@odata.navigationLink": {
                    "$ref": "http://redfish.dmtf.org/schemas/v1/odata.4.0.0.json#/definitions/idRef"
                },
                "RelatedItem": {
                    "type": "array",
                    "items": {
                        "$ref": "http://redfish.dmtf.org/schemas/v1/odata.4.0.0.json#/definitions/idRef"
                    },
                    "description": "The ID(s) of the resources serviced with this fan",
                    "longDescription": "The value of this property shall be an array of IDs containing pointers consistent with JSON pointer syntax to the resource that are being serviced by this fan."
                },
                "Redundancy@odata.count": {
                    "$ref": "http://redfish.dmtf.org/schemas/v1/odata.4.0.0.json#/definitions/count"
                },
                "Redundancy@odata.navigationLink": {
                    "$ref": "http://redfish.dmtf.org/schemas/v1/odata.4.0.0.json#/definitions/idRef"
                },
                "Redundancy": {
                    "type": "array",
                    "items": {
                        "$ref": "http://redfish.dmtf.org/schemas/v1/Redundancy.json#/definitions/Redundancy"
                    },
                    "readonly": true,
                    "description": "This structure is used to show redundancy for fans.  The Component ids will reference the members of the redundancy groups.",
                    "longDescription": "The values of the properties in this array shall be used to show redundancy for fans and other elements in this resource.  The use of IDs within these arrays shall reference the members of the redundancy groups."
                }
            },
            "description": "This is the base type for addressable members of an array.",
            "longDescription": "Array members can be referenced using the value returned in the @odata.id property which may or may not be a dereferenceable URL. The @odata.id of this entity shall be the location of this element within an Item."
        },
        "Temperature": {
            "type": "object",
            "patternProperties": {
                "^([a-zA-Z_][a-zA-Z0-9_]*)?@(odata|Redfish|Message|Privileges)\\.[a-zA-Z_][a-zA-Z0-9_.]+$": {
                    "type": [
                        "array",
                        "boolean",
                        "number",
                        "null",
                        "object",
                        "string"
                    ],
                    "description": "This property shall specify a valid odata or Redfish property."
                }
            },
            "additionalProperties": false,
            "properties": {
                "Oem": {
                    "$ref": "http://redfish.dmtf.org/schemas/v1/Resource.json#/definitions/Oem",
                    "description": "This is the manufacturer/provider specific extension moniker used to divide the Oem object into sections.",
                    "longDescription": "The value of this string shall be of the format for the reserved word *Oem*."
                },
                "MemberId": {
                    "type": "string",
                    "description": "This is the identifier for the member within the collection.",
                    "longDescription": "The value of this string shall uniquely identify the member within the collection."
                },
                "Name": {
                    "type": [
                        "string",
                        "null"
                    ],
                    "readonly": true,
                    "description": "Temperature sensor name.",
                    "longDescription": "The value of this property shall be the name of the temperature sensor."
                },
                "SensorNumber": {
                    "type": [
                        "number",
                        "null"
                    ],
                    "readonly": true,
                    "description": "A numerical identifier to represent the temperature sensor",
                    "longDescription": "The value of this property shall be a numerical identifier for this temperature sensor that is unique within this resource. "
                },
                "Status": {
                    "$ref": "http://redfish.dmtf.org/schemas/v1/Resource.json#/definitions/Status"
                },
                "ReadingCelsius": {
                    "type": [
                        "number",
                        "null"
                    ],
                    "readonly": true,
                    "description": "Temperature",
                    "longDescription": "The value of this property shall be the current value of the temperature sensor's reading."
                },
                "UpperThresholdNonCritical": {
                    "type": [
                        "number",
                        "null"
                    ],
                    "readonly": true,
                    "description": "Above normal range",
                    "longDescription": "The value of this property shall indicate the ReadingCelsius is above the normal range but is not critical. The units shall be the same units as the related ReadingCelsius propoerty."
                },
                "UpperThresholdCritical": {
                    "type": [
                        "number",
                        "null"
                    ],
                    "readonly": true,
                    "description": "Above normal range but not yet fatal.",
                    "longDescription": "The value of this property shall indicate the ReadingCelsius is above the normal range but is not yet fatal. The units shall be the same units as the related ReadingCelsius propoerty."
                },
                "UpperThresholdFatal": {
                    "type": [
                        "number",
                        "null"
                    ],
                    "readonly": true,
                    "description": "Above normal range and is fatal",
                    "longDescription": "The value of this property shall indicate the ReadingCelsius is above the normal range and is fatal. The units shall be the same units as the related ReadingCelsius propoerty."
                },
                "LowerThresholdNonCritical": {
                    "type": [
                        "number",
                        "null"
                    ],
                    "readonly": true,
                    "description": "Below normal range",
                    "longDescription": "The value of this property shall indicate the ReadingCelsius is below the normal range but is not critical. The units shall be the same units as the related ReadingCelsius propoerty."
                },
                "LowerThresholdCritical": {
                    "type": [
                        "number",
                        "null"
                    ],
                    "readonly": true,
                    "description": "Below normal range but not yet fatal.",
                    "longDescription": "The value of this property shall indicate the ReadingCelsius is below the normal range but is not yet fatal. The units shall be the same units as the related ReadingCelsius propoerty."
                },
                "LowerThresholdFatal": {
                    "type": [
                        "number",
                        "null"
                    ],
                    "readonly": true,
                    "description": "Below normal range and is fatal",
                    "longDescription": "The value of this property shall indicate the ReadingCelsius is below the normal range and is fatal. The units shall be the same units as the related ReadingCelsius propoerty."
                },
                "MinReadingRangeTemp": {
                    "type": [
                        "number",
                        "null"
                    ],
                    "readonly": true,
                    "description": "Minimum value for ReadingCelsius",
                    "longDescription": "The value of this property shall indicate the lowest possible value for ReadingCelsius. The units shall be the same units as the related ReadingCelsius propoerty."
                },
                "MaxReadingRangeTemp": {
                    "type": [
                        "number",
                        "null"
                    ],
                    "readonly": true,
                    "description": "Maximum value for ReadingCelsius",
                    "longDescription": "The value of this property shall indicate the lowest possible value for ReadingCelsius. The units shall be the same units as the related ReadingCelsius propoerty."
                },
                "PhysicalContext": {
                    "$ref": "http://redfish.dmtf.org/schemas/v1/PhysicalContext.1.0.0.json#/definitions/PhysicalContext",
                    "readonly": true,
                    "description": "Describes the area or device to which this temperature measurement applies.",
                    "longDescription": "The value of this property shall be a description of the affected device or region within the chassis to which this temperature measurement applies."
                },
                "RelatedItem@odata.count": {
                    "$ref": "http://redfish.dmtf.org/schemas/v1/odata.4.0.0.json#/definitions/count"
                },
                "RelatedItem@odata.navigationLink": {
                    "$ref": "http://redfish.dmtf.org/schemas/v1/odata.4.0.0.json#/definitions/idRef"
                },
                "RelatedItem": {
                    "type": "array",
                    "items": {
                        "$ref": "http://redfish.dmtf.org/schemas/v1/odata.4.0.0.json#/definitions/idRef"
                    },
                    "readonly": true,
                    "description": "Describes the areas or devices to which this temperature measurement applies.",
                    "longDescription": "The value of this property shall the array of IDs of areas or devices to which this temperature measurement applies."
                }
            },
            "description": "This is the base type for addressable members of an array.",
            "longDescription": "Array members can be referenced using the value returned in the @odata.id property which may or may not be a dereferenceable URL. The @odata.id of this entity shall be the location of this element within an Item."
        },
        "Thermal": {
            "type": "object",
            "patternProperties": {
                "^([a-zA-Z_][a-zA-Z0-9_]*)?@(odata|Redfish|Message|Privileges)\\.[a-zA-Z_][a-zA-Z0-9_.]+$": {
                    "type": [
                        "array",
                        "boolean",
                        "number",
                        "null",
                        "object",
                        "string"
                    ],
                    "description": "This property shall specify a valid odata or Redfish property."
                }
            },
            "additionalProperties": false,
            "properties": {
                "@odata.context": {
                    "$ref": "http://redfish.dmtf.org/schemas/v1/odata.4.0.0.json#/definitions/context"
                },
                "@odata.id": {
                    "$ref": "http://redfish.dmtf.org/schemas/v1/odata.4.0.0.json#/definitions/id"
                },
                "@odata.type": {
                    "$ref": "http://redfish.dmtf.org/schemas/v1/odata.4.0.0.json#/definitions/type"
                },
                "Oem": {
                    "$ref": "http://redfish.dmtf.org/schemas/v1/Resource.json#/definitions/Oem",
                    "description": "This is the manufacturer/provider specific extension moniker used to divide the Oem object into sections.",
                    "longDescription": "The value of this string shall be of the format for the reserved word *Oem*."
                },
                "Id": {
                    "$ref": "http://redfish.dmtf.org/schemas/v1/Resource.json#/definitions/Id"
                },
                "Description": {
                    "$ref": "http://redfish.dmtf.org/schemas/v1/Resource.json#/definitions/Description"
                },
                "Name": {
                    "$ref": "http://redfish.dmtf.org/schemas/v1/Resource.json#/definitions/Name"
                },
                "Status": {
                    "$ref": "http://redfish.dmtf.org/schemas/v1/Resource.json#/definitions/Status"
                },
                "Temperatures@odata.count": {
                    "$ref": "http://redfish.dmtf.org/schemas/v1/odata.4.0.0.json#/definitions/count"
                },
                "Temperatures@odata.navigationLink": {
                    "$ref": "http://redfish.dmtf.org/schemas/v1/odata.4.0.0.json#/definitions/idRef"
                },
                "Temperatures": {
                    "type": "array",
                    "items": {
                        "$ref": "#/definitions/Temperature"
                    },
                    "readonly": true,
                    "description": "This is the definition for temperature sensors.",
                    "longDescription": "These properties shall be the definition for temperature sensors for a Redfish implementation."
                },
                "Fans@odata.count": {
                    "$ref": "http://redfish.dmtf.org/schemas/v1/odata.4.0.0.json#/definitions/count"
                },
                "Fans@odata.navigationLink": {
                    "$ref": "http://redfish.dmtf.org/schemas/v1/odata.4.0.0.json#/definitions/idRef"
                },
                "Fans": {
                    "type": "array",
                    "items": {
                        "$ref": "#/definitions/Fan"
                    },
                    "readonly": true,
                    "description": "This is the definition for fans.",
                    "longDescription": "These properties shall be the definition for fans for a Redfish implementation."
                },
                "Redundancy@odata.count": {
                    "$ref": "http://redfish.dmtf.org/schemas/v1/odata.4.0.0.json#/definitions/count"
                },
                "Redundancy@odata.navigationLink": {
                    "$ref": "http://redfish.dmtf.org/schemas/v1/odata.4.0.0.json#/definitions/idRef"
                },
                "Redundancy": {
                    "type": "array",
                    "items": {
                        "$ref": "http://redfish.dmtf.org/schemas/v1/Redundancy.json#/definitions/Redundancy"
                    },
                    "readonly": true,
                    "description": "This structure is used to show redundancy for fans.  The Component ids will reference the members of the redundancy groups.",
                    "longDescription": "The values of the properties in this array shall be used to show redundancy for fans and other elements in this resource.  The use of IDs within these arrays shall reference the members of the redundancy groups."
                }
            },
            "description": "This is the schema definition for the Thermal properties.  It represents the properties for Temperature and Cooling.",
            "longDescription": "This resource shall be used to represent a thermal metrics resource for a Redfish implementation."
        }
    },
    "copyright": "Copyright 2014-2015 Distributed Management Task Force, Inc. (DMTF). All rights reserved."
}