{
    "$schema": "http://schemas.dmtf.org/redfish/v1/redfish-schema.0.96.0",
    "title": "AccountService.0.96.0",
    "type": "object",
    "additionalProperties": false,
    "properties": {
        "@odata.context": {
            "$ref": "odata.4.0.0.json#context"
        },
        "@odata.id": {
            "$ref": "odata.4.0.0.json#id"
        },
        "@odata.type": {
            "$ref": "odata.4.0.0.json#type"
        },
        "Oem": {
            "$ref": "Resource.0.96.0.json#Oem",
            "description": "This is the manufacturer/provider specific extension moniker used to divide the Oem object into sections.",
            "longDescription": "The value of this string shall be of the format for the reserved word *Oem*."
        },
        "Id": {
            "$ref": "Resource.0.96.0.json#Id"
        },
        "Description": {
            "$ref": "Resource.0.96.0.json#Description"
        },
        "Name": {
            "$ref": "Resource.0.96.0.json#Name"
        },
        "AuthFailureLoggingThreshold": {
            "type": "integer",
            "readonly": false,
            "description": "This is the number of authorization failures that need to occur before the failure attempt is logged to the manager log.",
            "longDescription": "This property shall reference the threshold for when an authorization failure is logged.  This represents a modulo function value, thus the failure shall be logged every nth occurrence where n represents the value of this property."
        },
        "MinPasswordLength": {
            "type": "integer",
            "readonly": true,
            "description": "This is the minumum password length for this service.",
            "longDescription": "This property shall reference the minimum password length that the implementation will allow a password to be set to."
        },
        "AccountLockoutThreshold": {
            "type": [
                "integer",
                "null"
            ],
            "readonly": false,
            "description": "The number of failed login attempts before a user account is locked for a specified duration. (0=never locked)",
            "longDescription": "This property shall reference the threshold of failed login attempts at which point the user's account is locked.  If set to 0, no lockout shall ever occur."
        },
        "AccountLockoutDuration": {
            "type": [
                "integer",
                "null"
            ],
            "readonly": false,
            "description": "The time an account is locked after the account lockout threshold is met. Must be >= AccountLockoutResetAfter. If set to 0, no lockout will occur.",
            "longDescription": "This property shall reference the period of time that an account is locked after the number of failed login attempts reaches the threshold referenced by AccountLockoutThreshold, within the window of time referenced by AccountLockoutCounterResetAfter.  The value shall be greater than or equal to the value of AccountLockoutResetAfter.  If set to 0, no lockout shall occur."
        },
        "AccountLockoutCounterResetAfter": {
            "type": "integer",
            "readonly": false,
            "description": "The interval of time since the last failed login attempt at which point the lockout threshold counter for the account is reset to zero. Must be less than or equal to AccountLockoutDuration",
            "longDescription": "This property shall reference the threshold of time in seconds from the last failed login attempt at which point the AccountLockoutThreshold counter (that counts number of failed login attempts) is reset back to zero (at which point AccountLockoutThreshold failures would be required before the account is locked).  This value shall be less than or equal to AccountLockoutDuration. The threshold counter also resets to zero after each successful login."
        },
        "Links": {
            "type": "object",
            "additionalProperties": false,
            "properties": {
                "Oem": {
                    "$ref": "Resource.0.96.0.json#Oem",
                    "description": "Oem extension object.",
                    "longDescription": "This object represents the Oem property.  All values for resources described by this schema shall comply to the requirements as described in the Redfish specification."
                },
                "Accounts": {
                    "type": "object",
                    "properties": {
                        "@odata.id" :{
                            "$ref": "odata.4.0.0.json#Id"
                        }
                    },
                    "readonly": true,
                    "description": "Link to a collection of ManagerAccounts",
                    "longDescription": "This property shall contain the link to a collection of ManagerAccounts."
                },
                "Roles": {
                    "type": "object",
                    "properties": {
                        "@odata.id" :{
                            "$ref": "odata.4.0.0.json#Id"
                        }
                    },
                    "readonly": true,
                    "description": "Link to a collection of Roles",
                    "longDescription": "This property shall contain the link to a collection of Roles."
                }
            },
            "description": "The links object contains the links to other resources that are related to this resource."
        }
    },
    "description": "This is the schema definition for the Account Service.  It represents the properties for the service itself and has links to the actual list of accounts.",
    "longDescription": "This resource shall be used to represent a management account service for a Redfish implementation."
}
