{
    "$schema": "http://schemas.dmtf.org/redfish/v1/redfish-schema.0.96.0",
    "title": "Manager.0.96.0",
    "type": "object",
    "additionalProperties": false,
    "properties": {
        "@odata.context": {
            "$ref": "odata.4.0.0.json#context"
        },
        "@odata.id": {
            "$ref": "odata.4.0.0.json#id"
        },
        "@odata.type": {
            "$ref": "odata.4.0.0.json#type"
        },
        "Oem": {
            "$ref": "Resource.0.96.0.json#Oem",
            "description": "This is the manufacturer/provider specific extension moniker used to divide the Oem object into sections.",
            "longDescription": "The value of this string shall be of the format for the reserved word *Oem*."
        },
        "Id": {
            "$ref": "Resource.0.96.0.json#Id"
        },
        "Description": {
            "$ref": "Resource.0.96.0.json#Description"
        },
        "Name": {
            "$ref": "Resource.0.96.0.json#Name"
        },
        "ManagerType": {
            "type": "string",
            "enum": [
                "ManagementController",
                "EnclosureManager",
                "BMC",
                "RackManager",
                "AuxiliaryController"
            ],
            "enumDescriptions": {
                "ManagementController": "A controller used primarily to monitor or manage the operation of a device or system",
                "EnclosureManager": "A controller which provides management functions for a chassis or group of devices or systems",
                "BMC": "A controller which provides management functions for a single computer system",
                "RackManager": "A controller which provides management functions for a whole or part of a rack",
                "AuxiliaryController": "A controller which provides management functions for a particular subsystem or group of devices"
            },
            "readonly": true,
            "description": "This property represents the type of manager that this resource represents.",
            "longDescription": "The value of this property shall describe the function of this manager.  The value EnclosureManager shall be used if this manager controls one or more services through aggregation.  The value BMC shall be used if this manager represents a traditional server management controller. The value ManagementController shall be used if none of the other enumerations apply."
        },
        "Links": {
            "type": "object",
            "additionalProperties": false,
            "properties": {
                "Oem": {
                    "$ref": "Resource.0.96.0.json#Oem",
                    "description": "Oem extension object.",
                    "longDescription": "This object represents the Oem property.  All values for resources described by this schema shall comply to the requirements as described in the Redfish specification."
                },
                "ManagerForServers": {
                    "type": "array",
                    "items": {
                    "type": "object",
                    "properties": {
                        "@odata.id" :{
                            "$ref": "odata.4.0.0.json#Id"
                        }
                    }
                    },
                    "readonly": true,
                    "description": "This property is an array of references to the systems that this manager has control over.",
                    "longDescription": "This is a reference to a collection of ComputerSystem resources."
                },
                "ManagerForChassis": {
                    "type": "array",
                    "items": {
                    "type": "object",
                    "properties": {
                        "@odata.id" :{
                            "$ref": "odata.4.0.0.json#Id"
                        }
                    }
                    },
                    "readonly": true,
                    "description": "This property is an array of references to the chasis that this manager has control over.",
                    "longDescription": "This is a reference to a collection of ListenerDestination resources."
                },
                "EthernetInterfaces": {
                    "type": "object",
                    "properties": {
                        "@odata.id" :{
                            "$ref": "odata.4.0.0.json#Id"
                        }
                    },
                    "readonly": true,
                    "description": "This is a reference to a collection of NICs that this manager uses for network communication.  It is here that clients will find NIC configuration options and settings.",
                    "longDescription": "This is a reference to a collection of ListenerDestination resources."
                },
                "SerialInterfaces": {
                    "type": "object",
                    "properties": {
                        "@odata.id" :{
                            "$ref": "odata.4.0.0.json#Id"
                        }
                    },
                    "readonly": true,
                    "description": "This is a reference to a collection of serial interfaces that this manager uses for serial and console communication.  It is here that clients will find serial configuration options and settings.",
                    "longDescription": "The value of this property shall be a link to a collection of SerialInterfaces which are for the use of this manager."
                },
                "NetworkProtocol": {
                    "type": "object",
                    "properties": {
                        "@odata.id" :{
                            "$ref": "odata.4.0.0.json#Id"
                        }
                    },
                    "readonly": true,
                    "description": "This is a reference to the network services and their settings that the manager controls.  It is here that clients will find network configuration options as well as network services.",
                    "longDescription": "The value of this property shall contain a reference to a resource of type ManagerNetworkProtocol which represents the network services for this manager."
                },
                "LogServices": {
                    "type": "object",
                    "properties": {
                        "@odata.id" :{
                            "$ref": "odata.4.0.0.json#Id"
                        }
                    },
                    "readonly": true,
                    "description": "This is a reference to a collection of Logs used by the manager.",
                    "longDescription": "The value of this property shall contain a reference to a collection of LogService which are for the use of this manager."
                },
                "VirtualMedia": {
                    "type": "object",
                    "properties": {
                        "@odata.id" :{
                            "$ref": "odata.4.0.0.json#Id"
                        }
                    },
                    "readonly": true,
                    "description": "This is a reference to the virtual media services for this particular manager.",
                    "longDescription": "The value of this property shall contain a reference to a collection of VirtualMedia which are for the use of this manager."
                }
            },
            "readonly": true,
            "description": "This object contains the links to other resources that are related to this resource."
        },
        "ServiceEntryPointUUID": {
            "type": "string",
            "readonly": true,
            "description": "The UUID of the Redfish Service Entry Point provided by this manager",
            "longDescription": "This property shall contain the UUID of the Redfish Service Entry Point provided by this manager.  This property shall not be present if this manager does not provide a Redfish Service Entry Point."
        },
        "UUID": {
            "type": [
                "string",
                "null"
            ],
            "readonly": true,
            "description": "The Universal Unique Identifier (UUID) for this Manager",
            "longDescription": "The value of this property shall contain the universal unique identifier number for the manager."
        },
        "Model": {
            "type": [
                "string",
                "null"
            ],
            "readonly": true,
            "description": "The model information of this Manager as defined by the manufacturer",
            "longDescription": "The value of this property shall contain the information about how the manufacturer references this manager."
        },
        "DateTime": {
            "type": [
                "string",
                "null"
            ],
            "readonly": false,
            "description": "The current DateTime (with offset) for the manager, used to set or read time.",
            "longDescription": "The value of this property shall represent the current DateTime value for the manager, with offset from UTC, in Redfish Timestamp format."
        },
        "DateTimeLocalOffset": {
            "type": [
                "string",
                "null"
            ],
            "readonly": false,
            "description": "The time offset from UTC that the DateTime property is set to in format: +06:00 .",
            "longDescription": "The value is property shall represent the offset from UTC time that the current value of DataTime property contains.",
            "pattern": "([-+][0-1][0-9]:[0-5][0-9])"
        },
        "FirmwareVersion": {
            "type": [
                "string",
                "null"
            ],
            "readonly": true,
            "description": "The firmware version of this Manager",
            "longDescription": "This property shall contain the firwmare version as defined by the manufacturer for the associated manager."
        },
        "SerialConsole": {
            "type": "object",
            "additionalProperties": false,
            "properties": {
                "Enabled": {
                    "type": "boolean",
                    "description": "Indicates if the service is enabled for this manager.",
                    "longDescription": "The value of this property shall contain the enabled status of the protocol used for the service.  The value shall be true if enabled and false if disabled."
                },
                "MaxConcurrentSessions": {
                    "type": "integer",
                    "readonly": true,
                    "description": "Indicates the maximum number of service sessions, regardless of protocol, this manager is able to support.",
                    "longDescription": "The value of this property shall contain the maximum number of concurrent service sessions supported by the implementation."
                },
                "ConnectTypesSupported": {
                    "type": "array",
                    "items": {
                        "type": "string",
                        "enum": [
                            "SSH",
                            "Telnet",
                            "IPMI",
                            "Oem"
                        ],
                        "enumDescriptions": {
                            "SSH": "The controller supports a Serial Console connection using the SSH protocol",
                            "Telnet": "The controller supports a Serial Console connection using the Telnet protocol",
                            "IPMI": "The controller supports a Serial Console connection using the IPMI Serial-over-LAN (SOL) protocol",
                            "Oem": "The controller supports a Serial Console connection using an OEM-specific protocol"
                        }
                    },
                    "readonly": true,
                    "description": "This object is used to enumerate the Serial Console connection types allowed by the implementation.",
                    "longDescription": "The value of ConnectTypesSupported shall be an array of the enumerations provided here.  SSH shall be included if the Secure Shell (SSH) protocol is supported.  Telnet shall be included if the Telnet protocol is supported.  IPMI shall be included if the IPMI (Serial-over-LAN) protocol is supported."
                }
            },
            "description": "The value of this property shall contain the information about the Serial Console service of this manager."
        },
        "CommandShell": {
            "type": [
                "object",
                "null"
            ],
            "additionalProperties": false,
            "properties": {
                "Enabled": {
                    "type": "boolean",
                    "description": "Indicates if the service is enabled for this manager.",
                    "longDescription": "The value of this property shall contain the enabled status of the protocol used for the service.  The value shall be true if enabled and false if disabled."
                },
                "MaxConcurrentSessions": {
                    "type": "integer",
                    "readonly": true,
                    "description": "Indicates the maximum number of service sessions, regardless of protocol, this manager is able to support.",
                    "longDescription": "The value of this property shall contain the maximum number of concurrent service sessions supported by the implementation."
                },
                "ConnectTypesSupported": {
                    "type": "array",
                    "items": {
                        "type": "string",
                        "enum": [
                            "SSH",
                            "Telnet",
                            "IPMI",
                            "Oem"
                        ],
                        "enumDescriptions": {
                            "SSH": "The controller supports a Command Shell connection using the SSH protocol",
                            "Telnet": "The controller supports a Command Shell connection using the SSH protocol",
                            "IPMI": "The controller supports a Command Shell connection using the SSH protocol",
                            "Oem": "The controller supports a Command Shell connection using an OEM-specific protocol"
                        }
                    },
                    "readonly": true,
                    "description": "This object is used to enumerate the Command Shell connection types allowed by the implementation.",
                    "longDescription": "The value of ConnectTypesSupported shall be an array of the enumerations provided here.  SSH shall be included if the Secure Shell (SSH) protocol is supported.  Telnet shall be included if the Telnet protocol is supported.  IPMI shall be included if the IPMI (Serial-over-LAN) protocol is supported."
                }
            },
            "description": "The value of this property shall contain the information about the Command Shell service of this manager."
        },
        "GraphicalConsole": {
            "type": [
                "object",
                "null"
            ],
            "additionalProperties": false,
            "properties": {
                "Enabled": {
                    "type": "boolean",
                    "description": "Indicates if the service is enabled for this manager.",
                    "longDescription": "The value of this property shall contain the enabled status of the protocol used for the service.  The value shall be true if enabled and false if disabled."
                },
                "MaxConcurrentSessions": {
                    "type": "integer",
                    "readonly": true,
                    "description": "Indicates the maximum number of service sessions, regardless of protocol, this manager is able to support.",
                    "longDescription": "The value of this property shall contain the maximum number of concurrent service sessions supported by the implementation."
                },
                "ConnectTypesSupported": {
                    "type": "array",
                    "items": {
                        "type": "string",
                        "enum": [
                            "KVMIP",
                            "Oem"
                        ],
                        "enumDescriptions": {
                            "KVMIP": "The controller supports a Graphical Console connection using a KVM-IP (redirection of Keyboard, Video, Mouse over IP) protocol",
                            "Oem": "The controller supports a Graphical Console connection using an OEM-specific protocol"
                        }
                    },
                    "readonly": true,
                    "description": "This object is used to enumerate the Graphical Console connection types allowed by the implementation.",
                    "longDescription": "The value of ConnectTypesSupported shall be an array of the enumerations provided here.  RDP shall be included if the Remote Desktop (RDP) protocol is supported.  KVMIP shall be included if a vendor-define KVM-IP protocol is supported."
                }
            },
            "description": "The value of this property shall contain the information about the Graphical Console (KVM-IP) service of this manager."
        },
        "Actions": {
            "type": "object",
            "additionalProperties": false,
            "properties": {
                "Oem": {
                    "type": [
                        "object",
                        "null"
                    ],
                    "additionalProperties": false,
                    "properties": {

                    }
                },
                "#Manager.Reset": {
                    "type": "object",
                    "additionalProperties": false,
                    "properties": {
                        "title": {
                            "type": "string",
                            "description": "Friendly action name"
                        },
                        "target": {
                            "type": "string",
                            "description": "Link to invoke action"
                        }
                    }
                },
                "#Manager.ForceFailover": {
                    "type": "object",
                    "additionalProperties": false,
                    "properties": {
                        "title": {
                            "type": "string",
                            "description": "Friendly action name"
                        },
                        "target": {
                            "type": "string",
                            "description": "Link to invoke action"
                        },
                        "href@DMTF.AllowableValues": {
                            "type": "array",
                            "items": {
                                "type": "array",
                                "items": {
                                    "@odata.id": "Resource.0.96.0.json#Resource"
                                }
                            },
                            "description": "This array defines the supported values for this property on this resource.  In this case, a valid reference is supported."
                        }
                    }
                },
                "#Manager.ModifyRedundancySet": {
                    "type": "object",
                    "additionalProperties": false,
                    "properties": {
                        "title": {
                            "type": "string",
                            "description": "Friendly action name"
                        },
                        "target": {
                            "type": "string",
                            "description": "Link to invoke action"
                        },
                        "Add@DMTF.AllowableValues": {
                            "type": "array",
                            "items": {
                                "type": "array",
                                "items": {
                                    "@odata.id": "Resource.0.96.0.json#Resource"
                                }
                            },
                            "description": "This array defines the supported values for this property on this resource.  In this case, a valid reference is supported. Add shall be used to Add members to the manager redundancy group."
                        },
                        "Remove@DMTF.AllowableValues": {
                            "type": "array",
                            "items": {
                                "type": "array",
                                "items": {
                                    "@odata.id": "Resource.0.96.0.json#Resource"
                                }
                            },
                            "description": "This array defines the supported values for this property on this resource.  In this case, a valid reference is supported. Remove shall be used to remove members from the manager redundancy group."
                        }
                    }
                }
            },
            "readonly": true,
            "description": "The Actions object contains the available custom actions on this resource."
        },
        "Status": {
            "$ref": "Resource.0.96.0.json#Status"
        },
        "Redundancy": {
            "type": "array",
            "items": {
                "$ref": "Redundancy.0.96.0.json#Redundancy"
            },
            "readonly": true,
            "description": "Redundancy information for the managers of this system"
        },
        "ManagerService": {
            "type": "object",
            "additionalProperties": false,
            "properties": {
                "Enabled": {
                    "type": "boolean",
                    "description": "Indicates if the service is enabled for this manager.",
                    "longDescription": "The value of this property shall contain the enabled status of the protocol used for the service.  The value shall be true if enabled and false if disabled."
                },
                "MaxConcurrentSessions": {
                    "type": "integer",
                    "readonly": true,
                    "description": "Indicates the maximum number of service sessions, regardless of protocol, this manager is able to support.",
                    "longDescription": "The value of this property shall contain the maximum number of concurrent service sessions supported by the implementation."
                }
            },
            "description": "Used for describing services like Serial Console, Command Shell or Graphical Console"
        }
    },
    "description": "This is the schema definition for a Manager.  Examples of managers are BMCs, Enclosure Managers, Management Controllers and other subsystems assigned managability functions.",
    "longDescription": "This resource shall be used to represent a management subsystem for a Redfish implementation."
}
