{
	"$schema": "http://www.redfishspecification.org/schema",
	"definitions": {
		"context": {
			"type": "string",
			"format": "uri",
			"readonly": true,
			"longDescription": "The value of this property shall be the context URL that describes the resource according to OData-Protocol and shall be of the form defined in the SPMF specification."
		},
		
		"id":{
			"type": "string",
			"format": "uri",
			"readonly": true,
			"longDescription": "The value of this property shall be the unique identifier for the resource and it shall be of the form defined in the SPMF specification."
		},

		"type":{
			"type": "string",
			"readonly": true,
			"longDescription": "The value of this property shall be an absolute URL that specifies the type of the resource and it shall be of the form defined in the SPMF specification."
		}
	}
}
