{
    "$schema": "http://schemas.dmtf.org/redfish/v1/redfish-schema.0.96.0",
    "title": "ServiceRoot.0.96.0",
    "type": "object",
    "additionalProperties": false,
    "properties": {
        "@odata.context": {
            "$ref": "odata.4.0.0.json#context"
        },
        "@odata.id": {
            "$ref": "odata.4.0.0.json#id"
        },
        "@odata.type": {
            "$ref": "odata.4.0.0.json#type"
        },
        "Oem": {
            "$ref": "Resource.0.96.0.json#Oem",
            "description": "This is the manufacturer/provider specific extension moniker used to divide the Oem object into sections.",
            "longDescription": "The value of this string shall be of the format for the reserved word *Oem*."
        },
        "Id": {
            "$ref": "Resource.0.96.0.json#Id"
        },
        "Description": {
            "$ref": "Resource.0.96.0.json#Description"
        },
        "Name": {
            "$ref": "Resource.0.96.0.json#Name"
        },
        "RedfishVersion": {
            "type": "string",
            "readonly": true,
            "description": "The version of the Redfish service",
            "longDescription": "The value of this string shall represent the version of the Redfish service.  The format of this string shall be of the format majorversion.minorversion.errata in compliance with Protocol Version section of the Redfish specification. ",
            "pattern": "^\\d+\\.\\d+\\.\\d+$"
        },
        "UUID": {
            "type": [
                "string",
                "null"
            ],
            "pattern": "([0-9a-f]{8}-[0-9a-f]{4}-[0-9a-f]{4}-[0-9a-f]{4}-[0-9a-f]{12})",
            "readonly": true,
            "description": "Unique identifier for a service instance.  This value should be an exact match of the UUID value returned in a 200OK from an SSDP M-SEARCH request during discovery.",
            "longDescription": "The value of this string shall represent the id of the Redfish service instance.  The format of this string shall be a 32-byte value in the form 8-4-4-4-12.  This value shall be an exact match of the UUID value returned in a 200OK from an SSDP M-SEARCH request during discovery."
        },
        "Links": {
            "type": "object",
            "additionalProperties": false,
            "properties": {
                "Systems": {
                    "type": "object",
                    "properties": {
                        "@odata.id" :{
                            "$ref": "odata.4.0.0.json#Id"
                        }
                    },
                    "readonly": true,
                    "description": "This is a link to a collection of Systems.",
                    "longDescription": "This object shall only contain a reference to a collection of resources that comply to the Systems schema.  The last segment of the path shall be 'Systems'."
                },
                "Chassis": {
                    "type": "object",
                    "properties": {
                        "@odata.id" :{
                            "$ref": "odata.4.0.0.json#Id"
                        }
                    },
                    "readonly": true,
                    "description": "This is a link to a collection of Chassis.",
                    "longDescription": "This object shall only contain a reference to a collection of resources that comply to the Chassis schema. The last segment of the path shall be 'Chassis'."
                },
                "Managers": {
                    "type": "object",
                    "properties": {
                        "@odata.id" :{
                            "$ref": "odata.4.0.0.json#Id"
                        }
                    },
                    "readonly": true,
                    "description": "This is a link to a collection of Managers.",
                    "longDescription": "This object shall only contain a reference to a collection of resources that comply to the Managers schema.  The last segment of the path shall be 'Managers'."
                },
                "Tasks": {
                    "type": "object",
                    "properties": {
                        "@odata.id" :{
                            "$ref": "odata.4.0.0.json#Id"
                        }
                    },
                    "readonly": true,
                    "description": "This is a link to the Task Service.",
                    "longDescription": "The classes structure shall only contain a reference to a resource that complies to the TaskService schema.  The last segment of the path shall be 'Tasks'"
                },
                "SessionService": {
                    "type": "object",
                    "properties": {
                        "@odata.id" :{
                            "$ref": "odata.4.0.0.json#Id"
                        }
                    },
                    "readonly": true,
                    "description": "This is a link to the Sessions Service.",
                    "longDescription": "The classes structure shall only contain a reference to a resource that complies to the SessionService schema.  The last segment of the path shall be 'SessionService'."
                },
                "AccountService": {
                    "type": "object",
                    "properties": {
                        "@odata.id" :{
                            "$ref": "odata.4.0.0.json#Id"
                        }
                    },
                    "readonly": true,
                    "description": "This is a link to the Account Service.",
                    "longDescription": "The classes structure shall only contain a reference to a resource that complies to the AccountService schema.  The last segment of the path shall be 'AccountService'"
                },
                "EventService": {
                    "type": "object",
                    "properties": {
                        "@odata.id" :{
                            "$ref": "odata.4.0.0.json#Id"
                        }
                    },
                    "readonly": true,
                    "description": "This is a link to the EventService.",
                    "longDescription": "The classes structure shall only contain a reference to a resource that complies to the EventService schema.  The last segment of the path shall be 'EventService'."
                },
                "Registries": {
                    "type": "object",
                    "properties": {
                        "@odata.id" :{
                            "$ref": "odata.4.0.0.json#Id"
                        }
                    },
                    "readonly": true,
                    "description": "This is a link to a collection of Registries.",
                    "longDescription": "This object shall only contain a reference to a collection of resources that comply to the SchemaFile schema where the files are Registries.  The last segment of the path shall be 'Registries'."
                },
                "JsonSchemas": {
                    "type": "object",
                    "properties": {
                        "@odata.id" :{
                            "$ref": "odata.4.0.0.json#Id"
                        }
                    },
                    "readonly": true,
                    "description": "This is a link to a collection of Json-Schema files.",
                    "longDescription": "This object shall only contain a reference to a collection of resources that comply to the SchemaFile schema where the files are Json-Schema files.  The last segment of the path shall be 'JsonSchemas'."
                }
            },
            "readonly": true,
            "description": "The links object contains the links to other resources that are related to this resource."
        }
    },
    "required": [
        "Links"
    ],
    "description": "This object represents the root Redfish service.",
    "longDescription": "This object represents the root Redfish service.  All values for resources described by this schema shall comply to the requirements as described in the Redfish specification."
}
