{
    "@odata.type": "#LogEntryCollection.LogEntryCollection",
    "Name": "Log Entry Collection",
    "Members@odata.count": 1,
    "Members": [
        {
            "@odata.id": "/redfish/v1/Managers/MultiBladeBMC/LogServices/Log/Entries/1",
            "Id": "1",
            "Name": "Log Entry 1",
            "EntryType": "Event",
            "Severity": "Critical",
            "Created": "2016-01-10T18:02:00Z",
            "MessageId": "Event.1.0.FanWayTooSlow",
            "Message": "Fan 2 crossed Lower Fatal Threshold; fans are no longer redundant",
            "Links": {
                "OriginOfCondition": {
                    "@odata.id": "/redfish/v1/Chassis/MultiBladeEncl/Thermal"
                }
            }
        }
    ],
    "@odata.context": "/redfish/v1/$metadata#LogEntryCollection.LogEntryCollection",
    "@odata.id": "/redfish/v1/Managers/MultiBladeBMC/LogServices/Log/Entries",
    "@Redfish.Copyright": "Copyright 2014-2017 Distributed Management Task Force, Inc. (DMTF). For the full DMTF copyright policy, see http://www.dmtf.org/about/policies/copyright."
}
