{
    "@odata.type": "#Zone.v1_1_0.Zone",
    "Id": "2",
    "Name": "Resource Zone 2",
    "Status": {
        "State": "Enabled",
        "Health": "OK"
    },
    "Links": {
        "ResourceBlocks": [
            {
                "@odata.id": "/redfish/v1/CompositionService/ResourceBlocks/ComputeBlock2"
            },
            {
                "@odata.id": "/redfish/v1/CompositionService/ResourceBlocks/DriveBlock3"
            },
            {
                "@odata.id": "/redfish/v1/CompositionService/ResourceBlocks/DriveBlock4"
            },
            {
                "@odata.id": "/redfish/v1/CompositionService/ResourceBlocks/DriveBlock5"
            },
            {
                "@odata.id": "/redfish/v1/CompositionService/ResourceBlocks/DriveBlock6"
            },
            {
                "@odata.id": "/redfish/v1/CompositionService/ResourceBlocks/DriveBlock7"
            },
            {
                "@odata.id": "/redfish/v1/CompositionService/ResourceBlocks/NetworkBlock8"
            },
            {
                "@odata.id": "/redfish/v1/CompositionService/ResourceBlocks/OffloadBlock9"
            }
        ]
    },
    "@Redfish.CollectionCapabilities": {
        "@odata.type": "#CollectionCapabilities.v1_0_0.CollectionCapabilities",
        "Capabilities": [
            {
                "CapabilitiesObject": {
                    "@odata.id": "/redfish/v1/Systems/Capabilities"
                },
                "UseCase": "ComputerSystemComposition",
                "Links": {
                    "TargetCollection": {
                        "@odata.id": "/redfish/v1/Systems"
                    }
                }
            }
        ]
    },
    "@odata.context": "/redfish/v1/$metadata#Zone.Zone",
    "@odata.id": "/redfish/v1/CompositionService/ResourceZones/2",
    "@Redfish.Copyright": "Copyright 2014-2017 Distributed Management Task Force, Inc. (DMTF). For the full DMTF copyright policy, see http://www.dmtf.org/about/policies/copyright."
}
