{
    "@odata.type": "#ResourceBlock.v1_0_0.ResourceBlock",
    "Id": "ComputeBlock1",
    "Name": "Compute Block 1",
    "ResourceBlockType": [
        "Compute"
    ],
    "Status": {
        "State": "Enabled",
        "Health": "OK"
    },
    "CompositionStatus": {
        "Reserved": false,
        "CompositionState": "Composed"
    },
    "Processors": [
        {
            "@odata.id": "/redfish/v1/CompositionService/ResourceBlocks/ComputeBlock1/Processors/Block1CPU0"
        },
        {
            "@odata.id": "/redfish/v1/CompositionService/ResourceBlocks/ComputeBlock1/Processors/Block1CPU1"
        }
    ],
    "Memory": [
        {
            "@odata.id": "/redfish/v1/CompositionService/ResourceBlocks/ComputeBlock1/Memory/Block1DIMM0"
        },
        {
            "@odata.id": "/redfish/v1/CompositionService/ResourceBlocks/ComputeBlock1/Memory/Block1DIMM1"
        },
        {
            "@odata.id": "/redfish/v1/CompositionService/ResourceBlocks/ComputeBlock1/Memory/Block1DIMM2"
        },
        {
            "@odata.id": "/redfish/v1/CompositionService/ResourceBlocks/ComputeBlock1/Memory/Block1DIMM3"
        }
    ],
    "Storage": [],
    "SimpleStorage": [],
    "EthernetInterfaces": [
        {
            "@odata.id": "/redfish/v1/CompositionService/ResourceBlocks/ComputeBlock1/EthernetInterfaces/Block1OnboardNIC"
        }
    ],
    "ComputerSystems": [],
    "Links": {
        "ComputerSystems": [
            {
                "@odata.id": "/redfish/v1/Systems/ComposedSystem"
            }
        ],
        "Chassis": [
            {
                "@odata.id": "/redfish/v1/Chassis/ComposableModule1"
            }
        ],
        "Zones": [
            {
                "@odata.id": "/redfish/v1/CompositionService/ResourceZones/1"
            }
        ]
    },
    "Oem": {},
    "@odata.context": "/redfish/v1/$metadata#ResourceBlock.ResourceBlock",
    "@odata.id": "/redfish/v1/CompositionService/ResourceBlocks/ComputeBlock1",
    "@Redfish.Copyright": "Copyright 2014-2017 Distributed Management Task Force, Inc. (DMTF). For the full DMTF copyright policy, see http://www.dmtf.org/about/policies/copyright."
}
