{
    "@odata.type": "#LogEntry.v1_0_2.LogEntry",
    "Id": "2",
    "Name": "Log Entry 2",
    "EntryType": "SEL",
    "OemRecordFormat": "Contoso",
    "Severity": "Critical",
    "Created": "2012-03-07T14:45",
    "EntryCode": "Assert",
    "SensorType": "Temperature",
    "SensorNumber": 2,
    "Message": "Temperature threshold exceeded",
    "MessageId": "Contoso.1.0.TempAssert",
    "MessageArgs": [
        "46"
    ],
    "Links": {
        "OriginOfCondition": {
            "@odata.id": "/redfish/v1/Chassis/1U/Thermal"
        },
        "Oem": {}
    },
    "Oem": {},
    "@odata.context": "/redfish/v1/$metadata#LogEntry.LogEntry",
    "@odata.id": "/redfish/v1/Systems/437XR1138R2/LogServices/Log1/Entries/2",
    "@Redfish.Copyright": "Copyright 2014-2016 Distributed Management Task Force, Inc. (DMTF). For the full DMTF copyright policy, see http://www.dmtf.org/about/policies/copyright."
}
