{
    "@odata.type": "#Processor.v1_1_0.Processor",
    "Id": "CPU4",
    "Name": "Processor",
    "ProcessorType": "CPU",
    "ProcessorArchitecture": "x86",
    "InstructionSet": "x86-64",
    "Manufacturer": "Intel(R) Corporation",
    "Model": "Intel(R) Xeon(R) processor",
    "MaxSpeedMHz": 3400,
    "TotalCores": 18,
    "TotalThreads": 36,
    "Status": {
        "State": "Enabled",
        "Health": "OK"
    },
    "Links": {
        "Chassis": {
            "@odata.id": "/redfish/v1/Chassis/Blade2"
        }
    },
    "@odata.context": "/redfish/v1/$metadata#Processor.Processor",
    "@odata.id": "/redfish/v1/CompositionService/ResourceBlocks/BladeComputeBlock2/RBSystem/Processors/CPU2",
    "@Redfish.Copyright": "Copyright 2014-2017 Distributed Management Task Force, Inc. (DMTF). For the full DMTF copyright policy, see http://www.dmtf.org/about/policies/copyright."
}
