<?xml version="1.0" encoding="UTF-8"?><!-- Copyright 2014-2015 Distributed Management Task Force, Inc. (DMTF). All rights reserved.-->
<edmx:Edmx xmlns:edmx="http://docs.oasis-open.org/odata/ns/edmx" Version="4.0">

  <edmx:Reference Uri="http://docs.oasis-open.org/odata/odata/v4.0/cs01/vocabularies/Org.OData.Core.V1.xml">
    <edmx:Include Namespace="Org.OData.Core.V1" Alias="OData"/>
  </edmx:Reference>
  <edmx:Reference Uri="http://redfish.dmtf.org/schemas/v1/RedfishExtensions.xml">
    <edmx:Include Namespace="RedfishExtensions.1.0.0" Alias="Redfish"/>
    <edmx:Include Namespace="Validation.1.0.0" Alias="Validation"/>
  </edmx:Reference>
  <edmx:Reference Uri="http://redfish.dmtf.org/schemas/v1/Resource.xml">
    <edmx:Include Namespace="Resource.1.0.0" />
  </edmx:Reference>
  <edmx:Reference Uri="http://redfish.dmtf.org/schemas/v1/Chassis.xml">
    <edmx:Include Namespace="Chassis"/>
  </edmx:Reference>
  <edmx:Reference Uri="http://redfish.dmtf.org/schemas/v1/LogServiceCollection.xml">
    <edmx:Include Namespace="LogServiceCollection"/>
  </edmx:Reference>
  <edmx:Reference Uri="http://redfish.dmtf.org/schemas/v1/EthernetInterfaceCollection.xml">
    <edmx:Include Namespace="EthernetInterfaceCollection"/>
  </edmx:Reference>
  <edmx:Reference Uri="http://redfish.dmtf.org/schemas/v1/SimpleStorageCollection.xml">
    <edmx:Include Namespace="SimpleStorageCollection"/>
  </edmx:Reference>
  <edmx:Reference Uri="http://redfish.dmtf.org/schemas/v1/ManagerAccount.xml">
    <edmx:Include Namespace="ManagerAccount"/>
  </edmx:Reference>
  <edmx:Reference Uri="http://redfish.dmtf.org/schemas/v1/ProcessorCollection.xml">
    <edmx:Include Namespace="ProcessorCollection"/>
  </edmx:Reference>

  <edmx:DataServices>

    <!-- This schema defines a computer system and its respective properties.-->
    <Schema xmlns="http://docs.oasis-open.org/odata/ns/edm" Namespace="ComputerSystem">

      <EntityType Name="ComputerSystem" BaseType="Resource.1.0.0.Resource">
        <Annotation Term="OData.Description" String="This schema defines a computer system and its respective properties.  A computer system represents a machine (physical or virtual) and the local resources such as memory, cpu and other devices that can be accessed from that machine."/>
        <Annotation Term="OData.LongDescription" String="This resource shall be used to represent resources that represent a computing system in the Redfish specification."/>
      </EntityType>

      <Action Name="Reset" IsBound="true">
        <Parameter Name="ComputerSystem" Type="ComputerSystem.1.0.0.Actions"/>
        <Parameter Name="ResetType" Type="Resource.ResetType">
          <Annotation Term="OData.Description" String="The type of reset to be performed"/>
          <Annotation Term="OData.LongDescription" String="This defines the property name for the action."/>
        </Parameter>
        <Annotation Term="OData.Description" String="This action is used to reset the system."/>
        <Annotation Term="OData.LongDescription" String="This action shall perform a reset of the ComputerSystem.  For systems which implement APCI Power Button functionality, the PushPowerButton value shall perform or emulate an ACPI Power Button push.  The ForceOff value shall remove power from the system or perform an ACPI Power Button Override (commonly known as a 4-second hold of the Power Button).  The ForceRestart value shall perform a ForceOff action followed by a On action."/>
      </Action>
      
    </Schema>
      
    <Schema xmlns="http://docs.oasis-open.org/odata/ns/edm" Namespace="ComputerSystem.1.0.0">

      <EntityType Name="ComputerSystem" BaseType="ComputerSystem.ComputerSystem">
        <Annotation Term="OData.Description" String="This schema defines a computer system and its respective properties.  A computer system represents a machine (physical or virtual) and the local resources such as memory, cpu and other devices that can be accessed from that machine."/>
        <Annotation Term="OData.LongDescription" String="This resource shall be used to represent resources that represent a computing system in the Redfish specification."/>
        <Property Name="SystemType" Type="ComputerSystem.1.0.0.SystemType" Nullable="false">
          <Annotation Term="OData.Permissions" EnumMember="OData.Permissions/Read"/>
          <Annotation Term="OData.Description" String="The type of computer system represented by this resource."/>
          <Annotation Term="OData.LongDescription" String="An enumeration that indicates the kind of system that this resource represents."/>
        </Property>
        <Property Name="Links" Type="ComputerSystem.1.0.0.Links" Nullable="false">
          <Annotation Term="OData.Permissions" EnumMember="OData.Permissions/Read"/>
          <Annotation Term="OData.Description" String="Contains links to other resources that are related to this resource."/>
        </Property>
        <Property Name="AssetTag" Type="Edm.String">
          <Annotation Term="OData.Permissions" EnumMember="OData.Permissions/ReadWrite"/>
          <Annotation Term="OData.Description" String="The user definable tag that can be used to track this computer system for inventory or other client purposes"/>
          <Annotation Term="OData.LongDescription" String="The value of this property shall contain the value of the asset tag of the system."/>
        </Property>
        <Property Name="Manufacturer" Type="Edm.String">
          <Annotation Term="OData.Permissions" EnumMember="OData.Permissions/Read"/>
          <Annotation Term="OData.Description" String="The manufacturer or OEM of this system."/>
          <Annotation Term="OData.LongDescription" String="The value of this property shall contain a value that represents the manufacturer of the system."/>
        </Property>
        <Property Name="Model" Type="Edm.String">
          <Annotation Term="OData.Permissions" EnumMember="OData.Permissions/Read"/>
          <Annotation Term="OData.Description" String="The model number for this system"/>
          <Annotation Term="OData.LongDescription" String="The value of this property shall contain the information about how the manufacturer references this system."/>
        </Property>
        <Property Name="SKU" Type="Edm.String">
          <Annotation Term="OData.Permissions" EnumMember="OData.Permissions/Read"/>
          <Annotation Term="OData.Description" String="The manufacturer SKU for this system"/>
          <Annotation Term="OData.LongDescription" String="The value of this property shall contain the Stock Keeping Unit (SKU) for the system."/>
        </Property>
        <Property Name="SerialNumber" Type="Edm.String">
          <Annotation Term="OData.Permissions" EnumMember="OData.Permissions/Read"/>
          <Annotation Term="OData.Description" String="The serial number for this system"/>
          <Annotation Term="OData.LongDescription" String="The value of this property shall contain the serial number for the system."/>
        </Property>
        <Property Name="PartNumber" Type="Edm.String">
          <Annotation Term="OData.Permissions" EnumMember="OData.Permissions/Read"/>
          <Annotation Term="OData.Description" String="The part number for this system"/>
          <Annotation Term="OData.LongDescription" String="The value of this property shall contain the part number for the system as defined by the manufacturer."/>
        </Property>
        <Property Name="UUID" Type="Resource.UUID">
          <Annotation Term="OData.Permissions" EnumMember="OData.Permissions/Read"/>
          <Annotation Term="OData.Description" String="The universal unique identifier (UUID) for this system"/>
          <Annotation Term="OData.LongDescription" String="The value of this property shall be used to contain a universal unique identifier number for the system. RFC4122 describes methods that can be used to create the value. The value should be considered to be opaque. Client software should only treat the overall value as a universally unique identifier and should not interpret any sub-fields within the UUID. If the system supports SMBIOS, the value and byte order of the property should match byte-for-byte with the memory byte order (from lowest address to highest) of the SMBIOS UUID. Following this order will make it simpler to correlate the UUID with the SMBIOS UUID"/>
        </Property>
        <Property Name="HostName" Type="Edm.String">
          <Annotation Term="OData.Description" String="The DNS Host Name, without any domain information"/>
          <Annotation Term="OData.LongDescription" String="The value of this property shall be the host name for this system, as reported by the operating system or hypervisor.  This value is typically provided to the Manager by a service running in the host operating system."/>
        </Property>
        <Property Name="IndicatorLED" Type="ComputerSystem.1.0.0.IndicatorLED">
          <Annotation Term="OData.Permissions" EnumMember="OData.Permissions/ReadWrite"/>
          <Annotation Term="OData.Description" String="The state of the indicator LED, used to identify the system"/>
          <Annotation Term="OData.LongDescription" String="The value of this property shall contain the indicator light state for the indicator light associated with this system."/>
        </Property>
        <Property Name="PowerState" Type="ComputerSystem.1.0.0.PowerState">
          <Annotation Term="OData.Permissions" EnumMember="OData.Permissions/Read"/>
          <Annotation Term="OData.Description" String="This is the current power state of the system"/>
          <Annotation Term="OData.LongDescription" String="The value of this property shall contain the power state of the system."/>
        </Property>
        <Property Name="Boot" Type="ComputerSystem.1.0.0.Boot"  Nullable="false">
          <Annotation Term="OData.Description" String="Information about the boot settings for this system"/>
          <Annotation Term="OData.LongDescription" String="This object shall contain properties which describe boot information for the current resource."/>
        </Property>
        <Property Name="BiosVersion" Type="Edm.String">
          <Annotation Term="OData.Description" String="The version of the system BIOS or primary system firmware."/>
          <Annotation Term="OData.LongDescription" String="The value of this property shall be the version string of the currently installed and running BIOS (for x86 systems).  For other systems, the value may contain a version string representing the primary system firmware."/>
        </Property>
        <Property Name="ProcessorSummary" Type="ComputerSystem.1.0.0.ProcessorSummary"  Nullable="false">
          <Annotation Term="OData.Description" String="This object describes the central processors of the system in general detail."/>
		      <Annotation Term="OData.LongDescription" String="This object shall contain properties which describe the central processors for the current resource."/>
        </Property>
        <Property Name="MemorySummary" Type="ComputerSystem.1.0.0.MemorySummary"  Nullable="false">
          <Annotation Term="OData.Description" String="This object describes the central memory of the system in general detail."/>
          <Annotation Term="OData.LongDescription" String="This object shall contain properties which describe the central memory for the current resource."/>
        </Property>
        <Property Name="Actions" Type="ComputerSystem.1.0.0.Actions" Nullable="false">
          <Annotation Term="OData.Permissions" EnumMember="OData.Permissions/Read"/>
          <Annotation Term="OData.Description" String="The Actions object contains the available custom actions on this resource."/>
        </Property>
        <NavigationProperty Name="Processors" Type="ProcessorCollection.ProcessorCollection" ContainsTarget="true">
           <Annotation Term="OData.Permissions" EnumMember="OData.Permissions/Read"/>
           <Annotation Term="OData.Description" String="A reference to the collection of Processors associated with this system"/>
           <Annotation Term="OData.LongDescription" String="The value of this property shall be a link to a collection of type ProcessorCollection."/>
           <Annotation Term="OData.AutoExpandReferences"/>
        </NavigationProperty>
        <NavigationProperty Name="EthernetInterfaces" Type="EthernetInterfaceCollection.EthernetInterfaceCollection" ContainsTarget="true">
          <Annotation Term="OData.Permissions" EnumMember="OData.Permissions/Read"/>
          <Annotation Term="OData.Description" String="A reference to the collection of Ethernet interfaces associated with this system"/>
          <Annotation Term="OData.LongDescription" String="The value of this property shall be a link to a collection of type EthernetInterfaceCollection."/>
		  <Annotation Term="OData.AutoExpandReferences"/>
        </NavigationProperty>
        <NavigationProperty Name="SimpleStorage" Type="SimpleStorageCollection.SimpleStorageCollection" ContainsTarget="true">
          <Annotation Term="OData.Permissions" EnumMember="OData.Permissions/Read"/>
          <Annotation Term="OData.Description" String="A reference to the collection of storage devices associated with this system"/>
          <Annotation Term="OData.LongDescription" String="The value of this property shall be a link to a collection of type SimpleStorageCollection."/>
          <Annotation Term="OData.AutoExpandReferences"/>
        </NavigationProperty>
        <NavigationProperty Name="LogServices" Type="LogServiceCollection.LogServiceCollection" ContainsTarget="true">
          <Annotation Term="OData.Permissions" EnumMember="OData.Permissions/Read"/>
          <Annotation Term="OData.Description" String="A reference to the collection of Log Services associated with this system"/>
          <Annotation Term="OData.LongDescription" String="The value of this property shall be a link to a collection of type LogServiceCollection."/>
          <Annotation Term="OData.AutoExpandReferences"/>
        </NavigationProperty>        
        <Property Name="Status" Type="Resource.Status"/>
      </EntityType>

      <ComplexType Name="Links" BaseType="Resource.Links">
        <NavigationProperty Name="Chassis" Type="Collection(Chassis.Chassis)">
          <Annotation Term="OData.Permissions" EnumMember="OData.Permissions/Read"/>
          <Annotation Term="OData.Description" String="An array of references to the chassis in which this system is contained"/>
          <Annotation Term="OData.LongDescription" String="The value of this property shall reference a resource of type Chassis that represents the physical container associated with this resource."/>
          <Annotation Term="OData.AutoExpandReferences"/>
        </NavigationProperty>
        <NavigationProperty Name="ManagedBy" Type="Collection(Manager.Manager)">
          <Annotation Term="OData.Permissions" EnumMember="OData.Permissions/Read"/>
          <Annotation Term="OData.Description" String="An array of references to the Managers responsible for this system"/>
          <Annotation Term="OData.LongDescription" String="The value of this property shall reference a resource of type manager that represents the resource with management responsibility for this resource."/>
          <Annotation Term="OData.AutoExpandReferences"/>
        </NavigationProperty>
        <NavigationProperty Name="PoweredBy" Type="Collection(Resource.Item)">
          <Annotation Term="OData.Permissions" EnumMember="OData.Permissions/Read"/>
          <Annotation Term="OData.Description" String="An array of ID[s] of resources that power this computer system. Normally the ID will be a chassis or a specific set of powerSupplies"/>
          <Annotation Term="OData.LongDescription" String="The value of this property shall be an array of IDs containing pointers consistent with JSON pointer syntax to the resource that powers this computer system."/>
          <Annotation Term="OData.AutoExpandReferences"/>
        </NavigationProperty>
        <NavigationProperty Name="CooledBy" Type="Collection(Resource.Item)">
          <Annotation Term="OData.Permissions" EnumMember="OData.Permissions/Read"/>
          <Annotation Term="OData.Description" String="An array of ID[s] of resources that cool this computer system. Normally the ID will be a chassis or a specific set of fans."/>
          <Annotation Term="OData.LongDescription" String="The value of this property shall be an array of IDs containing pointers consistent with JSON pointer syntax to the resource that powers this computer system."/>
          <Annotation Term="OData.AutoExpandReferences"/>
        </NavigationProperty>
      </ComplexType>

      <ComplexType Name="Actions">
        <Annotation Term="OData.AdditionalProperties" Bool="False"/>
        <Property Name="Oem" Type="ComputerSystem.1.0.0.OemActions"/>
      </ComplexType>

      <ComplexType Name="OemActions">
        <Annotation Term="OData.AdditionalProperties" Bool="True"/>
      </ComplexType>

      <EnumType Name="SystemType">
        <Member Name="Physical">
          <Annotation Term="OData.Description" String="A computer system"/>
        </Member>
        <Member Name="Virtual">
          <Annotation Term="OData.Description" String="A virtual machine instance running on this system"/>
        </Member>
        <Member Name="OS">
          <Annotation Term="OData.Description" String="An operating system instance"/>
        </Member>
        <Member Name="PhysicallyPartitioned">
          <Annotation Term="OData.Description" String="A hardware-based partition of a computer system"/>
        </Member>
        <Member Name="VirtuallyPartitioned">
          <Annotation Term="OData.Description" String="A virtual or software-based partition of a computer system"/>
        </Member>
      </EnumType>

      <!-- These are all supported LED statuses. -->
      <EnumType Name="IndicatorLED">
        <Member Name="Unknown">
          <Annotation Term="OData.Description" String="The state of the Indicator LED cannot be determined."/>
        </Member>
        <Member Name="Lit">
          <Annotation Term="OData.Description" String="The Indicator LED is lit."/>
        </Member>
        <Member Name="Blinking">
          <Annotation Term="OData.Description" String="The Indicator LED is blinking."/>
        </Member>
        <Member Name="Off">
          <Annotation Term="OData.Description" String="The Indicator LED is off."/>
        </Member>
      </EnumType>

      <EnumType Name="PowerState">
        <Member Name="On"/>
        <Member Name="Off"/>
        <Member Name="Unknown"/>
        <Member Name="Reset"/>
      </EnumType>

      <ComplexType Name="Boot">
        <Annotation Term="OData.AdditionalProperties" Bool="False"/>
        <Property Name="BootSourceOverrideTarget" Type="ComputerSystem.1.0.0.BootSource">
          <Annotation Term="OData.Permissions" EnumMember="OData.Permissions/ReadWrite"/>
          <Annotation Term="OData.Description" String="The current boot source to be used at next boot instead of the normal boot device, if BootSourceOverrideEnabled is true."/>
          <Annotation Term="OData.LongDescription" String="The value of this property shall contain the source to boot the system from, overriding the normal boot order.  The valid values for this property are specified through the DMTF.AllowableValues annotation. Pxe indicates to PXE boot from the primary NIC; Floppy, Cd, Usb, Hdd indicates to boot from their devices respectively.  BiosSetup indicates to boot into the native BIOS screen setup.  Utilities and Diags indicate to boot from the local utilities or diags partitions and UefiTarget indicates to boot from the UEFI device path found in UefiTargetBootSourceOverride."/>
        </Property>
        <Property Name="BootSourceOverrideEnabled" Type="ComputerSystem.1.0.0.BootSourceOverrideEnabled">
          <Annotation Term="OData.Permissions" EnumMember="OData.Permissions/ReadWrite"/>
          <Annotation Term="OData.Description" String="Describes the state of the Boot Source Override feature"/>
          <Annotation Term="OData.LongDescription" String="The value of this property shall be Once if this is a one time boot override and Continuous if this selection should remain active until cancelled."/>
        </Property>
        <Property Name="UefiTargetBootSourceOverride" Type="Edm.String">
          <Annotation Term="OData.Permissions" EnumMember="OData.Permissions/ReadWrite"/>
          <Annotation Term="OData.Description" String="This property is the Uefi Device Path of the device to boot from when BootSourceOverrideSupported is UefiTarget."/>
          <Annotation Term="OData.LongDescription" String="The value of this property shall be the UEFI device path of the override boot target.  The valid values for this property are specified through the DMTF.AllowableValues annotation. BootSourceOverrideEnabled = Continuous is not supported for Uefi Boot Source Override as this setting is defined in UEFI as a one time boot only."/>
        </Property>
        <Annotation Term="OData.Description" String="This object contains the boot information for the current resource."/>
      </ComplexType>

      <EnumType Name="BootSource">
        <Member Name="None">
          <Annotation Term="OData.Description" String="Boot from the normal boot device"/>
        </Member>
        <Member Name="Pxe">
          <Annotation Term="OData.Description" String="Boot from the Pre-Boot EXecution (PXE) environment"/>
        </Member>
        <Member Name="Floppy">
          <Annotation Term="OData.Description" String="Boot from the floppy disk drive"/>
        </Member>
        <Member Name="Cd">
          <Annotation Term="OData.Description" String="Boot from the CD/DVD disc"/>
        </Member>
        <Member Name="Usb">
          <Annotation Term="OData.Description" String="Boot from a USB device as specified by the system BIOS"/>
        </Member>
        <Member Name="Hdd">
          <Annotation Term="OData.Description" String="Boot from a hard drive"/>
        </Member>
        <Member Name="BiosSetup">
          <Annotation Term="OData.Description" String="Boot to the BIOS Setup Utility"/>
        </Member>
        <Member Name="Utilities">
          <Annotation Term="OData.Description" String="Boot the manufacturer's Utilities program(s)"/>
        </Member>
        <Member Name="Diags">
          <Annotation Term="OData.Description" String="Boot the manufacturer's Diagnostics program"/>
        </Member>
        <Member Name="UefiShell">
          <Annotation Term="OData.Description" String="Boot to the UEFI Shell"/>
        </Member>
        <Member Name="UefiTarget">
          <Annotation Term="OData.Description" String="Boot to the UEFI Device specified in the UefiTargetBootSourceOverride property"/>
        </Member>
      </EnumType>

      <EnumType Name="BootSourceOverrideEnabled">
        <Member Name="Disabled">
          <Annotation Term="OData.Description" String="The system will boot as normal"/>
        </Member>
        <Member Name="Once">
          <Annotation Term="OData.Description" String="On its next boot cycle, the system will boot (one time) to the Boot Source Override Target."/>
        </Member>
        <Member Name="Continuous">
          <Annotation Term="OData.Description" String="The system will boot to the target specified in the BootSourceOverrideTarget until this property is set to Disabled."/>
        </Member>
      </EnumType>

      <ComplexType Name="ProcessorSummary">
        <Annotation Term="OData.AdditionalProperties" Bool="False"/>
        <Property Name="Count" Type="Edm.Int64">
          <Annotation Term="OData.Permissions" EnumMember="OData.Permissions/Read"/>
          <Annotation Term="OData.Description" String="The number of processors in the system."/>
          <Annotation Term="OData.LongDescription" String="This property shall contain the number of central processors in the system."/>
          <Annotation Term="Validation.Minimum" Int="0" />
        </Property>
        <Property Name="Model" Type="Edm.String">
          <Annotation Term="OData.Permissions" EnumMember="OData.Permissions/Read"/>
          <Annotation Term="OData.Description" String="The processor model for the primary or majority of processors in this system."/>
          <Annotation Term="OData.LongDescription" String="This property shall contain the processor model for the central processors in the system, per the description in Table 22 of the SMBIOS Specification DSP0134 2.8 or later."/>
        </Property>
        <Property Name="Status" Type="Resource.Status"  Nullable="false"/>
        <Annotation Term="OData.Description" String="This object describes the central processors of the system in general detail."/>
      </ComplexType>

      <ComplexType Name="MemorySummary">
        <Annotation Term="OData.AdditionalProperties" Bool="False"/>
        <Property Name="TotalSystemMemoryGiB" Type="Edm.Int64">
          <Annotation Term="OData.Permissions" EnumMember="OData.Permissions/Read"/>
          <Annotation Term="OData.Description" String="The total installed, operating system-accessible memory (RAM), measured in GiB."/>
          <Annotation Term="OData.LongDescription" String="This property shall contain the amount of system general purpose volatile (RAM) memory as measured in gibibytes."/>
          <Annotation Term="Validation.Minimum" Int="0" />
        </Property>
        <Property Name="Status" Type="Resource.Status"  Nullable="false"/>
        <Annotation Term="OData.Description" String="This object describes the memory of the system in general detail."/>
      </ComplexType>

    </Schema>
  </edmx:DataServices>
</edmx:Edmx>
