<?xml version="1.0" encoding="UTF-8"?><!-- Copyright 2014-2015 Distributed Management Task Force, Inc. (DMTF). All rights reserved.--> 
<edmx:Edmx xmlns:edmx="http://docs.oasis-open.org/odata/ns/edmx" Version="4.0">

  <edmx:Reference Uri="http://docs.oasis-open.org/odata/odata/v4.0/cs01/vocabularies/Org.OData.Core.V1.xml">
    <edmx:Include Namespace="Org.OData.Core.V1" Alias="OData"/>
  </edmx:Reference>
  <edmx:Reference Uri="http://redfish.dmtf.org/schemas/v1/RedfishExtensions.xml">
    <edmx:Include Namespace="RedfishExtensions.1.0.0" Alias="Redfish"/>
    <edmx:Include Namespace="Validation.1.0.0" Alias="Validation"/>
  </edmx:Reference>
  <edmx:Reference Uri="http://redfish.dmtf.org/schemas/v1/Resource.xml">
    <edmx:Include Namespace="Resource.1.0.0" />
  </edmx:Reference>
  <edmx:Reference Uri="http://redfish.dmtf.org/schemas/v1/Event.xml">
    <edmx:Include Namespace="Event.1.0.0"/>
  </edmx:Reference>
  
  <edmx:DataServices>
    <Schema xmlns="http://docs.oasis-open.org/odata/ns/edm" Namespace="EventDestination">

      <!-- This schema defines destination for events and its respective properties. -->

      <EntityType Name="EventDestination" BaseType="Resource.1.0.0.Resource">
      </EntityType>
    
    </Schema>
    
    <Schema xmlns="http://docs.oasis-open.org/odata/ns/edm" Namespace="EventDestination.1.0.0">
      
      <EntityType Name="EventDestination" BaseType="EventDestination.EventDestination">
        <Property Name="Destination" Type="Edm.String" Nullable="false">
          <Annotation Term="Redfish.RequiredOnCreate"/>
          <Annotation Term="OData.Permissions" EnumMember="OData.Permissions/Read"/>
          <Annotation Term="OData.Description" String="The URI of the destination Event Service."/>
          <Annotation Term="OData.LongDescription" String="This property shall contain a URI to the destination where the events will be sent."/>
          <Annotation Term="OData.IsUrl"/>
        </Property>
        <Property Name="EventTypes" Type="Collection(Event.1.0.0.EventType)" Nullable="false">
          <Annotation Term="Redfish.RequiredOnCreate"/>
          <Annotation Term="OData.Permissions" EnumMember="OData.Permissions/Read"/>
          <Annotation Term="OData.Description" String="This property shall contain the types of events that shall be sent to the desination."/>
        </Property>
        <Property Name="Context" Type="Edm.String" Nullable="false">
          <Annotation Term="Redfish.RequiredOnCreate"/>
          <Annotation Term="OData.Description" String="A client-supplied string that is stored with the event destination subscription."/>
          <Annotation Term="OData.LongDescription" String="This property shall contain a client supplied context that will remain with the connection through the connections lifetime."/>
        </Property>
        <Property Name="Protocol" Type="EventDestination.1.0.0.EventDestinationProtocol" Nullable="false">
          <Annotation Term="Redfish.RequiredOnCreate"/>
          <Annotation Term="OData.Permissions" EnumMember="OData.Permissions/Read"/>
          <Annotation Term="OData.Description" String="The protocol type of the event connection."/>
          <Annotation Term="OData.LongDescription" String="This property shall contain the protocol type that the event will use for sending the event to the destination.  A value of Redfish shall be used to indicate that the event type shall adhere to that defined in the Redfish specification."/>
        </Property>
        <Property Name="HttpHeaders" Nullable="true" Type="Collection(EventDestination.1.0.0.HttpHeaderProperty)">
          <Annotation Term="OData.Description" String="This is for setting HTTP headers, such as authorization information.  This object will be null on a GET."/>
          <Annotation Term="OData.LongDescription" String="This property shall contain an object consisting of the names and values of of HTTP header to be included with every event POST to the Event Destination.  This property shall be null on a GET."/>
-        </Property>
      </EntityType>

      <EnumType Name="EventDestinationProtocol">
        <Member Name="Redfish"/>
      </EnumType>
      
      <ComplexType Name="HttpHeaderProperty">
        <Annotation Term="OData.AdditionalProperties" Bool="False"/>
        <Annotation Term="Redfish.DynamicPropertyPatterns">
          <Collection>
            <Record>
              <PropertyValue Property="Pattern" String="^[^:\\s]+$"/>
              <PropertyValue Property="Type" String="Edm.String"/>
            </Record>
          </Collection>
        </Annotation>
        <Annotation Term="OData.Description" String="The value of the HTTP header is the property value.  The header name is the property name."/>
      </ComplexType>

    </Schema>
  </edmx:DataServices>
</edmx:Edmx>
