<?xml version="1.0" encoding="UTF-8"?><!-- Copyright 2014-2015 Distributed Management Task Force, Inc. (DMTF). All rights reserved.--> 
<edmx:Edmx xmlns:edmx="http://docs.oasis-open.org/odata/ns/edmx" Version="4.0">

  <edmx:Reference Uri="http://docs.oasis-open.org/odata/odata/v4.0/cs01/vocabularies/Org.OData.Core.V1.xml">
    <edmx:Include Namespace="Org.OData.Core.V1" Alias="OData"/>
  </edmx:Reference>
  <edmx:Reference Uri="http://redfish.dmtf.org/schemas/v1/RedfishExtensions.xml">
    <edmx:Include Namespace="RedfishExtensions.1.0.0" Alias="Redfish"/>
  </edmx:Reference>
  <edmx:Reference Uri="http://redfish.dmtf.org/schemas/v1/Resource.xml">
    <edmx:Include Namespace="Resource.1.0.0" />
  </edmx:Reference>
  
  <edmx:DataServices>

    <Schema xmlns="http://docs.oasis-open.org/odata/ns/edm" Namespace="JsonSchemaFile">

      <EntityType Name="JsonSchemaFile" BaseType="Resource.1.0.0.Resource">
        <Annotation Term="OData.Description" String="This is the schema definition for the Schema File locator resource."/>
        <Annotation Term="OData.LongDescription" String="This resource shall be used to represent the Schema File locator resource for a Redfish implementation."/>
      </EntityType>
      
    </Schema>
       
   <Schema xmlns="http://docs.oasis-open.org/odata/ns/edm" Namespace="JsonSchemaFile.1.0.0">
       
      <EntityType Name="JsonSchemaFile" BaseType="JsonSchemaFile.JsonSchemaFile">
        <Annotation Term="OData.Description" String="This is the schema definition for the Schema File locator resource."/>
        <Annotation Term="OData.LongDescription" String="This resource shall be used to represent the Schema File locator resource for a Redfish implementation."/>
        <Property Name="Languages" Nullable="false" Type="Collection(Edm.String)">
          <Annotation Term="OData.Permissions" EnumMember="OData.Permissions/Read"/>
          <Annotation Term="OData.Description" String="Language codes for the schemas available."/>
          <Annotation Term="OData.LongDescription" String="The value of this property shall be a string consisting of an RFC 5646 language code."/>
          <Annotation Term="Redfish.Required"/>
        </Property>
        <Property Name="Schema" Nullable="false" Type="Edm.String">
          <Annotation Term="OData.Permissions" EnumMember="OData.Permissions/Read"/>
          <Annotation Term="OData.Description" String="The type name this schema describes."/>
          <Annotation Term="OData.LongDescription" String="The value of this property shall be the value of the Type property for that schema and shall conform to the syntax specified in the Redfish specification for the Type property."/>
          <Annotation Term="Redfish.Required"/>
        </Property>
        <Property Name="Location" Nullable="false" Type="Collection(JsonSchemaFile.1.0.0.Location)">
          <Annotation Term="OData.Permissions" EnumMember="OData.Permissions/Read"/>
          <Annotation Term="OData.Description" String="Location information for this schema file."/>
          <Annotation Term="Redfish.Required"/>
        </Property>
      </EntityType>

      <ComplexType Name="Location">
        <Annotation Term="OData.AdditionalProperties" Bool="False"/>
        <Property Name="Language" Nullable="false" Type="Edm.String">
          <Annotation Term="OData.Permissions" EnumMember="OData.Permissions/Read"/>
          <Annotation Term="OData.Description" String="The language code for the file the schema is in."/>
          <Annotation Term="OData.LongDescription" String="The value of this property shall be a string consisting of an RFC5646 language code or the string 'default'."/>
        </Property>
        <Property Name="Uri" Nullable="false" Type="Edm.String">
          <Annotation Term="OData.Permissions" EnumMember="OData.Permissions/Read"/>
          <Annotation Term="OData.Description" String="Link to locally available URI for schema."/>
          <Annotation Term="OData.LongDescription" String="The value of this property shall be a URI co-located with the Redfish service that specifies the location of the schema file.  This property shall only be used for individual schema files.  The file name portion of the URI shall conform to the format [SchemaType].[MajorVersion].[MinorVersion].json and be in conformance with the Redfish specification."/>
          <Annotation Term="OData.IsURL"/>
        </Property>
        <Property Name="ArchiveUri" Nullable="false" Type="Edm.String">
          <Annotation Term="OData.Permissions" EnumMember="OData.Permissions/Read"/>
          <Annotation Term="OData.Description" String="If the schema is hosted on the service in an archive file, this is the link to the archive file."/>
          <Annotation Term="OData.LongDescription" String="The value of this property shall be a URI co-located with the Redfish service that specifies the location of the schema file.  This property shall only be used for archive files (zip or other formats).  The value of ArchiveFile shall have the file name of the individual schema file within the archive file."/>
          <Annotation Term="OData.IsURL"/>
        </Property>
        <Property Name="PublicationUri" Nullable="false" Type="Edm.String">
          <Annotation Term="OData.Permissions" EnumMember="OData.Permissions/Read"/>
          <Annotation Term="OData.Description" String="Link to publicly available (canonical) URI for schema."/>
          <Annotation Term="OData.LongDescription" String="The value of this property shall be a URI not co-located with the Redfish service that specifies the canonical location of the schema file.  This property shall only be used for individual schema files."/>
          <Annotation Term="OData.IsURL"/>
        </Property>
        <Property Name="ArchiveFile" Nullable="false" Type="Edm.String">
          <Annotation Term="OData.Permissions" EnumMember="OData.Permissions/Read"/>
          <Annotation Term="OData.Description" String="If the schema is hosted on the service in an archive file, this is the name of the file within the archive."/>
          <Annotation Term="OData.LongDescription" String="The value of this property shall be the file name of the individual schema file within the archive file specified by the ArchiveUri property.  The file name shall conform to the format [SchemaType].[MajorVersion].[MinorVersion].json and be in conformance with the Redfish specification."/>
        </Property>
      </ComplexType>

    </Schema>
  </edmx:DataServices>
</edmx:Edmx>
