<?xml version="1.0" encoding="UTF-8"?><!-- Copyright 2014-2015 Distributed Management Task Force, Inc. (DMTF). All rights reserved.--> 
<edmx:Edmx xmlns:edmx="http://docs.oasis-open.org/odata/ns/edmx" Version="4.0">

  <edmx:Reference Uri="http://redfish.dmtf.org/schemas/v1/Resource.xml">
    <edmx:Include Namespace="Resource.1.0.0" />
  </edmx:Reference>
  <edmx:Reference Uri="http://redfish.dmtf.org/schemas/v1/LogEntry.xml">
    <edmx:Include Namespace="LogEntry"/>
  </edmx:Reference>
  
  <edmx:DataServices>
    <Schema xmlns="http://docs.oasis-open.org/odata/ns/edm" Namespace="LogEntryCollection">

      <EntityType Name="LogEntryCollection" BaseType="Resource.1.0.0.ResourceCollection">
        <NavigationProperty Name="Members" Type="Collection(LogEntry.LogEntry)">
          <Annotation Term="OData.Permissions" EnumMember="OData.Permissions/Read"/>
          <Annotation Term="OData.Description" String="Contains the members of this collection."/>
          <Annotation Term="OData.AutoExpand"/>
        </NavigationProperty>
      </EntityType>

    </Schema>
  </edmx:DataServices>
</edmx:Edmx>
