<?xml version="1.0" encoding="UTF-8"?>
<!-- Copyright 2014-2015 Distributed Management Task Force, Inc. (DMTF). All rights reserved.-->
<edmx:Edmx xmlns:edmx="http://docs.oasis-open.org/odata/ns/edmx" Version="4.0">

  <edmx:Reference Uri="http://docs.oasis-open.org/odata/odata/v4.0/cs01/vocabularies/Org.OData.Core.V1.xml">
    <edmx:Include Namespace="Org.OData.Core.V1" Alias="OData" />
  </edmx:Reference>
  <edmx:Reference Uri="http://redfish.dmtf.org/schemas/v1/Resource.xml">
    <edmx:Include Namespace="Resource.1.0.0"  />
  </edmx:Reference>
  <edmx:Reference Uri="http://redfish.dmtf.org/schemas/v1/Processor.xml">
    <edmx:Include Namespace="Processor" />
  </edmx:Reference>

  <edmx:DataServices>
    <Schema xmlns="http://docs.oasis-open.org/odata/ns/edm" Namespace="ProcessorCollection">

      <EntityType Name="ProcessorCollection" BaseType="Resource.1.0.0.ResourceCollection">
        <NavigationProperty Name="Members" Type="Collection(Processor.Processor)">
          <Annotation Term="OData.Permissions" EnumMember="OData.Permissions/Read" />
          <Annotation Term="OData.Description" String="Contains the members of this collection." />
          <Annotation Term="OData.AutoExpandReferences" />
        </NavigationProperty>
      </EntityType>

    </Schema>
  </edmx:DataServices>
</edmx:Edmx>
