<?xml version="1.0" encoding="UTF-8"?>
<!-- Copyright © 2014-2015 Distributed Management Task Force, Inc. (DMTF). All rights reserved.-->
<edmx:Edmx xmlns:edmx="http://docs.oasis-open.org/odata/ns/edmx" Version="4.0">

  <edmx:Reference Uri="http://docs.oasis-open.org/odata/odata/v4.0/cs01/vocabularies/Org.OData.Core.V1.xml">
    <edmx:Include Namespace="Org.OData.Core.V1" Alias="OData"/>
  </edmx:Reference>
  <edmx:Reference Uri="http://redfish.dmtf.org/schemas/v1/RedfishExtensions.xml">
    <edmx:Include Namespace="RedfishExtensions.1.0.0" Alias="Redfish"/>
    <edmx:Include Namespace="Validation.1.0.0" Alias="Validation"/>
  </edmx:Reference>
  <edmx:Reference Uri="http://redfish.dmtf.org/schemas/v1/Resource.xml">
    <edmx:Include Namespace="Resource.1.0.0" />
  </edmx:Reference>
  <edmx:Reference Uri="http://redfish.dmtf.org/schemas/v1/SessionCollection.xml">
    <edmx:Include Namespace="SessionCollection"/>
  </edmx:Reference>
  
  <edmx:DataServices>

    <Schema xmlns="http://docs.oasis-open.org/odata/ns/edm" Namespace="SessionService">

      <EntityType Name="SessionService" BaseType="Resource.1.0.0.Resource">
        <Annotation Term="OData.Description" String="This is the schema definition for the Session Service.  It represents the properties for the service itself and has links to the actual list of sessions."/>
        <Annotation Term="OData.LongDescription" String="This resource shall be used to represent the Session Service Properties for a Redfish implementation."/>
      </EntityType>

    </Schema>

    <Schema xmlns="http://docs.oasis-open.org/odata/ns/edm" Namespace="SessionService.1.0.0">

      <EntityType Name="SessionService" BaseType="SessionService.SessionService">
        <Annotation Term="OData.Description" String="This is the schema definition for the Session Service.  It represents the properties for the service itself and has links to the actual list of sessions."/>
        <Annotation Term="OData.LongDescription" String="This resource shall be used to represent the Session Service Properties for a Redfish implementation."/>
        <Property Name="Status" Type="Resource.Status"/>
        <Property Name="ServiceEnabled" Type="Edm.Boolean">
          <Annotation Term="OData.Description" String="This indicates whether this service is enabled."/>
          <Annotation Term="OData.LongDescription" String="The value of this property shall be a boolean indicating whether this service is enabled."/>
        </Property>
        <Property Name="SessionTimeout" Type="Edm.Int64" Nullable="false">
          <Annotation Term="OData.Permissions" EnumMember="OData.Permissions/ReadWrite"/>
          <Annotation Term="OData.Description" String="This is the number of seconds of inactivity that a session may have before the session service closes the session due to inactivity."/>
          <Annotation Term="OData.LongDescription" String="This property shall reference the threshold of time in seconds between requests on a specific session at which point the session service shall close the session due to inactivity."/>
          <Annotation Term="Validation.Minimum" Int="30"/>
          <Annotation Term="Validation.Maximum" Int="86400"/>
        </Property>
        <NavigationProperty Name="Sessions" Type="SessionCollection.SessionCollection">
          <Annotation Term="OData.Permissions" EnumMember="OData.Permissions/Read"/>
          <Annotation Term="OData.Description" String="Link to a collection of Sessions"/>
          <Annotation Term="OData.LongDescription" String="This property shall contain the link to a collection of Sessions."/>
          <Annotation Term="OData.AutoExpandReferences"/>
        </NavigationProperty>     
      </EntityType>
    </Schema>
  </edmx:DataServices>
</edmx:Edmx>
