<?xml version="1.0" encoding="UTF-8"?><!-- Copyright 2014-2015 Distributed Management Task Force, Inc. (DMTF). All rights reserved.--> 
<edmx:Edmx xmlns:edmx="http://docs.oasis-open.org/odata/ns/edmx" Version="4.0">

  <edmx:Reference Uri="http://docs.oasis-open.org/odata/odata/v4.0/cs01/vocabularies/Org.OData.Core.V1.xml">
    <edmx:Include Namespace="Org.OData.Core.V1" Alias="OData"/>
  </edmx:Reference>
  <edmx:Reference Uri="http://redfish.dmtf.org/schemas/v1/Resource.xml">
    <edmx:Include Namespace="Resource.1.0.0" />
  </edmx:Reference>
  <edmx:Reference Uri="http://redfish.dmtf.org/schemas/v1/LogEntry.xml">
    <edmx:Include Namespace="LogEntry"/>
  </edmx:Reference>

  <edmx:DataServices>
    <Schema xmlns="http://docs.oasis-open.org/odata/ns/edm" Namespace="Session">

      <EntityType Name="Session" BaseType="Resource.1.0.0.Resource">
        <Annotation Term="Core.Description" String="This is the schema definition for the Session resource.  It represents the properties for the session with a Redfish Service."/>
        <Annotation Term="Core.LongDescription" String="This resource shall be used to represent a session for a Redfish implementation."/>
      </EntityType>
    
    </Schema>
    
    <Schema xmlns="http://docs.oasis-open.org/odata/ns/edm" Namespace="Session.1.0.0">
      
      <EntityType Name="Session" BaseType="Session.Session">
        <Property Name="UserName" Type="Edm.String">
          <Annotation Term="OData.Permissions" EnumMember="OData.Permissions/Read"/>
          <Annotation Term="Redfish.RequiredOnCreate"/>
          <Annotation Term="Core.Description" String="The UserName for the account for this session."/>
          <Annotation Term="Core.LongDescription" String="The value of this property shall be the UserName that matches a registered account identified by a ManagerAccount resource registered with the Account Service."/>
        </Property>
        <Property Name="Password" Type="Edm.String">
          <Annotation Term="Redfish.RequiredOnCreate"/>
          <Annotation Term="OData.Description" String="This property is used in a POST to specify a password when creating a new session.  This property is null on a GET."/>
          <Annotation Term="OData.LongDescription" String="The value of this property shall be the password for this session.  The value shall be null for GET requests."/>
        </Property>
      </EntityType>

    </Schema>
  </edmx:DataServices>
</edmx:Edmx>
