<?xml version="1.0" encoding="UTF-8"?><!-- Copyright 2014-2015 Distributed Management Task Force, Inc. (DMTF). All rights reserved.--> 
<edmx:Edmx xmlns:edmx="http://docs.oasis-open.org/odata/ns/edmx" Version="4.0">

  <edmx:Reference Uri="http://docs.oasis-open.org/odata/odata/v4.0/cs01/vocabularies/Org.OData.Core.V1.xml">
    <edmx:Include Namespace="Org.OData.Core.V1" Alias="OData"/>
  </edmx:Reference>
  <edmx:Reference Uri="http://redfish.dmtf.org/schemas/v1/RedfishExtensions.xml">
    <edmx:Include Namespace="RedfishExtensions.1.0.0" Alias="Redfish"/>
    <edmx:Include Namespace="Validation.1.0.0" Alias="Validation"/>
  </edmx:Reference>
  <edmx:Reference Uri="http://redfish.dmtf.org/schemas/v1/Resource.xml">
    <edmx:Include Namespace="Resource.1.0.0" />
  </edmx:Reference>
  
  <edmx:DataServices>

    <Schema xmlns="http://docs.oasis-open.org/odata/ns/edm" Namespace="VLanNetworkInterface">

      <EntityType Name="VLanNetworkInterface" BaseType="Resource.1.0.0.Resource">
      </EntityType>

    </Schema>

    <Schema xmlns="http://docs.oasis-open.org/odata/ns/edm" Namespace="VLanNetworkInterface.1.0.0">
      
      <EntityType Name="VLanNetworkInterface" BaseType="VLanNetworkInterface.VLanNetworkInterface">
        <Property Name="VLANEnable" Type="Edm.Boolean">
          <Annotation Term="Redfish.RequiredOnCreate"/>
          <Annotation Term="OData.Description" String="This indicates if this VLAN is enabled."/>
          <Annotation Term="OData.LongDescription" String="The value of this property shall be used to indicate if this VLAN is enabled for this interface."/>
        </Property>
        <Property Name="VLANId" Type="VLanNetworkInterface.1.0.0.VLANId">
          <Annotation Term="Redfish.RequiredOnCreate"/>
          <Annotation Term="OData.Description" String="This indicates the VLAN identifier for this VLAN."/>
          <Annotation Term="OData.LongDescription" String="The value of this property shall be used to indicate the VLAN identifier for this VLAN."/>
        </Property>
      </EntityType>

      <ComplexType Name="VLAN">
        <Annotation Term="OData.AdditionalProperties" Bool="False"/>
        <Property Name="VLANEnable" Type="Edm.Boolean">
          <Annotation Term="Redfish.RequiredOnCreate"/>
          <Annotation Term="OData.Description" String="This indicates if this VLAN is enabled."/>
          <Annotation Term="OData.LongDescription" String="The value of this property shall be used to indicate if this VLAN is enabled for this interface."/>
        </Property>
        <Property Name="VLANId" Type="VLanNetworkInterface.1.0.0.VLANId">
          <Annotation Term="Redfish.RequiredOnCreate"/>
          <Annotation Term="OData.Description" String="This indicates the VLAN identifier for this VLAN."/>
          <Annotation Term="OData.LongDescription" String="The value of this property shall be used to indicate the VLAN identifier for this VLAN."/>
        </Property>
      </ComplexType>

      <TypeDefinition Name="VLANId" UnderlyingType="Edm.Int64">
        <Annotation Term="Validation.Minimum" Int="0"/>
        <Annotation Term="Validation.Maximum" Int="4095"/>
      </TypeDefinition>

    </Schema>
  </edmx:DataServices>
</edmx:Edmx>
