{
    "@odata.type": "#ComputerSystem.v1_1_0.ComputerSystem",
    "Id": "529QB9453R6",
    "Name": "Bladed System",
    "SystemType": "Physical",
    "Manufacturer": "Contoso",
    "Model": "SX1000",
    "SKU": "6914260",
    "SerialNumber": "529QB9453R6",
    "PartNumber": "166480-S23",
    "Status": {
        "State": "Enabled",
        "Health": "OK",
        "HealthRollup": "OK"
    },
    "IndicatorLED": "Off",
    "PowerState": "On",
    "Boot": {
        "BootSourceOverrideEnabled": "Disabled",
        "BootSourceOverrideTarget": "None",
        "BootSourceOverrideTarget@Redfish.AllowableValues": [
            "None",
            "Pxe",
            "Floppy",
            "Cd",
            "Usb",
            "Hdd",
            "BiosSetup"
        ]
    },
    "BiosVersion": "P86 v1.58 (10/15/2015)",
    "ProcessorSummary": {
        "Count": 1,
        "Model": "Multi-Core Intel(R) Xeon(R) processor E5-16xx Series",
        "Status": {
            "State": "Enabled",
            "Health": "OK",
            "HealthRollup": "OK"
        }
    },
    "MemorySummary": {
        "TotalSystemMemoryGiB": 64,
        "Status": {
            "State": "Enabled",
            "Health": "OK",
            "HealthRollup": "OK"
        }
    },
    "Processors": {
        "@odata.id": "/redfish/v1/Systems/529QB9453R6/Processors"
    },
    "SimpleStorage": {
        "@odata.id": "/redfish/v1/Systems/529QB9453R6/SimpleStorage"
    },
    "Links": {
        "Chassis": [
            {
                "@odata.id": "/redfish/v1/Chassis/Blade4"
            }
        ],
        "ManagedBy": [
            {
                "@odata.id": "/redfish/v1/Managers/Blade4BMC"
            }
        ]
    },
    "Actions": {
        "#ComputerSystem.Reset": {
            "target": "/redfish/v1/Systems/529QB9453R6/Actions/ComputerSystem.Reset",
            "ResetType@Redfish.AllowableValues": [
                "On",
                "ForceOff",
                "GracefulShutdown",
                "GracefulRestart",
                "ForceRestart",
                "Nmi",
                "ForceOn",
                "PushPowerButton"
            ]
        }
    },
    "@odata.context": "/redfish/v1/$metadata#ComputerSystem.ComputerSystem",
    "@odata.id": "/redfish/v1/Systems/529QB9453R6",
    "@Redfish.Copyright": "Copyright 2014-2016 Distributed Management Task Force, Inc. (DMTF). For the full DMTF copyright policy, see http://www.dmtf.org/about/policies/copyright."
}
