{
    "name": "Composable System",
    "description": "This example shows a service with various sets of disaggregated hardware as resources.  It provides an example composed system utilizing some of the disaggregated hardware.  It also shows how Resource Zones can provide information about binding restrictions.",
    "navlinks": [
        {
            "text": "Main",
            "target": "main"
        },
        {
            "text": "Systems",
            "target": "Systems",
            "navlinks": [
                {
                    "text": "Composed System",
                    "target": "ComposedSystem"
                }
            ]
        },
        {
            "text": "Chassis",
            "target": "Chassis",
            "navlinks": [
                {
                    "text": "Composable Enclosure",
                    "target": "ComposableEnclosure"
                },
                {
                    "text": "Composable Module 1",
                    "target": "ComposableModule1"
                },
                {
                    "text": "Composable Module 2",
                    "target": "ComposableModule2"
                },
                {
                    "text": "Composable Module 3",
                    "target": "ComposableModule3"
                },
                {
                    "text": "Composable Module 4",
                    "target": "ComposableModule4"
                },
                {
                    "text": "Composable Module 5",
                    "target": "ComposableModule5"
                },
                {
                    "text": "Composable Module 6",
                    "target": "ComposableModule6"
                }
            ]
        },
        {
            "text": "Composition Service",
            "target": "CompositionService"
        },
        {
            "text": "Managers",
            "target": "Managers",
            "navlinks": [
                {
                    "text": "1",
                    "target": "1"
                }
            ]
        },
        {
            "text": "Session Service",
            "target": "SessionService"
        },
        {
            "text": "Account Service",
            "target": "AccountService"
        }
    ]
}

