{
    "@odata.type": "#ComputerSystem.v1_4_0.ComputerSystem",
    "Id": "ComposedSystem",
    "Name": "Sample Composed System",
    "SystemType": "Composed",
    "Description": "This shows an example of a composed system",
    "UUID": "37596f04-b032-48ce-9bad-7d55a61fe574",
    "HostName": "composed-system",
    "PowerState": "On",
    "Boot": {
        "BootSourceOverrideEnabled": "Once",
        "BootSourceOverrideTarget": "Pxe",
        "BootSourceOverrideTarget@Redfish.AllowableValues": [
            "None",
            "Pxe",
            "Usb",
            "Hdd"
        ]
    },
    "Processors": {
        "@odata.id" : "/redfish/v1/Systems/ComposedSystem/Processors"
    },
    "Memory": {
        "@odata.id" : "/redfish/v1/Systems/ComposedSystem/Memory"
    },
    "EthernetInterfaces": {
        "@odata.id" : "/redfish/v1/Systems/ComposedSystem/EthernetInterfaces"
    },
    "Storage": {
        "@odata.id" : "/redfish/v1/Systems/ComposedSystem/Storage"
    },
    "Links": {
        "ResourceBlocks": [
            {
                "@odata.id": "/redfish/v1/CompositionService/ResourceBlocks/ComputeBlock1"
            },
            {
                "@odata.id": "/redfish/v1/CompositionService/ResourceBlocks/DriveBlock3"
            },
            {
                "@odata.id": "/redfish/v1/CompositionService/ResourceBlocks/DriveBlock4"
            }
        ]
    },
    "@odata.context": "/redfish/v1/$metadata#ComputerSystem.ComputerSystem",
    "@odata.id": "/redfish/v1/Systems/ComposedSystem",
    "@Redfish.Copyright": "Copyright 2014-2017 Distributed Management Task Force, Inc. (DMTF). For the full DMTF copyright policy, see http://www.dmtf.org/about/policies/copyright."
}
