{
    "@Redfish.Copyright": "Copyright 2014-2016 Distributed Management Task Force, Inc. (DMTF). All rights reserved.",
	"@odata.context": "/redfish/v1/$metadata#Endpoint.Endpoint",
	"@odata.id": "/redfish/v1/Fabrics/SAS/Endpoints/Drive4",
	"@odata.type": "#Endpoint.v1_0_0.Endpoint",
	"Id": "Drive4",
	"Name": "SAS Drive",
	"Description": "The Empty Enclosure 2 Bay 3",
    "EndpointProtocol": "SAS",
    "ConnectedEntities": [
        {
            "EntityType": "Drive",
            "EntityRole": "Target",
            "Identifiers": [
            ],
            "Oem": {}
        }
    ],
    "Links": {
        "MutuallyExclusiveEndpoints": [
            {"@odata.id": "/redfish/v1/Fabrics/SAS/Endpoints/Enclosure2"}
        ],
        "Ports": [
            {"@odata.id": "/redfish/v1/Fabrics/SAS/Switches/Switch1/Ports/8"},
            {"@odata.id": "/redfish/v1/Fabrics/SAS/Switches/Switch2/Ports/8"}
        ],
        "Oem": {}
    },
	"Oem": {}
}

