{
    "@odata.type": "#ComputerSystem.v1_4_0.ComputerSystem",
    "Name": "RB System7",
    "Id": "RBSystem7",
    "SystemType": "PhysicallyPartitioned",
    "Model": "Constoto-2S-B Server Partition",
    "Manufacturer": "Contoso",
    "Description": "This represents PhysicallyPartitionedSystem ResourceBlock, from which System can be Composed",
    "PowerState": "On",
    "UUID": "17690008-3175-05f4-0010-debfc4ec1881",
    "Status": {
        "Health": "OK",
        "State": "Enabled"
    },
    "Processors": {
        "@odata.id": "/redfish/v1/CompositionService/ResourceBlocks/BladeComputeBlock7/RBSystem/Processors"
    },
    "Memory": {
        "@odata.id": "/redfish/v1/CompositionService/ResourceBlocks/BladeComputeBlock7/RBSystem/Memory"
    },
    "EthernetInterfaces": {
        "@odata.id": "/redfish/v1/CompositionService/ResourceBlocks/BladeComputeBlock7/RBSystem/EthernetInterfaces"
    },
    "Links": {
        "Chassis": [
            {
                "@odata.id": "/redfish/v1/Chassis/Blade7"
            }
        ]
    },
    "@odata.context": "/redfish/v1/$metadata#ComputerSystem.ComputerSystem",
    "@odata.id": "/redfish/v1/CompositionService/ResourceBlocks/BladeComputeBlock7/RBSystem",
    "@Redfish.Copyright": "Copyright 2014-2017 Distributed Management Task Force, Inc. (DMTF). For the full DMTF copyright policy, see http://www.dmtf.org/about/policies/copyright."
}
