{
    "@odata.type": "#Thermal.v1_1_0.Thermal",
    "Id": "Thermal",
    "Name": "Quad Blade Chassis Thermal",
    "Temperatures": [
        {
            "@odata.id": "/redfish/v1/Chassis/MultiBladeEncl/Thermal#/Temperatures/0",
            "MemberId": "0",
            "Name": "Chassis Intake",
            "Status": {
                "State": "Enabled",
                "Health": "OK"
            },
            "ReadingCelsius": 24,
            "UpperThresholdNonCritical": 35,
            "UpperThresholdCritical": 42,
            "UpperThresholdFatal": 50,
            "MinReadingRange": 0,
            "MaxReadingRange": 60,
            "PhysicalContext": "Intake",
            "RelatedItem": [
                {
                    "@odata.id": "/redfish/v1/Chassis/MultiBladeEncl"
                },
                {
                    "@odata.id": "/redfish/v1/Chassis/Blade1"
                },
                {
                    "@odata.id": "/redfish/v1/Chassis/Blade2"
                },
                {
                    "@odata.id": "/redfish/v1/Chassis/Blade3"
                },
                {
                    "@odata.id": "/redfish/v1/Chassis/Blade4"
                },
                {
                    "@odata.id": "/redfish/v1/Systems/529QB9450R6"
                },
                {
                    "@odata.id": "/redfish/v1/Systems/529QB9451R6"
                },
                {
                    "@odata.id": "/redfish/v1/Systems/529QB9452R6"
                },
                {
                    "@odata.id": "/redfish/v1/Systems/529QB9453R6"
                }
            ]
        }
    ],
    "Fans": [
        {
            "@odata.id": "/redfish/v1/Chassis/MultiBladeEncl/Thermal#/Fans/0",
            "MemberId": "0",
            "Name": "System Fan 0",
            "PhysicalContext": "Front",
            "Status": {
                "State": "Enabled",
                "Health": "OK"
            },
            "Reading": 15100,
            "ReadingUnits": "RPM",
            "LowerThresholdFatal": 3000,
            "MinReadingRange": 0,
            "MaxReadingRange": 16000,
            "Redundancy": [
                {
                    "@odata.id": "/redfish/v1/Chassis/MultiBladeEncl/Thermal#/Redundancy/0"
                }
            ],
            "RelatedItem": [
                {
                    "@odata.id": "/redfish/v1/Chassis/MultiBladeEncl"
                },
                {
                    "@odata.id": "/redfish/v1/Chassis/Blade1"
                },
                {
                    "@odata.id": "/redfish/v1/Chassis/Blade2"
                },
                {
                    "@odata.id": "/redfish/v1/Chassis/Blade3"
                },
                {
                    "@odata.id": "/redfish/v1/Chassis/Blade4"
                },
                {
                    "@odata.id": "/redfish/v1/Systems/529QB9450R6"
                },
                {
                    "@odata.id": "/redfish/v1/Systems/529QB9451R6"
                },
                {
                    "@odata.id": "/redfish/v1/Systems/529QB9452R6"
                },
                {
                    "@odata.id": "/redfish/v1/Systems/529QB9453R6"
                }
            ]
        },
        {
            "@odata.id": "/redfish/v1/Chassis/MultiBladeEncl/Thermal#/Fans/1",
            "MemberId": "1",
            "Name": "System Fan 1",
            "PhysicalContext": "Front",
            "Status": {
                "State": "Enabled",
                "Health": "OK"
            },
            "Reading": 14800,
            "ReadingUnits": "RPM",
            "LowerThresholdFatal": 3000,
            "MinReadingRange": 0,
            "MaxReadingRange": 16000,
            "Redundancy": [
                {
                    "@odata.id": "/redfish/v1/Chassis/MultiBladeEncl/Thermal#/Redundancy/0"
                }
            ],
            "RelatedItem": [
                {
                    "@odata.id": "/redfish/v1/Chassis/MultiBladeEncl"
                },
                {
                    "@odata.id": "/redfish/v1/Chassis/Blade1"
                },
                {
                    "@odata.id": "/redfish/v1/Chassis/Blade2"
                },
                {
                    "@odata.id": "/redfish/v1/Chassis/Blade3"
                },
                {
                    "@odata.id": "/redfish/v1/Chassis/Blade4"
                },
                {
                    "@odata.id": "/redfish/v1/Systems/529QB9450R6"
                },
                {
                    "@odata.id": "/redfish/v1/Systems/529QB9451R6"
                },
                {
                    "@odata.id": "/redfish/v1/Systems/529QB9452R6"
                },
                {
                    "@odata.id": "/redfish/v1/Systems/529QB9453R6"
                }
            ]
        },
        {
            "@odata.id": "/redfish/v1/Chassis/MultiBladeEncl/Thermal#/Fans/2",
            "MemberId": "2",
            "Name": "System Fan 2",
            "PhysicalContext": "Front",
            "Status": {
                "State": "Enabled",
                "Health": "Critical"
            },
            "Reading": 0,
            "ReadingUnits": "RPM",
            "LowerThresholdFatal": 3000,
            "MinReadingRange": 0,
            "MaxReadingRange": 16000,
            "Redundancy": [
                {
                    "@odata.id": "/redfish/v1/Chassis/MultiBladeEncl/Thermal#/Redundancy/0"
                }
            ],
            "RelatedItem": [
                {
                    "@odata.id": "/redfish/v1/Chassis/MultiBladeEncl"
                },
                {
                    "@odata.id": "/redfish/v1/Chassis/Blade1"
                },
                {
                    "@odata.id": "/redfish/v1/Chassis/Blade2"
                },
                {
                    "@odata.id": "/redfish/v1/Chassis/Blade3"
                },
                {
                    "@odata.id": "/redfish/v1/Chassis/Blade4"
                },
                {
                    "@odata.id": "/redfish/v1/Systems/529QB9450R6"
                },
                {
                    "@odata.id": "/redfish/v1/Systems/529QB9451R6"
                },
                {
                    "@odata.id": "/redfish/v1/Systems/529QB9452R6"
                },
                {
                    "@odata.id": "/redfish/v1/Systems/529QB9453R6"
                }
            ]
        },
        {
            "@odata.id": "/redfish/v1/Chassis/MultiBladeEncl/Thermal#/Fans/3",
            "MemberId": "3",
            "Name": "System Fan 3",
            "PhysicalContext": "Front",
            "Status": {
                "State": "Enabled",
                "Health": "OK"
            },
            "Reading": 15000,
            "ReadingUnits": "RPM",
            "LowerThresholdFatal": 3000,
            "MinReadingRange": 0,
            "MaxReadingRange": 16000,
            "Redundancy": [
                {
                    "@odata.id": "/redfish/v1/Chassis/MultiBladeEncl/Thermal#/Redundancy/0"
                }
            ],
            "RelatedItem": [
                {
                    "@odata.id": "/redfish/v1/Chassis/MultiBladeEncl"
                },
                {
                    "@odata.id": "/redfish/v1/Chassis/Blade1"
                },
                {
                    "@odata.id": "/redfish/v1/Chassis/Blade2"
                },
                {
                    "@odata.id": "/redfish/v1/Chassis/Blade3"
                },
                {
                    "@odata.id": "/redfish/v1/Chassis/Blade4"
                },
                {
                    "@odata.id": "/redfish/v1/Systems/529QB9450R6"
                },
                {
                    "@odata.id": "/redfish/v1/Systems/529QB9451R6"
                },
                {
                    "@odata.id": "/redfish/v1/Systems/529QB9452R6"
                },
                {
                    "@odata.id": "/redfish/v1/Systems/529QB9453R6"
                }
            ]
        }
    ],
    "Redundancy": [
        {
            "@odata.id": "/redfish/v1/Chassis/MultiBladeEncl/Thermal#/Redundancy/0",
            "MemberId": "0",
            "Name": "System Fans",
            "RedundancySet": [
                {
                    "@odata.id": "/redfish/v1/Chassis/MultiBladeEncl/Thermal#/Fans/0"
                },
                {
                    "@odata.id": "/redfish/v1/Chassis/MultiBladeEncl/Thermal#/Fans/1"
                },
                {
                    "@odata.id": "/redfish/v1/Chassis/MultiBladeEncl/Thermal#/Fans/2"
                },
                {
                    "@odata.id": "/redfish/v1/Chassis/MultiBladeEncl/Thermal#/Fans/3"
                }
            ],
            "Mode": "N+m",
            "Status": {
                "State": "Enabled",
                "Health": "Warning"
            },
            "MinNumNeeded": 3,
            "MaxNumSupported": 4
        }
    ],
    "@odata.context": "/redfish/v1/$metadata#Thermal.Thermal",
    "@odata.id": "/redfish/v1/Chassis/MultiBladeEncl/Thermal",
    "@Redfish.Copyright": "Copyright 2014-2016 Distributed Management Task Force, Inc. (DMTF). For the full DMTF copyright policy, see http://www.dmtf.org/about/policies/copyright."
}
