{
    "@odata.type": "#LogEntryCollection.LogEntryCollection",
    "Name": "Log Service Collection",
    "Description": "Collection of Logs for this System",
    "Members@odata.count": 0,
    "Members": [],
    "@odata.context": "/redfish/v1/$metadata#LogEntryCollection.LogEntryCollection",
    "@odata.id": "/redfish/v1/Managers/1/LogServices/Log/Entries",
    "@Redfish.Copyright": "Copyright 2014-2017 Distributed Management Task Force, Inc. (DMTF). For the full DMTF copyright policy, see http://www.dmtf.org/about/policies/copyright."
}
