{
	"@odata.context": "/redfish/v1/$metadata#Zone.Zone",
	"@odata.id": "/redfish/v1/Fabrics/SAS/Zones/1",
	"@odata.type": "#Zone.v1_0_0.Zone",
	"Id": "3",
	"Name": "SAS Zone 3",
	"Description": "SAS Zone 3",
	"Status": {
		"State": "Enabled",
		"Health": "OK"
	},
	"Links": {
		"Endpoints": [
            {"@odata.id": "/redfish/v1/Fabrics/SAS/Endpoints/Initiator2"},
            {"@odata.id": "/redfish/v1/Fabrics/SAS/Endpoints/Drive2"},
            {"@odata.id": "/redfish/v1/Fabrics/SAS/Endpoints/Drive4"}
        ]
	},
	"Oem": {}
}

