{
    "@odata.type": "#ProcessorCollection.ProcessorCollection",
    "Name": "Processor Collection",
    "Members@odata.count": 1,
    "Members": [
        {
            "@odata.id": "/redfish/v1/Systems/529QB9452R6/Processors/CPU"
        }
    ],
    "@odata.context": "/redfish/v1/$metadata#ProcessorCollection.ProcessorCollection",
    "@odata.id": "/redfish/v1/Systems/529QB9452R6/Processors",
    "@Redfish.Copyright": "Copyright 2014-2016 Distributed Management Task Force, Inc. (DMTF). For the full DMTF copyright policy, see http://www.dmtf.org/about/policies/copyright."
}
