{
    "@odata.type": "#SessionCollection.SessionCollection",
    "Name": "Session Collection",
    "Members@odata.count": 1,
    "Members": [
        {
            "@odata.id": "/redfish/v1/SessionService/Sessions/12623963E803C264"
        }
    ],
    "@odata.context": "/redfish/v1/$metadata#SessionCollection.SessionCollection",
    "@odata.id": "/redfish/v1/SessionService/Sessions",
    "@Redfish.Copyright": "Copyright 2014-2016 Distributed Management Task Force, Inc. (DMTF). For the full DMTF copyright policy, see http://www.dmtf.org/about/policies/copyright."
}
