{
    "@odata.type": "#StorageCollection.StorageCollection",
    "Name": "Blade Storage Collection",
    "Members@odata.count": 1,
    "Members": [
        {
            "@odata.id": "/redfish/v1/CompositionService/ResourceBlocks/BladeStorageBlock8/Storage/1"
        }
    ],
    "@odata.context": "/redfish/v1/$metadata#StorageCollection.StorageCollection",
    "@odata.id": "/redfish/v1/Systems/ComposedPartition3/Storage",
    "@Redfish.Copyright": "Copyright 2014-2017 Distributed Management Task Force, Inc. (DMTF). For the full DMTF copyright policy, see http://www.dmtf.org/about/policies/copyright."
}
