{
    "@odata.type": "#Manager.v1_1_0.Manager",
    "Id": "Blade3BMC",
    "Name": "Blade Manager",
    "ManagerType": "BMC",
    "Description": "Contoso BMC",
    "Status": {
        "State": "Enabled",
        "Health": "OK"
    },
    "GraphicalConsole": {
        "ServiceEnabled": true,
        "MaxConcurrentSessions": 1,
        "ConnectTypesSupported": [
            "KVMIP"
        ]
    },
    "FirmwareVersion": "1.00",
    "EthernetInterfaces": {
        "@odata.id": "/redfish/v1/Managers/Blade3BMC/EthernetInterfaces"
    },
    "LogServices": {
        "@odata.id": "/redfish/v1/Managers/Blade3BMC/LogServices"
    },
    "Links": {
        "ManagerForServers": [
            {
                "@odata.id": "/redfish/v1/Systems/529QB9452R6"
            }
        ],
        "ManagerForChassis": [
            {
                "@odata.id": "/redfish/v1/Chassis/Blade3"
            }
        ]
    },
    "@odata.context": "/redfish/v1/$metadata#Managers/Members/$entity",
    "@odata.id": "/redfish/v1/Managers/Blade3BMC",
    "@Redfish.Copyright": "Copyright 2014-2016 Distributed Management Task Force, Inc. (DMTF). For the full DMTF copyright policy, see http://www.dmtf.org/about/policies/copyright."
}
