{
    "@odata.type": "#EthernetInterfaceCollection.EthernetInterfaceCollection",
    "Name": "Ethernet Network Interface Collection",
    "Description": "Collection of EthernetInterfaces for this Manager",
    "Members@odata.count": 1,
    "Members": [
        {
            "@odata.id": "/redfish/v1/Managers/bmc/EthernetInterfaces/eth0"
        }
    ],
    "Oem": {},
    "@odata.context": "/redfish/v1/$metadata#EthernetInterfaceCollection.EthernetInterfaceCollection",
    "@odata.id": "/redfish/v1/Managers/bmc/EthernetInterfaces",
    "@Redfish.Copyright": "Copyright 2014-2016 Distributed Management Task Force, Inc. (DMTF). For the full DMTF copyright policy, see http://www.dmtf.org/about/policies/copyright."
}
