{
    "@odata.type": "#LogEntryCollection.LogEntryCollection",
    "Name": "Log Service Collection",
    "Description": "Collection of Logs for this System",
    "Members@odata.count": 2,
    "Members": [
        {
            "@odata.type": "#LogEntry.v1_0_2.LogEntry",
            "Id": "1",
            "Name": "Log Entry 1",
            "EntryType": "SEL",
            "OemRecordFormat": "CompanyX",
            "RecordId": 1,
            "Severity": "Critical",
            "Created": "2012-03-07T14:44",
            "EntryCode": "Assert",
            "SensorType": "Temperature",
            "Number": 1,
            "Message": "Message for Event, Description for SEL, OEM depends",
            "MessageId": "Event.1.0.TempAssert",
            "MessageArgs": [
                "ArrayOfMessageArgs"
            ],
            "Links": {
                "OriginOfCondition": {
                    "@odata.id": "/redfish/v1/Chassis/1/Thermal"
                },
                "Oem": {}
            },
            "Oem": {},
            "@odata.id": "/redfish/v1/Systems/1/LogServices/SEL/Entries/1"
        },
        {
            "@odata.type": "#LogEntry.v1_0_2.LogEntry",
            "Id": "2",
            "Name": "Log Entry 2",
            "EntryType": "SEL",
            "OEMRecordFormat": "CompanyX",
            "RecordId": 2,
            "Severity": "Critical",
            "Created": "2012-03-07T14:45",
            "EntryCode": "Assert",
            "SensorType": "Temperature",
            "Number": 2,
            "Message": "Message for Event, Description for SEL, OEM depends",
            "MessageId": "Event.1.0.TempAssert",
            "MessageArgs": [
                "ArrayOfMessageArgs"
            ],
            "Links": {
                "OriginOfCondition": {
                    "@odata.id": "/redfish/v1/Chassis/1/Thermal"
                },
                "Oem": {}
            },
            "Oem": {},
            "@odata.id": "/redfish/v1/Systems/1/LogServices/SEL/Entries/2"
        }
    ],
    "@odata.nextLink": "/redfish/v1/Systems/1/LogServices/SEL/Entries?$skiptoken=2",
    "@odata.context": "/redfish/v1/$metadata#LogEntryCollection.LogEntryCollection",
    "@odata.id": "/redfish/v1/Systems/1/LogServices/SEL/Entries",
    "@Redfish.Copyright":"Copyright 2014-2016 Distributed Management Task Force, Inc. (DMTF). For the full DMTF copyright policy, see http://www.dmtf.org/about/policies/copyright."
}
