{
    "@Redfish.Copyright": "Copyright 2014-2016 Distributed Management Task Force, Inc. (DMTF). All rights reserved.",
    "@odata.context": "/redfish/v1/$metadata#SwitchCollection.SwitchCollection",
    "@odata.id": "/redfish/v1/Fabrics/SAS/Switches",
    "@odata.type": "#SwitchCollection.SwitchCollection",
    "Name": "Switch Collection",
    "Members@odata.count": 2,
    "Members": [
        {
            "@odata.id": "/redfish/v1/Fabrics/SAS/Switches/Switch1"
        },
        {
            "@odata.id": "/redfish/v1/Fabrics/SAS/Switches/Switch2"
        }
    ]
}
