{
    "@odata.type": "#EthernetInterfaceCollection.EthernetInterfaceCollection",
    "Name": "Ethernet Interface Collection",
    "Members@odata.count": 1,
    "Members": [
        {
            "@odata.id":"/redfish/v1/CompositionService/ResourceBlocks/ComputeBlock1/EthernetInterfaces/Block1OnboardNIC"
        }
    ],
    "@odata.context": "/redfish/v1/$metadata#EthernetInterfaceCollection.EthernetInterfaceCollection",
    "@odata.id": "/redfish/v1/Systems/ComposedSystem/EthernetInterfaces",
    "@Redfish.Copyright": "Copyright 2014-2017 Distributed Management Task Force, Inc. (DMTF). For the full DMTF copyright policy, see http://www.dmtf.org/about/policies/copyright."
}
