{
    "@odata.type": "#EthernetInterface.v1_3_0.EthernetInterface",
    "Id": "2",
    "Name": "network.2",
    "Description": "PartitionedServer NIC",
    "Status": {
        "State": "Enabled",
        "Health": "OK"
    },
    "MACAddress": "AA:BB:CC:DD:EE:FF",
    "SpeedMbps": 1000,
    "FullDuplex": true,
    "HostName": "localhost2",
    "FQDN": "localhost2.net",
    "IPv6DefaultGateway": "fe80::3ed9:2bff:fe34:600",
    "NameServers": [
        "names.redfishspecification.org"
    ],
    "IPv4Addresses": [
        {
            "Address": "192.168.0.10",
            "SubnetMask": "255.255.252.0",
            "AddressOrigin": "Static",
            "Gateway": "192.168.0.1"
        }
    ],
    "Links": {
        "Chassis": {
            "@odata.id": "/redfish/v1/Chassis/Blade2"
        }
    },
    "@odata.context": "/redfish/v1/$metadata#EthernetInterface.EthernetInterface",
    "@odata.id": "/redfish/v1/CompositionService/ResourceBlocks/BladeComputeBlock2/RBSystem/EthernetInterfaces/1",
    "@Redfish.Copyright": "Copyright 2014-2017 Distributed Management Task Force, Inc. (DMTF). For the full DMTF copyright policy, see http://www.dmtf.org/about/policies/copyright."
}
