{
    "@odata.type": "#Storage.v1_3_0.Storage",
    "Id": "1",
    "Name": "Storage Blade",
    "Description": "Integrated Storage Blade with multiple drives; Direct Connect to Blades as JBOD",
    "Status": {
        "State": "Enabled",
        "Health": "OK",
        "HealthRollup": "OK"
    },
    "Drives": [
        {
            "@odata.id": "/redfish/v1/CompositionService/ResourceBlocks/BladeStorageBlock8/Storage/1/Drives/Drive1"
        },
        {
            "@odata.id": "/redfish/v1/CompositionService/ResourceBlocks/BladeStorageBlock8/Storage/1/Drives/Drive2"
        }
    ],
    "Links": {
        "Enclosures": [
            {
                "@odata.id": "/redfish/v1/Chassis/Blade8"
            }
        ]
    },
    "@odata.context": "/redfish/v1/$metadata#Storage.Storage",
    "@odata.id": "/redfish/v1/CompositionService/ResourceBlocks/BladeStorageBlock8/Storage/1",
    "@Redfish.Copyright": "Copyright 2014-2017 Distributed Management Task Force, Inc. (DMTF). For the full DMTF copyright policy, see http://www.dmtf.org/about/policies/copyright."
}
