{
    "@odata.type": "#ResourceBlockCollection.ResourceBlockCollection",
    "Name": "Resource Block Collection",
    "Members@odata.count": 9,
    "Members": [
        {
            "@odata.id": "/redfish/v1/CompositionService/ResourceBlocks/ComputeBlock1"
        },
        {
            "@odata.id": "/redfish/v1/CompositionService/ResourceBlocks/ComputeBlock2"
        },
        {
            "@odata.id": "/redfish/v1/CompositionService/ResourceBlocks/DriveBlock3"
        },
        {
            "@odata.id": "/redfish/v1/CompositionService/ResourceBlocks/DriveBlock4"
        },
        {
            "@odata.id": "/redfish/v1/CompositionService/ResourceBlocks/DriveBlock5"
        },
        {
            "@odata.id": "/redfish/v1/CompositionService/ResourceBlocks/DriveBlock6"
        },
        {
            "@odata.id": "/redfish/v1/CompositionService/ResourceBlocks/DriveBlock7"
        },
        {
            "@odata.id": "/redfish/v1/CompositionService/ResourceBlocks/NetworkBlock8"
        },
        {
            "@odata.id": "/redfish/v1/CompositionService/ResourceBlocks/OffloadBlock9"
        }
    ],
    "@odata.context": "/redfish/v1/$metadata#ResourceBlockCollection.ResourceBlockCollection",
    "@odata.id": "/redfish/v1/CompositionService/ResourceBlocks",
    "@Redfish.Copyright": "Copyright 2014-2017 Distributed Management Task Force, Inc. (DMTF). For the full DMTF copyright policy, see http://www.dmtf.org/about/policies/copyright."
}
