{
    "@Redfish.Copyright": "Copyright 2014-2016 Distributed Management Task Force, Inc. (DMTF). All rights reserved.",
    "@odata.context": "/redfish/v1/$metadata#Fabric.Fabric",
    "@odata.id": "/redfish/v1/Fabrics/SAS",
    "@odata.type": "#Fabric.v1_0_0.Fabric",
    "Id": "SAS",
    "Name": "SAS Fabric",
    "FabricType": "SAS",
    "Description": "A SAS Fabric with redundant switches connected to two initiators",
    "Status": {
        "State": "Enabled",
        "Health": "OK"
    },
    "Zones": {
        "@odata.id": "/redfish/v1/Fabrics/SAS/Zones"
    },
    "Endpoints": {
        "@odata.id": "/redfish/v1/Fabrics/SAS/Endpoints"
    },
    "Switches": {
        "@odata.id": "/redfish/v1/Fabrics/SAS/Switches"
    },
    "Links": {
        "Oem": {}
    },
    "Actions": {
        "Oem": {}
    },
    "Oem": {}
}
