{
    "@Redfish.Copyright": "Copyright 2014-2016 Distributed Management Task Force, Inc. (DMTF). All rights reserved.",
    "@odata.context": "/redfish/v1/$metadata#ZoneCollection.ZoneCollection",
    "@odata.id": "/redfish/v1/Fabrics/SAS/Zones",
    "@odata.type": "#ZoneCollection.ZoneCollection",
    "Name": "SAS Zone Collection",
    "Members@odata.count": 3,
    "Members": [
        {
            "@odata.id": "/redfish/v1/Fabrics/SAS/Zones/1"
        },
        {
            "@odata.id": "/redfish/v1/Fabrics/SAS/Zones/2"
        },
        {
            "@odata.id": "/redfish/v1/Fabrics/SAS/Zones/3"
        }
    ]
}

