{
    "@odata.type": "#Power.v1_3_0.Power",
    "Name": "MultiBladeEnclosure Power",
    "Id": "MultiBladeEnclosurePower",
    "Redundancy": [
        {
            "@odata.id": "/redfish/v1/Chassis/Enclosure/Power#/Redundancy/0",
            "MemberId": "0",
            "Name": "Power Supply Redundancy",
            "Mode": "N+m",
            "Status": {
                "State": "Enabled",
                "Health": "OK"
            },
            "RedundancySet": [
                {
                    "@odata.id": "/redfish/v1/Chassis/Enclosure/Power#/PowerSupplies/0"
                },
                {
                    "@odata.id": "/redfish/v1/Chassis/Enclosure/Power#/PowerSupplies/1"
                }
            ],
            "MinNumNeeded": 6,
            "MaxNumSupported": 12
        }
    ],
    "PowerSupplies": [
        {
            "@odata.id": "/redfish/v1/Chassis/Enclosure/Power#/PowerSupplies/0",
            "MemberId": "0",
            "Name": "Power Supply 0",
            "Model": "2400W 80 PLUS PLATINUM",
            "Manufacturer": "Contoso",
            "SerialNumber": "5BGXF0AHL2H037",
            "PartNumber": "588603-B21",
            "Status": {
                "State": "Enabled",
                "Health": "OK"
            },
            "PowerSupplyType": "AC",
            "LineInputVoltageType": "AC240V",
            "PhysicalContext": "Back",
            "Redundancy": [
                {
                    "@odata.id": "/redfish/v1/Chassis/Enclosure/Power#/Redundancy/0"
                }
            ],
            "RelatedItem": [
                {
                    "@odata.id": "/redfish/v1/Chassis/Enclosure"
                }
            ]
        },
        {
            "@odata.id": "/redfish/v1/Chassis/Enclosure/Power#/PowerSupplies/1",
            "MemberId": "1",
            "Name": "Power Supply 1",
            "Model": "2400W 80 PLUS PLATINUM",
            "Manufacturer": "Contoso",
            "SerialNumber": "5BGXF0AHL2H044",
            "PartNumber": "588603-B21",
            "Status": {
                "State": "Enabled",
                "Health": "OK"
            },
            "PowerSupplyType": "AC",
            "LineInputVoltageType": "AC240V",
            "PhysicalContext": "Back",
            "Redundancy": [
                {
                    "@odata.id": "/redfish/v1/Chassis/Enclosure/Power#/Redundancy/0"
                }
            ],
            "RelatedItem": [
                {
                    "@odata.id": "/redfish/v1/Chassis/Enclosure"
                }
            ]
        }
    ],
    "@odata.context": "/redfish/v1/$metadata#Power.Power",
    "@odata.id": "/redfish/v1/Chassis/Enclosure/Power",
    "@Redfish.Copyright": "Copyright 2014-2017 Distributed Management Task Force, Inc. (DMTF). For the full DMTF copyright policy, see http://www.dmtf.org/about/policies/copyright."
}
