{
    "@odata.type": "#Processor.v1_1_0.Processor",
    "Id": "CPU2",
    "Name": "Processor",
    "Socket": "CPU 2",
    "ProcessorType": "CPU",
    "Status": {
        "State": "Absent"
    },
    "@odata.context": "/redfish/v1/$metadata#Processor.Processor",
    "@odata.id": "/redfish/v1/Systems/437XR1138R2/Processors/CPU2",
    "@Redfish.Copyright": "Copyright 2014-2017 Distributed Management Task Force, Inc. (DMTF). For the full DMTF copyright policy, see http://www.dmtf.org/about/policies/copyright."
}
