{
    "@odata.type": "#EthernetInterfaceCollection.EthernetInterfaceCollection",
    "Name": "Ethernet Interface Collection",
    "Description": "System NICs on Contoso Servers",
    "Members@odata.count": 2,
    "Members": [
        {
            "@odata.id": "/redfish/v1/Systems/437XR1138R2/EthernetInterfaces/12446A3B0411"
        },
        {
            "@odata.id": "/redfish/v1/Systems/437XR1138R2/EthernetInterfaces/12446A3B8890"
        }
    ],
    "Oem": {},
    "@odata.context": "/redfish/v1/$metadata#Systems/Members/437XR1138R2/EthernetInterfaces/$entity",
    "@odata.id": "/redfish/v1/Systems/437XR1138R2/EthernetInterfaces",
    "@Redfish.Copyright": "Copyright 2014-2016 Distributed Management Task Force, Inc. (DMTF). For the full DMTF copyright policy, see http://www.dmtf.org/about/policies/copyright."
}
