{
    "@odata.type": "#SerialInterfaceCollection.SerialInterfaceCollection",
    "Name": "Serial Interface Collection",
    "Description": "Collection of Serial Interfaces for this System",
    "Members@odata.count": 1,
    "Members": [
        {
            "@odata.id": "/redfish/v1/Managers/EncMgr2/SerialInterfaces/1"
        }
    ],
    "@odata.context": "/redfish/v1/$metadata#SerialInterfaceCollection.SerialInterfaceCollection",
    "@odata.id": "/redfish/v1/Managers/EncMgr2/SerialInterfaces",
    "@Redfish.Copyright": "Copyright 2014-2017 Distributed Management Task Force, Inc. (DMTF). For the full DMTF copyright policy, see http://www.dmtf.org/about/policies/copyright."
}
