{
    "@odata.type": "#SimpleStorageCollection.SimpleStorageCollection",
    "Name": "Simple Storage Collection",
    "Members@odata.count": 1,
    "Members": [
        {
            "@odata.id": "/redfish/v1/Systems/529QB9450R6/SimpleStorage/1"
        }
    ],
    "@odata.context": "/redfish/v1/$metadata#SimpleStorageCollection.SimpleStorageCollection",
    "@odata.id": "/redfish/v1/Systems/529QB9450R6/SimpleStorage",
    "@Redfish.Copyright": "Copyright 2014-2016 Distributed Management Task Force, Inc. (DMTF). For the full DMTF copyright policy, see http://www.dmtf.org/about/policies/copyright."
}
