{
    "@odata.type": "#MemoryCollection.MemoryCollection",
    "Name": "Memory Collection",
    "Members@odata.count": 4,
    "Members": [
        {
            "@odata.id":"/redfish/v1/CompositionService/ResourceBlocks/ComputeBlock1/Memory/Block1DIMM0"
        },
        {
            "@odata.id":"/redfish/v1/CompositionService/ResourceBlocks/ComputeBlock1/Memory/Block1DIMM1"
        },
        {
            "@odata.id":"/redfish/v1/CompositionService/ResourceBlocks/ComputeBlock1/Memory/Block1DIMM2"
        },
        {
            "@odata.id":"/redfish/v1/CompositionService/ResourceBlocks/ComputeBlock1/Memory/Block1DIMM3"
        }
    ],
    "@odata.context": "/redfish/v1/$metadata#MemoryCollection.MemoryCollection",
    "@odata.id": "/redfish/v1/Systems/ComposedSystem/Memory",
    "@Redfish.Copyright": "Copyright 2014-2017 Distributed Management Task Force, Inc. (DMTF). For the full DMTF copyright policy, see http://www.dmtf.org/about/policies/copyright."
}
