{
    "@odata.type": "#LogEntryCollection.LogEntryCollection",
    "Name": "Log Entry Collection",
    "Members@odata.count": 0,
    "Members": [],
    "@odata.context": "/redfish/v1/$metadata#Managers/Members/Blade4BMC/LogServices/Members/Log/Entries/$entity",
    "@odata.id": "/redfish/v1/Managers/Blade4BMC/LogServices/Log/Entries",
    "@Redfish.Copyright": "Copyright 2014-2016 Distributed Management Task Force, Inc. (DMTF). For the full DMTF copyright policy, see http://www.dmtf.org/about/policies/copyright."
}
