{
    "@Redfish.Copyright": "Copyright 2014-2016 Distributed Management Task Force, Inc. (DMTF). All rights reserved.",
	"@odata.context": "/redfish/v1/$metadata#Endpoint.Endpoint",
	"@odata.id": "/redfish/v1/Fabrics/SAS/Endpoints/Enclosure1",
	"@odata.type": "#Endpoint.v1_0_0.Endpoint",
	"Id": "Enclosure1",
	"Name": "SAS Enclosure",
	"Description": "A non-zoning capable SAS Enclosure",
    "EndpointProtocol": "SAS",
    "ConnectedEntities": [
        {
            "EntityType": "Expander",
            "EntityRole": null,
            "Identifiers": [
                {
                    "DurableNameFormat": "NAA",
                    "DurableName": "32ADF365C6C1B7BF"
                }
            ],
            "Oem": {}
        },
        {
            "EntityType": "Drive",
            "EntityRole": "Target",
            "Identifiers": [
                {
                    "DurableNameFormat": "NAA",
                    "DurableName": "32ADF365C6C1B7C0"
                }
            ],
            "Oem": {}
        },
        {
            "EntityType": "Drive",
            "EntityRole": "Target",
            "Identifiers": [
                {
                    "DurableNameFormat": "NAA",
                    "DurableName": "32ADF365C6C1B7C1"
                }
            ],
            "Oem": {}
        },
        {
            "EntityType": "Drive",
            "EntityRole": "Target",
            "Identifiers": [
            ],
            "Oem": {}
        },
        {
            "EntityType": "Drive",
            "EntityRole": "Target",
            "Identifiers": [
            ],
            "Oem": {}
        }
    ],
    "Links": {
        "Ports": [
            {"@odata.id": "/redfish/v1/Fabrics/SAS/Switches/Switch1/Ports/7"},
            {"@odata.id": "/redfish/v1/Fabrics/SAS/Switches/Switch2/Ports/7"}
        ]
    },
	"Oem": {}
}

