{
    "@odata.type": "#MemoryCollection.MemoryCollection",
    "Name": "PartitionedServer Memory Module Collection",
    "Members@odata.count": 2,
    "Members": [
        {
            "@odata.id": "/redfish/v1/CompositionService/ResourceBlocks/BladeComputeBlock6/RBSystem/Memory/1"
        },
        {
            "@odata.id": "/redfish/v1/CompositionService/ResourceBlocks/BladeComputeBlock6/RBSystem/Memory/2"
        }
    ],
    "@odata.context": "/redfish/v1/$metadata#MemoryCollection.MemoryCollection",
    "@odata.id": "/redfish/v1/Systems/ComposedPartition3/Memory",
    "@Redfish.Copyright": "Copyright 2014-2017 Distributed Management Task Force, Inc. (DMTF). For the full DMTF copyright policy, see http://www.dmtf.org/about/policies/copyright."
}
