{
    "@Redfish.Copyright": "Copyright 2014-2016 Distributed Management Task Force, Inc. (DMTF). All rights reserved.",
	"@odata.context": "/redfish/v1/$metadata#Endpoint.Endpoint",
	"@odata.id": "/redfish/v1/Fabrics/SAS/Endpoints/Initiator1",
	"@odata.type": "#Endpoint.v1_0_0.Endpoint",
	"Id": "Initiator1",
	"Name": "SAS RAID Controller 1",
	"Description": "SAS RAID Controller 1",
    "EndpointProtocol": "SAS",
    "ConnectedEntities": [
        {
            "EntityType": "Initiator",
            "EntityRole": "Initiator",
            "Identifiers": [
                {
                    "DurableNameFormat": "NAA",
                    "DurableName": "32ADF365C6C1B7BD"
                }
            ],
            "Oem": {}
        }
    ],
    "Links": {
        "Ports": [
            {"@odata.id": "/redfish/v1/Fabrics/SAS/Switches/Switch1/Ports/1"},
            {"@odata.id": "/redfish/v1/Fabrics/SAS/Switches/Switch2/Ports/1"}
        ]
    },
	"Oem": {}
}
