{
    "@odata.type": "#ComputerSystemCollection.ComputerSystemCollection",
    "Name": "Computer System Collection",
    "Members@odata.count": 1,
    "Members": [
        {
            "@odata.id": "/redfish/v1/Systems/ComposedSystem"
        }
    ],
    "@Redfish.CollectionCapabilities": {
        "@odata.type": "#CollectionCapabilities.v1_0_0.CollectionCapabilities",
        "Capabilities": [
            {
                "CapabilitiesObject": {
                    "@odata.id": "/redfish/v1/Systems/Capabilities"
                },
                "UseCase": "ComputerSystemComposition",
                "Links": {
                    "TargetCollection": {
                        "@odata.id": "/redfish/v1/Systems"
                    },
                    "RelatedItem": [
                        {
                            "@odata.id": "/redfish/v1/CompositionService/ResourceZones/1"
                        },
                        {
                            "@odata.id": "/redfish/v1/CompositionService/ResourceZones/2"
                        }
                    ]
                }
            }
        ]
    },
    "@odata.context": "/redfish/v1/$metadata#ComputerSystemCollection.ComputerSystemCollection",
    "@odata.id": "/redfish/v1/Systems",
    "@Redfish.Copyright": "Copyright 2014-2017 Distributed Management Task Force, Inc. (DMTF). For the full DMTF copyright policy, see http://www.dmtf.org/about/policies/copyright."
}
