{
    "@odata.type": "#Thermal.v1_3_0.Thermal",
    "Name": "PartitionedServer Blade5 Thermal",
    "Id": "PartitionedServerBlade5Thermal",
    "Temperatures": [
        {
            "@odata.id": "/redfish/v1/Chassis/Blade5/Thermal#/Temperatures/0",
            "MemberId": "0",
            "Name": "Blade Temp",
            "Status": {
                "State": "Enabled",
                "Health": "OK"
            },
            "ReadingCelsius": 62,
            "UpperThresholdNonCritical": 75,
            "UpperThresholdCritical": 90,
            "UpperThresholdFatal": 95,
            "LowerThresholdNonCritical": 42,
            "LowerThresholdCritical": 5,
            "LowerThresholdFatal": 42,
            "MinReadingRangeTemp": 0,
            "MaxReadingRangeTemp": 120,
            "PhysicalContext": "ComputeBay",
            "RelatedItem": [
                {
                    "@odata.id": "/redfish/v1/Systems/ComposedPartition2"
                }
            ]
        },
        {
            "@odata.id": "/redfish/v1/Chassis/Blade5/Thermal#/Temperatures/1",
            "MemberId": "1",
            "Name": "CPU1 Temp",
            "SensorNumber": 42,
            "Status": {
                "State": "Enabled",
                "Health": "Critical"
            },
            "ReadingCelsius": 42,
            "UpperThresholdNonCritical": 35,
            "UpperThresholdCritical": 40,
            "UpperThresholdFatal": 45,
            "LowerThresholdNonCritical": 42,
            "LowerThresholdCritical": 5,
            "LowerThresholdFatal": 42,
            "MinReadingRangeTemp": 0,
            "MaxReadingRangeTemp": 200,
            "PhysicalContext": "CPU",
            "RelatedItem": [
                {
                    "@odata.id": "/redfish/v1/CompositionService/ResourceBlocks/BladeComputeBlock5/RBSystem/Processors/CPU1"
                }
            ]
        }
    ],
    "@odata.context": "/redfish/v1/$metadata#Thermal.Thermal",
    "@odata.id": "/redfish/v1/Chassis/Blade5/Thermal",
    "@Redfish.Copyright": "Copyright 2014-2017 Distributed Management Task Force, Inc. (DMTF). For the full DMTF copyright policy, see http://www.dmtf.org/about/policies/copyright."
}
