{
    "@odata.type": "#ComputerSystem.v1_4_0.ComputerSystem",
    "Id": "MultiBladeEncCapabilities",
    "Name": "MultiBlade Enclosure Zone Capabilities",
    "Description": "This reports the capabilities that should be included by clients while requesting to create a *Composed* resource",
    "Name@Redfish.RequiredOnCreate": true,
    "Name@Redfish.SetOnlyOnCreate": true,
    "Links@Redfish.RequiredOnCreate": true,
    "Links": {
        "ResourceBlocks@Redfish.RequiredOnCreate": true,
        "ResourceBlocks@Redfish.UpdatableAfterCreate": true
    },
    "@odata.context": "/redfish/v1/$metadata#ComputerSystem.ComputerSystem",
    "@odata.id": "/redfish/v1/Systems/Capabilities",
    "@Redfish.Copyright": "Copyright 2014-2017 Distributed Management Task Force, Inc. (DMTF). For the full DMTF copyright policy, see http://www.dmtf.org/about/policies/copyright."
}
