{
    "@odata.type": "#ResourceBlock.v1_0_0.ResourceBlock",
    "Id": "BladeComputeBlock1",
    "Name": "BladeCompute Block 1",
    "ResourceBlockType": [
        "Compute"
    ],
    "Status": {
        "State": "Enabled",
        "Health": "OK"
    },
    "CompositionStatus": {
        "Reserved": true,
        "CompositionState": "Composed"
    },
    "ComputerSystems": [
        {
            "@odata.id": "/redfish/v1/CompositionService/ResourceBlocks/BladeComputeBlock1/RBSystem"
        }
    ],
    "Links": {
        "ComputerSystems": [
            {
                "@odata.id": "/redfish/v1/Systems/ComposedPartition1"
            }
        ],
        "Zones": [
            {
                "@odata.id": "/redfish/v1/CompositionService/ResourceZones/EncZone1"
            }
        ]
    },
    "Oem": {
        "Contoso": {
            "@odata.type": "#Contoso.ComputeRB",
            "ProcessorSummary": {
                "Count": 2,
                "Model": "Intel(R) Xeon(R) processor"
            },
            "MemorySummary": {
                "TotalSystemMemoryGiB": 128
            }
        }
    },
    "@odata.context": "/redfish/v1/$metadata#ResourceBlock.ResourceBlock",
    "@odata.id": "/redfish/v1/CompositionService/ResourceBlocks/BladeComputeBlock1",
    "@Redfish.Copyright": "Copyright 2014-2017 Distributed Management Task Force, Inc. (DMTF). For the full DMTF copyright policy, see http://www.dmtf.org/about/policies/copyright."
}
