{
    "@odata.type": "#EthernetInterface.v1_3_0.EthernetInterface",
    "Id": "Block1OnboardNIC",
    "Name": "Integrated Ethernet Interface",
    "Status": {
        "State": "Enabled",
        "Health": "OK"
    },
    "InterfaceEnabled": true,
    "PermanentMACAddress": "AA:BB:CC:DD:EE:FD",
    "MACAddress": "AA:BB:CC:DD:EE:FD",
    "SpeedMbps": 100,
    "AutoNeg": true,
    "FullDuplex": true,
    "MTUSize": 1500,
    "IPv4Addresses": [
        {
            "Address": "192.168.70.80",
            "SubnetMask": "255.255.255.0",
            "AddressOrigin": "DHCP",
            "Gateway": "192.168.70.1"
        }
    ],
    "Links": {
        "Chassis": {
            "@odata.id": "/redfish/v1/Chassis/ComposableModule1"
        }
    },
    "@odata.context": "/redfish/v1/$metadata#EthernetInterface.EthernetInterface",
    "@odata.id": "/redfish/v1/CompositionService/ResourceBlocks/ComputeBlock1/EthernetInterfaces/Block1OnboardNIC",
    "@Redfish.Copyright": "Copyright 2014-2017 Distributed Management Task Force, Inc. (DMTF). For the full DMTF copyright policy, see http://www.dmtf.org/about/policies/copyright."
}
