{
    "@odata.type": "#Memory.v1_2_0.Memory",
    "Id": "5",
    "Name": "PartitionedServer Memory",
    "MemoryDeviceType": "DDR4",
    "MemoryType": "DRAM",
    "PartNumber": "M393A4K40BB0-CPB",
    "SerialNumber": "416CE7D5",
    "Manufacturer": "Contoso",
    "RankCount": 1,
    "CapacityMiB": 65536,
    "OperatingSpeedMhz": 2133,
    "ErrorCorrection": "MultiBitECC",
    "Status": {
        "State": "Enabled",
        "Health": "OK"
    },
    "Links": {
        "Chassis": {
            "@odata.id": "/redfish/v1/Chassis/Blade3"
        }
    },
    "@odata.context": "/redfish/v1/$metadata#Memory.Memory",
    "@odata.id": "/redfish/v1/CompositionService/ResourceBlocks/BladeComputeBlock3/RBSystem/Memory/1",
    "@Redfish.Copyright": "Copyright 2014-2017 Distributed Management Task Force, Inc. (DMTF). For the full DMTF copyright policy, see http://www.dmtf.org/about/policies/copyright."
}
