{
    "@odata.type": "#TaskCollection.TaskCollection",
    "Name": "Task Collection",
    "Members@odata.count": 1,
    "Members": [
        {
            "@odata.id": "/redfish/v1/TaskService/Tasks/545"
        }
    ],
    "@odata.context": "/redfish/v1/$metadata#TaskCollection.TaskCollection",
    "@odata.id": "/redfish/v1/TaskService/Tasks",
    "@Redfish.Copyright": "Copyright 2014-2017 Distributed Management Task Force, Inc. (DMTF). For the full DMTF copyright policy, see http://www.dmtf.org/about/policies/copyright."
}
