<?xml version="1.0" encoding="UTF-8"?>
<!---->
<!--################################################################################       -->
<!--# Redfish Schema:  Bios  v1.0.4 -->
<!--#                                                                                      -->
<!--# For a detailed change log, see the README file contained in the DSP8010 bundle,      -->
<!--# available at http://www.dmtf.org/standards/redfish                                   -->
<!--# Copyright 2014-2018 DMTF.                                                            -->
<!--# For the full DMTF copyright policy, see http://www.dmtf.org/about/policies/copyright -->
<!--################################################################################       -->
<!---->
<edmx:Edmx xmlns:edmx="http://docs.oasis-open.org/odata/ns/edmx" Version="4.0">

  <edmx:Reference Uri="http://docs.oasis-open.org/odata/odata/v4.0/errata03/csd01/complete/vocabularies/Org.OData.Core.V1.xml">
    <edmx:Include Namespace="Org.OData.Core.V1" Alias="OData"/>
  </edmx:Reference>
  <edmx:Reference Uri="http://docs.oasis-open.org/odata/odata/v4.0/errata03/csd01/complete/vocabularies/Org.OData.Capabilities.V1.xml">
    <edmx:Include Namespace="Org.OData.Capabilities.V1" Alias="Capabilities"/>
  </edmx:Reference>
  <edmx:Reference Uri="http://redfish.dmtf.org/schemas/v1/RedfishExtensions_v1.xml">
    <edmx:Include Namespace="RedfishExtensions.v1_0_0" Alias="Redfish"/>
  </edmx:Reference>
  <edmx:Reference Uri="http://redfish.dmtf.org/schemas/v1/Resource_v1.xml">
    <edmx:Include Namespace="Resource.v1_0_0"/>
  </edmx:Reference>

  <edmx:DataServices>

    <Schema xmlns="http://docs.oasis-open.org/odata/ns/edm" Namespace="Bios">
      <Annotation Term="Redfish.OwningEntity" String="DMTF"/>

      <EntityType Name="Bios" BaseType="Resource.v1_0_0.Resource" Abstract="true">
        <Annotation Term="OData.AdditionalProperties" Bool="true"/>
        <Annotation Term="OData.Description" String="The Bios schema contains properties related to the BIOS Attribute Registry.  The Attribute Registry describes the system-specific BIOS attributes and Actions for changing to BIOS settings.  Changes to the BIOS typically require a system reset before they take effect.  It is likely that a client will find the @Redfish.Settings term in this resource, and if it is found, the client makes requests to change BIOS settings by modifying the resource identified by the @Redfish.Settings term."/>
        <Annotation Term="OData.LongDescription" String="This resource shall be used to represent BIOS attributes for a Redfish implementation."/>
        <Annotation Term="Capabilities.InsertRestrictions">
          <Record>
            <PropertyValue Property="Insertable" Bool="false"/>
          </Record>
        </Annotation>
        <Annotation Term="Capabilities.UpdateRestrictions">
          <Record>
            <PropertyValue Property="Updatable" Bool="true"/>
            <Annotation Term="OData.Description" String="The BIOS resource can be updated to change the value of the BIOS properties available in the Attribute Registry."/>
          </Record>
        </Annotation>
        <Annotation Term="Capabilities.DeleteRestrictions">
          <Record>
            <PropertyValue Property="Deletable" Bool="false"/>
          </Record>
        </Annotation>
        <Annotation Term="Redfish.Uris">
          <Collection>
            <String>/redfish/v1/Systems/{ComputerSystemId}/Bios</String>
            <String>/redfish/v1/CompositionService/ResourceBlocks/{ResourceBlockId}/Systems/{ComputerSystemId}/Bios</String>
          </Collection>
        </Annotation>
      </EntityType>

      <Action Name="ResetBios" IsBound="true">
        <Parameter Name="Bios" Type="Bios.v1_0_0.Actions"/>
        <Annotation Term="OData.Description" String="This action is used to reset the BIOS attributes to default."/>
        <Annotation Term="OData.LongDescription" String="This action shall perform a reset of the BIOS attributes to their default values.  A system reset may be required for the default values to be applied.  This action may impact other resources."/>
      </Action>

      <Action Name="ChangePassword" IsBound="true">
        <Parameter Name="Bios" Type="Bios.v1_0_0.Actions"/>
        <Parameter Name="PasswordName" Type="Edm.String" Nullable="false">
          <Annotation Term="OData.Description" String="The name of the BIOS password to change."/>
          <Annotation Term="OData.LongDescription" String="This parameter shall define the BIOS password name to change. For instance, this could be the AdminPassword or UserPassword."/>
        </Parameter>
        <Parameter Name="OldPassword" Type="Edm.String" Nullable="false">
          <Annotation Term="OData.Description" String="The value of the existing password."/>
          <Annotation Term="OData.LongDescription" String="This parameter shall define the value of the existing BIOS password that is about to be changed."/>
        </Parameter>
        <Parameter Name="NewPassword" Type="Edm.String" Nullable="false">
          <Annotation Term="OData.Description" String="The value of the new BIOS password."/>
          <Annotation Term="OData.LongDescription" String="This parameter shall define the value of the new BIOS password."/>
        </Parameter>
        <Annotation Term="OData.Description" String="This action is used to change the BIOS passwords."/>
        <Annotation Term="OData.LongDescription" String="This action shall perform a change of the selected BIOS password."/>
      </Action>

    </Schema>

    <Schema xmlns="http://docs.oasis-open.org/odata/ns/edm" Namespace="Bios.v1_0_0">
      <Annotation Term="Redfish.OwningEntity" String="DMTF"/>

      <EntityType Name="Bios" BaseType="Bios.Bios">
        <Property Name="AttributeRegistry" Type="Edm.String">
          <Annotation Term="OData.Permissions" EnumMember="OData.Permission/Read"/>
          <Annotation Term="OData.Description" String="The Resource ID of the Attribute Registry that has the system-specific information about a BIOS resource."/>
          <Annotation Term="OData.LongDescription" String="The reference to the Attribute Registry that lists the metadata describing the BIOS attribute settings in this resource."/>
        </Property>
        <Property Name="Actions" Type="Bios.v1_0_0.Actions" Nullable="false">
          <Annotation Term="OData.Description" String="The available actions for this resource."/>
          <Annotation Term="OData.LongDescription" String="The Actions property shall contain the available actions for this resource."/>
        </Property>
        <Property Name="Attributes" Type="Bios.v1_0_0.Attributes" Nullable="false">
          <Annotation Term="OData.Description" String="The list of BIOS attributes specific to the manufacturer or provider."/>
          <Annotation Term="OData.LongDescription" String="BIOS Attribute settings appear as additional properties in this object, and can be looked up in the Attribute Registry by their AttributeName."/>
        </Property>
      </EntityType>

      <ComplexType Name="Actions">
        <Annotation Term="OData.AdditionalProperties" Bool="false"/>
        <Annotation Term="OData.Description" String="The available actions for this resource."/>
        <Annotation Term="OData.LongDescription" String="This type shall contain the available actions for this resource."/>
        <Property Name="Oem" Type="Bios.v1_0_0.OemActions" Nullable="false">
          <Annotation Term="OData.Description" String="This property contains the available OEM specific actions for this resource."/>
          <Annotation Term="OData.LongDescription" String="This property shall contain any additional OEM actions for this resource."/>
        </Property>
      </ComplexType>

      <ComplexType Name="OemActions">
        <Annotation Term="OData.AdditionalProperties" Bool="true"/>
        <Annotation Term="OData.Description" String="The available OEM specific actions for this resource."/>
        <Annotation Term="OData.LongDescription" String="This type shall contain any additional OEM actions for this resource."/>
      </ComplexType>

      <ComplexType Name="Attributes">
        <Annotation Term="OData.AdditionalProperties" Bool="false"/>
        <Annotation Term="OData.Description" String="The manufacturer/provider-specific list of BIOS attributes."/>
        <Annotation Term="OData.LongDescription" String="This type shall describe BIOS Attribute settings as additional properties in this object, and can be looked up in the Attribute Registry by their AttributeName."/>
        <Annotation Term="Redfish.DynamicPropertyPatterns">
          <Collection>
            <Record>
              <PropertyValue Property="Pattern" String="^[A-Za-z][A-Za-z0-9_]+$"/>
              <PropertyValue Property="Type" String="Edm.Primitive"/>
            </Record>
          </Collection>
        </Annotation>
      </ComplexType>

    </Schema>

    <Schema xmlns="http://docs.oasis-open.org/odata/ns/edm" Namespace="Bios.v1_0_1">
      <Annotation Term="Redfish.OwningEntity" String="DMTF"/>
      <Annotation Term="OData.Description" String="This version was created to add explicit Permissions annotations to all properties for clarity."/>
      <EntityType Name="Bios" BaseType="Bios.v1_0_0.Bios"/>
    </Schema>

    <Schema xmlns="http://docs.oasis-open.org/odata/ns/edm" Namespace="Bios.v1_0_2">
      <Annotation Term="Redfish.OwningEntity" String="DMTF"/>
      <Annotation Term="OData.Description" String="This version was created to show annotations in previous namespaces were updated."/>
      <EntityType Name="Bios" BaseType="Bios.v1_0_1.Bios"/>
    </Schema>

    <Schema xmlns="http://docs.oasis-open.org/odata/ns/edm" Namespace="Bios.v1_0_3">
      <Annotation Term="Redfish.OwningEntity" String="DMTF"/>
      <Annotation Term="OData.Description" String="This version was created to correct the Descriptions and LongDescriptions used in the defined Actions.  It was also created to perform editoral updates of descriptions defined in this schema."/>
      <EntityType Name="Bios" BaseType="Bios.v1_0_2.Bios"/>
    </Schema>

    <Schema xmlns="http://docs.oasis-open.org/odata/ns/edm" Namespace="Bios.v1_0_4">
      <Annotation Term="Redfish.OwningEntity" String="DMTF"/>
      <Annotation Term="OData.Description" String="This version was created to force the regeneration of JSON Schema so that OData properties are marked as required, and integer properties are marked as integer rather than number.  This version was also created to clarify some behavioral aspects for the ResetBios action, and to add text about the presence of the @Redfish.Settings term."/>
      <EntityType Name="Bios" BaseType="Bios.v1_0_3.Bios"/>
    </Schema>

  </edmx:DataServices>
</edmx:Edmx>
