<?xml version="1.0" encoding="UTF-8"?>
<!---->
<!--################################################################################       -->
<!--# Redfish Schema:  JobService  v1.0.0-->
<!--#                                                                                      -->
<!--# For a detailed change log, see the README file contained in the DSP8010 bundle,      -->
<!--# available at http://www.dmtf.org/standards/redfish                                   -->
<!--# Copyright 2014-2018 DMTF.                                                            -->
<!--# For the full DMTF copyright policy, see http://www.dmtf.org/about/policies/copyright -->
<!--################################################################################       -->
<!---->
<edmx:Edmx xmlns:edmx="http://docs.oasis-open.org/odata/ns/edmx" Version="4.0">

  <edmx:Reference Uri="http://docs.oasis-open.org/odata/odata/v4.0/errata03/csd01/complete/vocabularies/Org.OData.Core.V1.xml">
    <edmx:Include Namespace="Org.OData.Core.V1" Alias="OData"/>
  </edmx:Reference>
  <edmx:Reference Uri="http://docs.oasis-open.org/odata/odata/v4.0/errata03/csd01/complete/vocabularies/Org.OData.Capabilities.V1.xml">
    <edmx:Include Namespace="Org.OData.Capabilities.V1" Alias="Capabilities"/>
  </edmx:Reference>
  <edmx:Reference Uri="http://redfish.dmtf.org/schemas/v1/RedfishExtensions_v1.xml">
    <edmx:Include Namespace="RedfishExtensions.v1_0_0" Alias="Redfish"/>
  </edmx:Reference>
  <edmx:Reference Uri="http://redfish.dmtf.org/schemas/v1/Resource_v1.xml">
    <edmx:Include Namespace="Resource"/>
    <edmx:Include Namespace="Resource.v1_0_0"/>
  </edmx:Reference>
  <edmx:Reference Uri="http://redfish.dmtf.org/schemas/v1/JobCollection_v1.xml">
    <edmx:Include Namespace="JobCollection"/>
  </edmx:Reference>
  <edmx:Reference Uri="http://redfish.dmtf.org/schemas/v1/LogService_v1.xml">
    <edmx:Include Namespace="LogService"/>
  </edmx:Reference>

  <edmx:DataServices>

    <Schema xmlns="http://docs.oasis-open.org/odata/ns/edm" Namespace="JobService">
      <Annotation Term="Redfish.OwningEntity" String="DMTF"/>

      <EntityType Name="JobService" BaseType="Resource.v1_0_0.Resource" Abstract="true">
        <Annotation Term="OData.Description" String="The Job Service of a Redfish service allows scheduling and execution of long-duration processes.  It represents the properties for the Job Service itself and has links to the actual collection of Job resources."/>
        <Annotation Term="OData.LongDescription" String="This resource shall be used to represent a job service for a Redfish implementation."/>
        <Annotation Term="Capabilities.InsertRestrictions">
          <Record>
            <PropertyValue Property="Insertable" Bool="false"/>
          </Record>
        </Annotation>
        <Annotation Term="Capabilities.UpdateRestrictions">
          <Record>
            <PropertyValue Property="Updatable" Bool="true"/>
            <Annotation Term="OData.Description" String="Job Service can be updated to enable or disable the service, though some implementations may not allow the operation to succeed."/>
          </Record>
        </Annotation>
        <Annotation Term="Capabilities.DeleteRestrictions">
          <Record>
            <PropertyValue Property="Deletable" Bool="false"/>
          </Record>
        </Annotation>
        <Annotation Term="Redfish.Uris">
          <Collection>
            <String>/redfish/v1/JobService</String>
          </Collection>
        </Annotation>
      </EntityType>
    </Schema>

    <Schema xmlns="http://docs.oasis-open.org/odata/ns/edm" Namespace="JobService.v1_0_0">
      <Annotation Term="Redfish.OwningEntity" String="DMTF"/>
      <EntityType Name="JobService" BaseType="JobService.JobService">
        <Annotation Term="OData.Description" String="This is the schema definition for the Job Service.  It represents the properties for the service itself and has links to the actual list of tasks."/>
        <Annotation Term="OData.LongDescription" String="This resource shall be used to represent a job service for a Redfish implementation."/>
        <Property Name="DateTime" Type="Edm.DateTimeOffset">
          <Annotation Term="OData.Permissions" EnumMember="OData.Permission/Read"/>
          <Annotation Term="OData.Description" String="The current DateTime (with offset) setting that the job service is using."/>
          <Annotation Term="OData.LongDescription" String="The value of this property shall represent the current DateTime value for the JobService, with offset from UTC, in Redfish Timestamp format."/>
        </Property>
        <Property Name="ServiceEnabled" Type="Edm.Boolean">
          <Annotation Term="OData.Permissions" EnumMember="OData.Permission/ReadWrite"/>
          <Annotation Term="OData.Description" String="This indicates whether this service is enabled."/>
          <Annotation Term="OData.LongDescription" String="The value of this property shall be a boolean indicating whether this service is enabled."/>
        </Property>
        <Property Name="ServiceCapabilities" Type="JobService.v1_0_0.JobServiceCapabilities" Nullable="false">
          <Annotation Term="OData.Description" String="This object describes the supported capabilities of this Job Service implementation."/>
          <Annotation Term="OData.LongDescription" String="This type shall contain properties which describe the capabilities or supported features of this implementation of JobService."/>
        </Property>
        <Property Name="Status" Type="Resource.Status" Nullable="false">
          <Annotation Term="OData.Description" String="This property describes the status and health of the resource and its children."/>
          <Annotation Term="OData.LongDescription" String="This property shall contain any status or health properties of the resource."/>
        </Property>
        <NavigationProperty Name="Log" Type="LogService.LogService" ContainsTarget="true" Nullable="false">
          <Annotation Term="OData.Permissions" EnumMember="OData.Permission/Read"/>
          <Annotation Term="OData.Description" String="This is a reference to a Log Service used by the Job Service."/>
          <Annotation Term="OData.LongDescription" String="The value of this property shall contain a reference to a LogService for the use by this JobService."/>
          <Annotation Term="OData.AutoExpandReferences"/>
        </NavigationProperty>
        <NavigationProperty Name="Jobs" Type="JobCollection.JobCollection" ContainsTarget="true" Nullable="false">
          <Annotation Term="OData.Permissions" EnumMember="OData.Permission/Read"/>
          <Annotation Term="OData.Description" String="References to the Jobs collection."/>
          <Annotation Term="OData.LongDescription" String="The value of this property shall be a link to a resource of type JobCollection."/>
          <Annotation Term="OData.AutoExpandReferences"/>
        </NavigationProperty>
        <Property Name="Actions" Type="JobService.v1_0_0.Actions" Nullable="false">
          <Annotation Term="OData.Description" String="The available actions for this resource."/>
          <Annotation Term="OData.LongDescription" String="The Actions property shall contain the available actions for this resource."/>
        </Property>
      </EntityType>

      <ComplexType Name="JobServiceCapabilities">
        <Annotation Term="OData.Description" String="This object describes the supported capabilities of this Job Service implementation."/>
        <Annotation Term="OData.LongDescription" String="This type shall contain properties which describe the capabilities or supported features of this implementation of JobService."/>
        <Annotation Term="OData.AdditionalProperties" Bool="false"/>
        <Property Name="MaxJobs" Type="Edm.Int64">
          <Annotation Term="OData.Permissions" EnumMember="OData.Permission/Read"/>
          <Annotation Term="OData.Description" String="Maximum number of Jobs supported."/>
          <Annotation Term="OData.LongDescription" String="The value of this property shall be the maximum number of Job resources supported by the implementation."/>
        </Property>
        <Property Name="MaxSteps" Type="Edm.Int64">
          <Annotation Term="OData.Permissions" EnumMember="OData.Permission/Read"/>
          <Annotation Term="OData.Description" String="Maximum number of Job Steps supported."/>
          <Annotation Term="OData.LongDescription" String="The value of this property shall be the maximum number of Step resources supported by a single Job instance."/>
        </Property>
        <Property Name="Scheduling" Type="Edm.Boolean">
          <Annotation Term="OData.Permissions" EnumMember="OData.Permission/Read"/>
          <Annotation Term="OData.Description" String="Indicates whether scheduling of Jobs is supported."/>
          <Annotation Term="OData.LongDescription" String="The value of this property shall indicate the support of scheduling of Jobs using the Schedule object within the Job resource."/>
        </Property>
      </ComplexType>

      <ComplexType Name="Actions">
        <Annotation Term="OData.AdditionalProperties" Bool="false"/>
        <Annotation Term="OData.Description" String="The available actions for this resource."/>
        <Annotation Term="OData.LongDescription" String="This type shall contain the available actions for this resource."/>
        <Property Name="Oem" Type="JobService.v1_0_0.OemActions" Nullable="false">
          <Annotation Term="OData.Description" String="This property contains the available OEM specific actions for this resource."/>
          <Annotation Term="OData.LongDescription" String="This property shall contain any additional OEM actions for this resource."/>
        </Property>
      </ComplexType>

      <ComplexType Name="OemActions">
        <Annotation Term="OData.AdditionalProperties" Bool="true"/>
        <Annotation Term="OData.Description" String="The available OEM specific actions for this resource."/>
        <Annotation Term="OData.LongDescription" String="This type shall contain any additional OEM actions for this resource."/>
      </ComplexType>
    </Schema>

  </edmx:DataServices>
</edmx:Edmx>
