<?xml version="1.0" encoding="UTF-8"?>
<!---->
<!--################################################################################       -->
<!--# Redfish Schema:  MemoryDomain  v1.2.1-->
<!--#                                                                                      -->
<!--# For a detailed change log, see the README file contained in the DSP8010 bundle,      -->
<!--# available at http://www.dmtf.org/standards/redfish                                   -->
<!--# Copyright 2014-2018 DMTF.                                                            -->
<!--# For the full DMTF copyright policy, see http://www.dmtf.org/about/policies/copyright -->
<!--################################################################################       -->
<!---->
<edmx:Edmx xmlns:edmx="http://docs.oasis-open.org/odata/ns/edmx" Version="4.0">

  <edmx:Reference Uri="http://docs.oasis-open.org/odata/odata/v4.0/errata03/csd01/complete/vocabularies/Org.OData.Core.V1.xml">
    <edmx:Include Namespace="Org.OData.Core.V1" Alias="OData"/>
  </edmx:Reference>
  <edmx:Reference Uri="http://docs.oasis-open.org/odata/odata/v4.0/errata03/csd01/complete/vocabularies/Org.OData.Capabilities.V1.xml">
    <edmx:Include Namespace="Org.OData.Capabilities.V1" Alias="Capabilities"/>
  </edmx:Reference>
  <edmx:Reference Uri="http://redfish.dmtf.org/schemas/v1/Resource_v1.xml">
    <edmx:Include Namespace="Resource.v1_0_0"/>
  </edmx:Reference>
  <edmx:Reference Uri="http://redfish.dmtf.org/schemas/v1/RedfishExtensions_v1.xml">
    <edmx:Include Namespace="RedfishExtensions.v1_0_0" Alias="Redfish"/>
  </edmx:Reference>
  <edmx:Reference Uri="http://redfish.dmtf.org/schemas/v1/Memory_v1.xml">
    <edmx:Include Namespace="Memory"/>
  </edmx:Reference>
  <edmx:Reference Uri="http://redfish.dmtf.org/schemas/v1/MemoryChunksCollection_v1.xml">
    <edmx:Include Namespace="MemoryChunksCollection"/>
  </edmx:Reference>

  <edmx:DataServices>

    <Schema xmlns="http://docs.oasis-open.org/odata/ns/edm" Namespace="MemoryDomain">
      <Annotation Term="Redfish.OwningEntity" String="DMTF"/>

      <EntityType Name="MemoryDomain" BaseType="Resource.v1_0_0.Resource" Abstract="true">
        <Annotation Term="OData.Description" String="This is the schema definition of a Memory Domain and its configuration. Memory Domains are used to indicate to the client which Memory (DIMMs) can be grouped together in Memory Chunks to form interleave sets or otherwise grouped together."/>
        <Annotation Term="OData.LongDescription" String="This resource shall be used to represent Memory Domains in a Redfish implementation."/>
        <Annotation Term="OData.AdditionalProperties" Bool="false"/>
        <Annotation Term="Capabilities.InsertRestrictions">
          <Record>
            <PropertyValue Property="Insertable" Bool="false"/>
          </Record>
        </Annotation>
        <Annotation Term="Capabilities.UpdateRestrictions">
          <Record>
            <PropertyValue Property="Updatable" Bool="false"/>
          </Record>
        </Annotation>
        <Annotation Term="Capabilities.DeleteRestrictions">
          <Record>
            <PropertyValue Property="Deletable" Bool="false"/>
          </Record>
        </Annotation>
        <Annotation Term="Redfish.Uris">
          <Collection>
            <String>/redfish/v1/Systems/{ComputerSystemId}/MemoryDomains/{MemoryDomainId}</String>
            <String>/redfish/v1/CompositionService/ResourceBlocks/{ResourceBlockId}/Systems/{ComputerSystemId}/MemoryDomains/{MemoryDomainId}</String>
          </Collection>
        </Annotation>
      </EntityType>

    </Schema>

    <Schema xmlns="http://docs.oasis-open.org/odata/ns/edm" Namespace="MemoryDomain.v1_0_0">
      <Annotation Term="Redfish.OwningEntity" String="DMTF"/>

      <EntityType Name="MemoryDomain" BaseType="MemoryDomain.MemoryDomain">

        <Property Name="AllowsMemoryChunkCreation" Type="Edm.Boolean" DefaultValue="false">
          <Annotation Term="OData.Permissions" EnumMember="OData.Permission/Read"/>
          <Annotation Term="OData.Description" String="Indicates if this Memory Domain supports the creation of Memory Chunks."/>
          <Annotation Term="OData.LongDescription" String="The value of this property shall indicate if this Memory Domain supports the creation of Memory Chunks."/>
        </Property>
        <Property Name="AllowsBlockProvisioning" Type="Edm.Boolean" DefaultValue="false">
          <Annotation Term="OData.Permissions" EnumMember="OData.Permission/Read"/>
          <Annotation Term="OData.Description" String="Indicates if this Memory Domain supports the provisioning of blocks of memory."/>
          <Annotation Term="OData.LongDescription" String="The value of this property shall indicate if this Memory Domain supports the creation of Blocks of memory."/>
        </Property>
        <NavigationProperty Name="MemoryChunks" Type="MemoryChunksCollection.MemoryChunksCollection" ContainsTarget="true">
          <Annotation Term="OData.Permissions" EnumMember="OData.Permission/Read"/>
          <Annotation Term="OData.Description" String="A reference to the collection of Memory Chunks associated with this Memory Domain."/>
          <Annotation Term="OData.LongDescription" String="The value of this property shall be a link to a collection of type MemoryChunkCollection."/>
          <Annotation Term="OData.AutoExpandReferences"/>
        </NavigationProperty>
        <Property Name="InterleavableMemorySets" Type="Collection(MemoryDomain.v1_0_0.MemorySet)">
          <Annotation Term="OData.Description" String="This is the interleave sets for the memory chunk."/>
          <Annotation Term="OData.LongDescription" String="These properties shall represent the interleave sets for the memory chunk."/>
        </Property>
      </EntityType>

      <ComplexType Name="MemorySet">
        <Annotation Term="OData.Description" String="This is the interleave sets for a memory chunk."/>
        <Annotation Term="OData.LongDescription" String="This type shall represent the interleave sets for a memory chunk."/>
        <NavigationProperty Name="MemorySet" Type="Collection(Memory.Memory)">
          <Annotation Term="OData.Permissions" EnumMember="OData.Permission/Read"/>
          <Annotation Term="OData.Description" String="This is the collection of memory for a particular interleave set."/>
          <Annotation Term="OData.LongDescription" String="The values in this collection shall be links to objects of type Memory."/>
          <Annotation Term="OData.AutoExpandReferences"/>
        </NavigationProperty>
      </ComplexType>

    </Schema>

    <Schema xmlns="http://docs.oasis-open.org/odata/ns/edm" Namespace="MemoryDomain.v1_0_1">
      <Annotation Term="Redfish.OwningEntity" String="DMTF"/>
      <Annotation Term="OData.Description" String="This version was created to show annotations in previous namespaces were updated."/>
      <EntityType Name="MemoryDomain" BaseType="MemoryDomain.v1_0_0.MemoryDomain"/>
    </Schema>

    <Schema xmlns="http://docs.oasis-open.org/odata/ns/edm" Namespace="MemoryDomain.v1_0_2">
      <Annotation Term="Redfish.OwningEntity" String="DMTF"/>
      <Annotation Term="OData.Description" String="This version was created to show annotations in previous namespaces were updated."/>
      <EntityType Name="MemoryDomain" BaseType="MemoryDomain.v1_0_1.MemoryDomain"/>
    </Schema>

    <Schema xmlns="http://docs.oasis-open.org/odata/ns/edm" Namespace="MemoryDomain.v1_0_3">
      <Annotation Term="Redfish.OwningEntity" String="DMTF"/>
      <Annotation Term="OData.Description" String="This version was created to force the regeneration of JSON Schema so that OData properties are marked as required, and integer properties are marked as integer rather than number."/>
      <EntityType Name="MemoryDomain" BaseType="MemoryDomain.v1_0_2.MemoryDomain"/>
    </Schema>

    <Schema xmlns="http://docs.oasis-open.org/odata/ns/edm" Namespace="MemoryDomain.v1_1_0">
      <Annotation Term="Redfish.OwningEntity" String="DMTF"/>
      <EntityType Name="MemoryDomain" BaseType="MemoryDomain.v1_0_1.MemoryDomain">
        <Property Name="AllowsMirroring" Type="Edm.Boolean" DefaultValue="false">
          <Annotation Term="OData.Permissions" EnumMember="OData.Permission/Read"/>
          <Annotation Term="OData.Description" String="Indicates if this Memory Domain supports the creation of Memory Chunks with mirroring enabled."/>
          <Annotation Term="OData.LongDescription" String="The value of this property shall indicate if this Memory Domain supports the creation of Memory Chunks with mirroring enabled."/>
        </Property>
        <Property Name="AllowsSparing" Type="Edm.Boolean" DefaultValue="false">
          <Annotation Term="OData.Permissions" EnumMember="OData.Permission/Read"/>
          <Annotation Term="OData.Description" String="Indicates if this Memory Domain supports the creation of Memory Chunks with sparing enabled."/>
          <Annotation Term="OData.LongDescription" String="The value of this property shall indicate if this Memory Domain supports the creation of Memory Chunks with sparing enabled."/>
        </Property>
      </EntityType>
    </Schema>

    <Schema xmlns="http://docs.oasis-open.org/odata/ns/edm" Namespace="MemoryDomain.v1_1_1">
      <Annotation Term="Redfish.OwningEntity" String="DMTF"/>
      <Annotation Term="OData.Description" String="This version was created to show annotations in previous namespaces were updated."/>
      <EntityType Name="MemoryDomain" BaseType="MemoryDomain.v1_1_0.MemoryDomain"/>
    </Schema>

    <Schema xmlns="http://docs.oasis-open.org/odata/ns/edm" Namespace="MemoryDomain.v1_1_2">
      <Annotation Term="Redfish.OwningEntity" String="DMTF"/>
      <Annotation Term="OData.Description" String="This version was created to force the regeneration of JSON Schema so that OData properties are marked as required, and integer properties are marked as integer rather than number."/>
      <EntityType Name="MemoryDomain" BaseType="MemoryDomain.v1_1_1.MemoryDomain"/>
    </Schema>

    <Schema xmlns="http://docs.oasis-open.org/odata/ns/edm" Namespace="MemoryDomain.v1_2_0">
      <Annotation Term="Redfish.OwningEntity" String="DMTF"/>
      <EntityType Name="MemoryDomain" BaseType="MemoryDomain.v1_1_1.MemoryDomain">
        <Property Name="Actions" Type="MemoryDomain.v1_2_0.Actions" Nullable="false">
          <Annotation Term="OData.Description" String="The available actions for this resource."/>
          <Annotation Term="OData.LongDescription" String="The Actions property shall contain the available actions for this resource."/>
        </Property>
      </EntityType>

      <ComplexType Name="Actions">
        <Annotation Term="OData.AdditionalProperties" Bool="false"/>
        <Annotation Term="OData.Description" String="The available actions for this resource."/>
        <Annotation Term="OData.LongDescription" String="This type shall contain the available actions for this resource."/>
        <Property Name="Oem" Type="MemoryDomain.v1_2_0.OemActions" Nullable="false">
          <Annotation Term="OData.Description" String="This property contains the available OEM specific actions for this resource."/>
          <Annotation Term="OData.LongDescription" String="This property shall contain any additional OEM actions for this resource."/>
        </Property>
      </ComplexType>

      <ComplexType Name="OemActions">
        <Annotation Term="OData.AdditionalProperties" Bool="true"/>
        <Annotation Term="OData.Description" String="The available OEM specific actions for this resource."/>
        <Annotation Term="OData.LongDescription" String="This type shall contain any additional OEM actions for this resource."/>
      </ComplexType>
    </Schema>

    <Schema xmlns="http://docs.oasis-open.org/odata/ns/edm" Namespace="MemoryDomain.v1_2_1">
      <Annotation Term="Redfish.OwningEntity" String="DMTF"/>
      <Annotation Term="OData.Description" String="This version was created to force the regeneration of JSON Schema so that OData properties are marked as required, and integer properties are marked as integer rather than number."/>
      <EntityType Name="MemoryDomain" BaseType="MemoryDomain.v1_2_0.MemoryDomain"/>
    </Schema>

  </edmx:DataServices>
</edmx:Edmx>
