<?xml version="1.0" encoding="UTF-8"?>
<!---->
<!--################################################################################       -->
<!--# Redfish Schema:  Port  v1.1.1-->
<!--#                                                                                      -->
<!--# For a detailed change log, see the README file contained in the DSP8010 bundle,      -->
<!--# available at http://www.dmtf.org/standards/redfish                                   -->
<!--# Copyright 2014-2018 DMTF.                                                            -->
<!--# For the full DMTF copyright policy, see http://www.dmtf.org/about/policies/copyright -->
<!--################################################################################       -->
<!---->
<edmx:Edmx xmlns:edmx="http://docs.oasis-open.org/odata/ns/edmx" Version="4.0">

  <edmx:Reference Uri="http://docs.oasis-open.org/odata/odata/v4.0/errata03/csd01/complete/vocabularies/Org.OData.Core.V1.xml">
    <edmx:Include Namespace="Org.OData.Core.V1" Alias="OData"/>
  </edmx:Reference>
  <edmx:Reference Uri="http://docs.oasis-open.org/odata/odata/v4.0/errata03/csd01/complete/vocabularies/Org.OData.Capabilities.V1.xml">
    <edmx:Include Namespace="Org.OData.Capabilities.V1" Alias="Capabilities"/>
  </edmx:Reference>
  <edmx:Reference Uri="http://redfish.dmtf.org/schemas/v1/Resource_v1.xml">
    <edmx:Include Namespace="Resource"/>
    <edmx:Include Namespace="Resource.v1_0_0"/>
  </edmx:Reference>
  <edmx:Reference Uri="http://redfish.dmtf.org/schemas/v1/RedfishExtensions_v1.xml">
    <edmx:Include Namespace="RedfishExtensions.v1_0_0" Alias="Redfish"/>
  </edmx:Reference>
  <edmx:Reference Uri="http://redfish.dmtf.org/schemas/v1/Endpoint_v1.xml">
    <edmx:Include Namespace="Endpoint"/>
  </edmx:Reference>
  <edmx:Reference Uri="http://redfish.dmtf.org/schemas/v1/Switch_v1.xml">
    <edmx:Include Namespace="Switch"/>
  </edmx:Reference>
  <edmx:Reference Uri="http://docs.oasis-open.org/odata/odata/v4.0/errata03/csd01/complete/vocabularies/Org.OData.Measures.V1.xml">
    <edmx:Include Namespace="Org.OData.Measures.V1" Alias="Measures"/>
  </edmx:Reference>
  <edmx:Reference Uri="http://redfish.dmtf.org/schemas/v1/Protocol_v1.xml">
    <edmx:Include Namespace="Protocol"/>
  </edmx:Reference>

  <edmx:DataServices>
  
    <Schema xmlns="http://docs.oasis-open.org/odata/ns/edm" Namespace="Port">
      <Annotation Term="Redfish.OwningEntity" String="DMTF"/>

      <EntityType Name="Port" BaseType="Resource.v1_0_0.Resource" Abstract="true">
        <Annotation Term="OData.Description" String="Port contains properties describing a port of a switch."/>
        <Annotation Term="OData.LongDescription" String="This resource shall be used to represent a simple switch port for a Redfish implementation."/>
        <Annotation Term="Capabilities.InsertRestrictions">
          <Record>
            <PropertyValue Property="Insertable" Bool="false"/>
          </Record>
        </Annotation>
        <Annotation Term="Capabilities.UpdateRestrictions">
          <Record>
            <PropertyValue Property="Updatable" Bool="false"/>
          </Record>
        </Annotation>
        <Annotation Term="Capabilities.DeleteRestrictions">
          <Record>
            <PropertyValue Property="Deletable" Bool="false"/>
          </Record>
        </Annotation>
        <Annotation Term="Redfish.Uris">
          <Collection>
            <String>/redfish/v1/Fabrics/{FabricId}/Switches/{SwitchId}/Ports/{PortId}</String>
          </Collection>
        </Annotation>
      </EntityType>

      <Action Name="Reset" IsBound="true">
        <Parameter Name="Port" Type="Port.v1_0_0.Actions"/>
        <Parameter Name="ResetType" Type="Resource.ResetType">
          <Annotation Term="OData.Description" String="The type of reset to be performed."/>
          <Annotation Term="OData.LongDescription" String="This parameter shall define the type of reset to be performed.  The service may accept a request without the parameter and perform an implementation specific default reset."/>
        </Parameter>
        <Annotation Term="OData.Description" String="This action is used to reset this port."/>
        <Annotation Term="OData.LongDescription" String="This action shall perform a reset of this port."/>
      </Action>

    </Schema>

    <Schema xmlns="http://docs.oasis-open.org/odata/ns/edm" Namespace="Port.v1_0_0">
      <Annotation Term="Redfish.OwningEntity" String="DMTF"/>

      <EntityType Name="Port" BaseType="Port.Port">
        <Property Name="Status" Type="Resource.Status" Nullable="false">
          <Annotation Term="OData.Description" String="This property describes the status and health of the resource and its children."/>
          <Annotation Term="OData.LongDescription" String="This property shall contain any status or health properties of the resource."/>
        </Property>
        <Property Name="PortId" Type="Edm.String">
          <Annotation Term="OData.Permissions" EnumMember="OData.Permission/Read"/>
          <Annotation Term="OData.Description" String="This is the label of this port on the physical switch package."/>
          <Annotation Term="OData.LongDescription" String="The value of this property shall be the name of the switch port as indicated on the outside of the switch."/>
        </Property>
        <Property Name="PortProtocol" Type="Protocol.Protocol">
          <Annotation Term="OData.Permissions" EnumMember="OData.Permission/Read"/>
          <Annotation Term="OData.Description" String="The protocol being sent over this port."/>
          <Annotation Term="OData.LongDescription" String="The value of this property shall contain the protocol being sent over this port."/>
        </Property>
        <Property Name="PortType" Type="Port.v1_0_0.PortType">
          <Annotation Term="OData.Permissions" EnumMember="OData.Permission/Read"/>
          <Annotation Term="OData.Description" String="This is the type of this port."/>
          <Annotation Term="OData.LongDescription" String="The value of this property shall be the port type for this port."/>
        </Property>
        <Property Name="CurrentSpeedGbps" Type="Edm.Decimal">
          <Annotation Term="OData.Permissions" EnumMember="OData.Permission/Read"/>
          <Annotation Term="OData.Description" String="The current speed of this port."/>
          <Annotation Term="OData.LongDescription" String="The value of this property shall be the speed of this port currently negotiated and running."/>
          <Annotation Term="Measures.Unit" String="Gbit/s"/>
        </Property>
        <Property Name="MaxSpeedGbps" Type="Edm.Decimal">
          <Annotation Term="OData.Permissions" EnumMember="OData.Permission/Read"/>
          <Annotation Term="OData.Description" String="The maximum speed of this port as currently configured."/>
          <Annotation Term="OData.LongDescription" String="The value of this property shall be the maximum speed of which this port is capable of being configured.  If capable of auto-negotiation, the system shall attempt to negotiate at the maximum speed set."/>
          <Annotation Term="Measures.Unit" String="Gbit/s"/>
        </Property>
        <Property Name="Width" Type="Edm.Int64">
          <Annotation Term="OData.Permissions" EnumMember="OData.Permission/Read"/>
          <Annotation Term="OData.Description" String="The number of lanes, phys, or other physical transport links that this port contains."/>
          <Annotation Term="OData.LongDescription" String="The value of this property shall be the number of physical transport links that this port contains."/>
        </Property>
        <Property Name="Links" Type="Port.v1_0_0.Links" Nullable="false">
          <Annotation Term="OData.Description" String="Contains references to other resources that are related to this resource."/>
          <Annotation Term="OData.LongDescription" String="The Links property, as described by the Redfish Specification, shall contain references to resources that are related to, but not contained by (subordinate to), this resource."/>
        </Property>
        <Property Name="Actions" Type="Port.v1_0_0.Actions" Nullable="false">
          <Annotation Term="OData.Description" String="The available actions for this resource."/>
          <Annotation Term="OData.LongDescription" String="The Actions property shall contain the available actions for this resource."/>
        </Property>
      </EntityType>

      <ComplexType Name="Links" BaseType="Resource.Links">
        <Annotation Term="OData.Description" String="Contains references to other resources that are related to this resource."/>
        <Annotation Term="OData.LongDescription" String="This type, as described by the Redfish Specification, shall contain references to resources that are related to, but not contained by (subordinate to), this resource."/>
        <NavigationProperty Name="AssociatedEndpoints" Type="Collection(Endpoint.Endpoint)">
          <Annotation Term="OData.Permissions" EnumMember="OData.Permission/Read"/>
          <Annotation Term="OData.Description" String="An array of references to the endpoints that connect to the switch through this port."/>
          <Annotation Term="OData.LongDescription" String="The value of this property shall be a reference to the resources that this port is associated with and shall reference a resource of type Endpoint."/>
          <Annotation Term="OData.AutoExpandReferences"/>
        </NavigationProperty>
        <NavigationProperty Name="ConnectedSwitches" Type="Collection(Switch.Switch)">
          <Annotation Term="OData.Permissions" EnumMember="OData.Permission/Read"/>
          <Annotation Term="OData.Description" String="An array of references to the switches that connect to the switch through this port."/>
          <Annotation Term="OData.LongDescription" String="The value of this property shall be a reference to the resources that this port is associated with and shall reference a resource of type Switch."/>
          <Annotation Term="OData.AutoExpandReferences"/>
        </NavigationProperty>
        <NavigationProperty Name="ConnectedSwitchPorts" Type="Collection(Port.Port)">
          <Annotation Term="OData.Permissions" EnumMember="OData.Permission/Read"/>
          <Annotation Term="OData.Description" String="An array of references to the ports that connect to the switch through this port."/>
          <Annotation Term="OData.LongDescription" String="The value of this property shall be a reference to the resources that this port is associated with and shall reference a resource of type Port."/>
          <Annotation Term="OData.AutoExpandReferences"/>
        </NavigationProperty>
      </ComplexType>

      <ComplexType Name="Actions">
        <Annotation Term="OData.AdditionalProperties" Bool="false"/>
        <Annotation Term="OData.Description" String="The available actions for this resource."/>
        <Annotation Term="OData.LongDescription" String="This type shall contain the available actions for this resource."/>
        <Property Name="Oem" Type="Port.v1_0_0.OemActions" Nullable="false">
          <Annotation Term="OData.Description" String="This property contains the available OEM specific actions for this resource."/>
          <Annotation Term="OData.LongDescription" String="This property shall contain any additional OEM actions for this resource."/>
        </Property>
      </ComplexType>

      <ComplexType Name="OemActions">
        <Annotation Term="OData.AdditionalProperties" Bool="true"/>
        <Annotation Term="OData.Description" String="The available OEM specific actions for this resource."/>
        <Annotation Term="OData.LongDescription" String="This type shall contain any additional OEM actions for this resource."/>
      </ComplexType>

      <EnumType Name="PortType">
        <Member Name="UpstreamPort">
          <Annotation Term="OData.Description" String="This port connects to a host device."/>
        </Member>
        <Member Name="DownstreamPort">
          <Annotation Term="OData.Description" String="This port connects to a target device."/>
        </Member>
        <Member Name="InterswitchPort">
          <Annotation Term="OData.Description" String="This port connects to another switch."/>
        </Member>
        <Member Name="ManagementPort">
          <Annotation Term="OData.Description" String="This port connects to a switch manager."/>
        </Member>
        <Member Name="BidirectionalPort">
          <Annotation Term="OData.Description" String="This port connects to any type of device."/>
        </Member>
        <Member Name="UnconfiguredPort">
          <Annotation Term="OData.Description" String="This port has not yet been configured."/>
        </Member>
      </EnumType>
    </Schema>

    <Schema xmlns="http://docs.oasis-open.org/odata/ns/edm" Namespace="Port.v1_0_1">
      <Annotation Term="Redfish.OwningEntity" String="DMTF"/>
      <Annotation Term="OData.Description" String="This version was created to show annotations in previous namespaces were updated."/>
      <EntityType Name="Port" BaseType="Port.v1_0_0.Port"/>
    </Schema>

    <Schema xmlns="http://docs.oasis-open.org/odata/ns/edm" Namespace="Port.v1_0_2">
      <Annotation Term="Redfish.OwningEntity" String="DMTF"/>
      <Annotation Term="OData.Description" String="This version was created to remove the Nullable facet on NavigationProperties of type Collection."/>
      <EntityType Name="Port" BaseType="Port.v1_0_1.Port"/>
    </Schema>

    <Schema xmlns="http://docs.oasis-open.org/odata/ns/edm" Namespace="Port.v1_0_3">
      <Annotation Term="Redfish.OwningEntity" String="DMTF"/>
      <Annotation Term="OData.Description" String="This version was created to change references to PortProtocol to use the unversioned definition.  It was also created to correct the Descriptions and LongDescriptions used in the defined Actions."/>
      <EntityType Name="Port" BaseType="Port.v1_0_2.Port"/>
    </Schema>

    <Schema xmlns="http://docs.oasis-open.org/odata/ns/edm" Namespace="Port.v1_0_4">
      <Annotation Term="Redfish.OwningEntity" String="DMTF"/>
      <Annotation Term="OData.Description" String="This version was created to force the regeneration of JSON Schema so that OData properties are marked as required, and integer properties are marked as integer rather than number."/>
      <EntityType Name="Port" BaseType="Port.v1_0_3.Port"/>
    </Schema>

    <Schema xmlns="http://docs.oasis-open.org/odata/ns/edm" Namespace="Port.v1_1_0">
      <Annotation Term="Redfish.OwningEntity" String="DMTF"/>
      <EntityType Name="Port" BaseType="Port.v1_0_3.Port">
        <Property Name="Location" Type="Resource.Location" Nullable="false">
          <Annotation Term="OData.Description" String="The Location of the port."/>
          <Annotation Term="OData.LongDescription" String="This property shall contain location information of the associated port."/>
        </Property>
      </EntityType>
    </Schema>

    <Schema xmlns="http://docs.oasis-open.org/odata/ns/edm" Namespace="Port.v1_1_1">
      <Annotation Term="Redfish.OwningEntity" String="DMTF"/>
      <Annotation Term="OData.Description" String="This version was created to force the regeneration of JSON Schema so that OData properties are marked as required, and integer properties are marked as integer rather than number."/>
      <EntityType Name="Port" BaseType="Port.v1_1_0.Port"/>
    </Schema>

  </edmx:DataServices>
</edmx:Edmx>
