<?xml version="1.0" encoding="UTF-8"?>
<!---->
<!--################################################################################       -->
<!--# Redfish Schema:  SoftwareInventory  v1.2.1-->
<!--#                                                                                      -->
<!--# For a detailed change log, see the README file contained in the DSP8010 bundle,      -->
<!--# available at http://www.dmtf.org/standards/redfish                                   -->
<!--# Copyright 2014-2018 DMTF.                                                            -->
<!--# For the full DMTF copyright policy, see http://www.dmtf.org/about/policies/copyright -->
<!--################################################################################       -->
<!---->
<edmx:Edmx xmlns:edmx="http://docs.oasis-open.org/odata/ns/edmx" Version="4.0">

  <edmx:Reference Uri="http://docs.oasis-open.org/odata/odata/v4.0/errata03/csd01/complete/vocabularies/Org.OData.Core.V1.xml">
    <edmx:Include Namespace="Org.OData.Core.V1" Alias="OData"/>
  </edmx:Reference>
  <edmx:Reference Uri="http://docs.oasis-open.org/odata/odata/v4.0/errata03/csd01/complete/vocabularies/Org.OData.Capabilities.V1.xml">
    <edmx:Include Namespace="Org.OData.Capabilities.V1" Alias="Capabilities"/>
  </edmx:Reference>
  <edmx:Reference Uri="http://redfish.dmtf.org/schemas/v1/Resource_v1.xml">
    <edmx:Include Namespace="Resource"/>
    <edmx:Include Namespace="Resource.v1_0_0"/>
  </edmx:Reference>
  <edmx:Reference Uri="http://redfish.dmtf.org/schemas/v1/RedfishExtensions_v1.xml">
    <edmx:Include Namespace="RedfishExtensions.v1_0_0" Alias="Redfish"/>
  </edmx:Reference>

  <edmx:DataServices>

    <Schema xmlns="http://docs.oasis-open.org/odata/ns/edm" Namespace="SoftwareInventory">
      <Annotation Term="Redfish.OwningEntity" String="DMTF"/>

      <EntityType Name="SoftwareInventory" BaseType="Resource.v1_0_0.Resource" Abstract="true">
        <Annotation Term="OData.Description" String="This schema defines an inventory of software components."/>
        <Annotation Term="OData.LongDescription" String="This resource shall be used to represent a single software component managed by this Redfish Service."/>
        <Annotation Term="Capabilities.InsertRestrictions">
          <Record>
            <PropertyValue Property="Insertable" Bool="false"/>
          </Record>
        </Annotation>
        <Annotation Term="Capabilities.UpdateRestrictions">
          <Record>
            <PropertyValue Property="Updatable" Bool="false"/>
          </Record>
        </Annotation>
        <Annotation Term="Capabilities.DeleteRestrictions">
          <Record>
            <PropertyValue Property="Deletable" Bool="false"/>
          </Record>
        </Annotation>
        <Annotation Term="Redfish.Uris">
          <Collection>
            <String>/redfish/v1/UpdateService/SoftwareInventory/{SoftwareInventoryId}</String>
            <String>/redfish/v1/UpdateService/FirmwareInventory/{SoftwareInventoryId}</String>
          </Collection>
        </Annotation>
      </EntityType>

    </Schema>

    <Schema xmlns="http://docs.oasis-open.org/odata/ns/edm" Namespace="SoftwareInventory.v1_0_0">
      <Annotation Term="Redfish.OwningEntity" String="DMTF"/>

      <EntityType Name="SoftwareInventory" BaseType="SoftwareInventory.SoftwareInventory">
        <Annotation Term="OData.Description" String="This schema defines an inventory of software components."/>
        <Annotation Term="OData.LongDescription" String="This resource shall be used to represent a single software component managed by this Redfish Service."/>
        <Property Name="Status" Type="Resource.Status" Nullable="false">
          <Annotation Term="OData.Description" String="This property describes the status and health of the resource and its children."/>
          <Annotation Term="OData.LongDescription" String="This property shall contain any status or health properties of the resource."/>
        </Property>
        <Property Name="Version" Type="Edm.String">
          <Annotation Term="OData.Permissions" EnumMember="OData.Permission/Read"/>
          <Annotation Term="OData.Description" String="A string representing the version of this software."/>
          <Annotation Term="OData.LongDescription" String="The value of this property shall be a string representing the version of this software."/>
        </Property>
        <Property Name="Updateable" Type="Edm.Boolean">
          <Annotation Term="OData.Permissions" EnumMember="OData.Permission/Read"/>
          <Annotation Term="OData.Description" String="Indicates whether this software can be updated by the update service."/>
          <Annotation Term="OData.LongDescription" String="The value of this property shall be a boolean indicating whether this software can be updated by the update service. If false, this software is for reporting purpose only."/>
        </Property>
        <Property Name="Actions" Type="SoftwareInventory.v1_0_0.Actions" Nullable="false">
          <Annotation Term="OData.Description" String="The available actions for this resource."/>
          <Annotation Term="OData.LongDescription" String="The Actions property shall contain the available actions for this resource."/>
        </Property>
      </EntityType>

      <ComplexType Name="Actions">
        <Annotation Term="OData.AdditionalProperties" Bool="false"/>
        <Annotation Term="OData.Description" String="The available actions for this resource."/>
        <Annotation Term="OData.LongDescription" String="This type shall contain the available actions for this resource."/>
        <Property Name="Oem" Type="SoftwareInventory.v1_0_0.OemActions" Nullable="false">
          <Annotation Term="OData.Description" String="This property contains the available OEM specific actions for this resource."/>
          <Annotation Term="OData.LongDescription" String="This property shall contain any additional OEM actions for this resource."/>
        </Property>
      </ComplexType>

      <ComplexType Name="OemActions">
        <Annotation Term="OData.AdditionalProperties" Bool="true"/>
        <Annotation Term="OData.Description" String="The available OEM specific actions for this resource."/>
        <Annotation Term="OData.LongDescription" String="This type shall contain any additional OEM actions for this resource."/>
      </ComplexType>

    </Schema>

    <Schema xmlns="http://docs.oasis-open.org/odata/ns/edm" Namespace="SoftwareInventory.v1_0_1">
      <Annotation Term="Redfish.OwningEntity" String="DMTF"/>
      <Annotation Term="OData.Description" String="This version was created to show annotations in previous namespaces were updated."/>
      <EntityType Name="SoftwareInventory" BaseType="SoftwareInventory.v1_0_0.SoftwareInventory"/>
    </Schema>

    <Schema xmlns="http://docs.oasis-open.org/odata/ns/edm" Namespace="SoftwareInventory.v1_0_2">
      <Annotation Term="Redfish.OwningEntity" String="DMTF"/>
      <Annotation Term="OData.Description" String="This version was created to show annotations in previous namespaces were updated."/>
      <EntityType Name="SoftwareInventory" BaseType="SoftwareInventory.v1_0_1.SoftwareInventory"/>
    </Schema>

    <Schema xmlns="http://docs.oasis-open.org/odata/ns/edm" Namespace="SoftwareInventory.v1_0_3">
      <Annotation Term="Redfish.OwningEntity" String="DMTF"/>
      <Annotation Term="OData.Description" String="This version was created to force the regeneration of JSON Schema so that OData properties are marked as required, and integer properties are marked as integer rather than number."/>
      <EntityType Name="SoftwareInventory" BaseType="SoftwareInventory.v1_0_2.SoftwareInventory"/>
    </Schema>

    <Schema xmlns="http://docs.oasis-open.org/odata/ns/edm" Namespace="SoftwareInventory.v1_1_0">
      <Annotation Term="Redfish.OwningEntity" String="DMTF"/>
      <EntityType Name="SoftwareInventory" BaseType="SoftwareInventory.v1_0_1.SoftwareInventory">
        <Property Name="SoftwareId" Type="Edm.String" Nullable="false">
          <Annotation Term="OData.Permissions" EnumMember="OData.Permission/Read"/>
          <Annotation Term="OData.Description" String="A string representing the implementation-specific ID for identifying this software."/>
          <Annotation Term="OData.LongDescription" String="The value of this property shall be a string representing an implementation-specific ID for identifying this software. This string is used for correlation to a component repository or database."/>
        </Property>
        <Property Name="LowestSupportedVersion" Type="Edm.String">
          <Annotation Term="OData.Permissions" EnumMember="OData.Permission/Read"/>
          <Annotation Term="OData.Description" String="A string representing the lowest supported version of this software."/>
          <Annotation Term="OData.LongDescription" String="The value of this property shall be a string representing the lowest supported version of this software. This string is formatted using the same format used for the Version property."/>
        </Property>
        <Property Name="UefiDevicePaths" Type="Collection(Edm.String)">
          <Annotation Term="OData.Permissions" EnumMember="OData.Permission/Read"/>
          <Annotation Term="OData.Description" String="A list of strings representing the UEFI Device Path(s) of the component(s) associated with this software inventory item."/>
          <Annotation Term="OData.LongDescription" String="The value of this property shall be a list of strings representing the UEFI Device Path(s) of the component(s) associated with this software inventory item. The UEFI Device Path string(s) shall be formatted as defined by the UEFI Specification."/>
        </Property>
        <NavigationProperty Name="RelatedItem" Type="Collection(Resource.Item)">
          <Annotation Term="OData.Permissions" EnumMember="OData.Permission/Read"/>
          <Annotation Term="OData.Description" String="The ID(s) of the resources associated with this software inventory item."/>
          <Annotation Term="OData.LongDescription" String="The value of this property shall be an array of IDs containing pointers consistent with JSON pointer syntax to the resource that is associated with this software inventory item."/>
          <Annotation Term="OData.AutoExpandReferences"/>
        </NavigationProperty>
      </EntityType>
    </Schema>

    <Schema xmlns="http://docs.oasis-open.org/odata/ns/edm" Namespace="SoftwareInventory.v1_1_1">
      <Annotation Term="Redfish.OwningEntity" String="DMTF"/>
      <Annotation Term="OData.Description" String="This version was created to show annotations in previous namespaces were updated."/>
      <EntityType Name="SoftwareInventory" BaseType="SoftwareInventory.v1_1_0.SoftwareInventory"/>
    </Schema>

    <Schema xmlns="http://docs.oasis-open.org/odata/ns/edm" Namespace="SoftwareInventory.v1_1_2">
      <Annotation Term="Redfish.OwningEntity" String="DMTF"/>
      <Annotation Term="OData.Description" String="This version was created to force the regeneration of JSON Schema so that OData properties are marked as required, and integer properties are marked as integer rather than number."/>
      <EntityType Name="SoftwareInventory" BaseType="SoftwareInventory.v1_1_1.SoftwareInventory"/>
    </Schema>

    <Schema xmlns="http://docs.oasis-open.org/odata/ns/edm" Namespace="SoftwareInventory.v1_2_0">
      <Annotation Term="Redfish.OwningEntity" String="DMTF"/>
      <Annotation Term="OData.Description" String="This version was created to add Manufacturer and ReleaseDate properties."/>
      <EntityType Name="SoftwareInventory" BaseType="SoftwareInventory.v1_1_1.SoftwareInventory">
        <Property Name="Manufacturer" Type="Edm.String">
          <Annotation Term="OData.Permissions" EnumMember="OData.Permission/Read"/>
          <Annotation Term="OData.Description" String="A string representing the manufacturer/producer of this software."/>
          <Annotation Term="OData.LongDescription" String="The value of this property shall be a string representing the name of the manufacturer/producer of this software."/>
        </Property>
        <Property Name="ReleaseDate" Type="Edm.DateTimeOffset">
          <Annotation Term="OData.Permissions" EnumMember="OData.Permission/Read"/>
          <Annotation Term="OData.Description" String="Release date of this software."/>
          <Annotation Term="OData.LongDescription" String="The value of this property shall be the date of release or production for this software.  The time of day portion of the property shall be '00:00:00Z' if the time of day is unknown."/>
        </Property>
      </EntityType>
    </Schema>

    <Schema xmlns="http://docs.oasis-open.org/odata/ns/edm" Namespace="SoftwareInventory.v1_2_1">
      <Annotation Term="Redfish.OwningEntity" String="DMTF"/>
      <Annotation Term="OData.Description" String="This version was created to force the regeneration of JSON Schema so that OData properties are marked as required, and integer properties are marked as integer rather than number.  It was also created to clarify the time of day portion of the ReleaseDate property."/>
      <EntityType Name="SoftwareInventory" BaseType="SoftwareInventory.v1_2_0.SoftwareInventory"/>
    </Schema>

  </edmx:DataServices>
</edmx:Edmx>
