<?xml version="1.0" encoding="UTF-8"?>
<!---->
<!--################################################################################       -->
<!--# Redfish Schema:  UpdateService  v1.3.0-->
<!--#                                                                                      -->
<!--# For a detailed change log, see the README file contained in the DSP8010 bundle,      -->
<!--# available at http://www.dmtf.org/standards/redfish                                   -->
<!--# Copyright 2014-2018 DMTF.                                                            -->
<!--# For the full DMTF copyright policy, see http://www.dmtf.org/about/policies/copyright -->
<!--################################################################################       -->
<!---->
<edmx:Edmx xmlns:edmx="http://docs.oasis-open.org/odata/ns/edmx" Version="4.0">

  <edmx:Reference Uri="http://docs.oasis-open.org/odata/odata/v4.0/errata03/csd01/complete/vocabularies/Org.OData.Core.V1.xml">
    <edmx:Include Namespace="Org.OData.Core.V1" Alias="OData"/>
  </edmx:Reference>
  <edmx:Reference Uri="http://docs.oasis-open.org/odata/odata/v4.0/errata03/csd01/complete/vocabularies/Org.OData.Capabilities.V1.xml">
    <edmx:Include Namespace="Org.OData.Capabilities.V1" Alias="Capabilities"/>
  </edmx:Reference>
  <edmx:Reference Uri="http://redfish.dmtf.org/schemas/v1/Resource_v1.xml">
    <edmx:Include Namespace="Resource"/>
    <edmx:Include Namespace="Resource.v1_0_0"/>
  </edmx:Reference>
  <edmx:Reference Uri="http://redfish.dmtf.org/schemas/v1/RedfishExtensions_v1.xml">
    <edmx:Include Namespace="RedfishExtensions.v1_0_0" Alias="Redfish"/>
  </edmx:Reference>
  <edmx:Reference Uri="http://redfish.dmtf.org/schemas/v1/SoftwareInventoryCollection_v1.xml">
    <edmx:Include Namespace="SoftwareInventoryCollection"/>
  </edmx:Reference>

  <edmx:DataServices>

    <Schema xmlns="http://docs.oasis-open.org/odata/ns/edm" Namespace="UpdateService">
      <Annotation Term="Redfish.OwningEntity" String="DMTF"/>

      <EntityType Name="UpdateService" BaseType="Resource.v1_0_0.Resource" Abstract="true">
        <Annotation Term="OData.Description" String="This is the schema definition for the Update Service. It represents the properties for the service itself and has links to collections of firmware and software inventory."/>
        <Annotation Term="OData.LongDescription" String="This resource shall be used to represent an Update Service for a Redfish implementation. It represents the properties that affect the service itself."/>
        <Annotation Term="Capabilities.InsertRestrictions">
          <Record>
            <PropertyValue Property="Insertable" Bool="false"/>
          </Record>
        </Annotation>
        <Annotation Term="Capabilities.UpdateRestrictions">
          <Record>
            <PropertyValue Property="Updatable" Bool="true"/>
            <Annotation Term="OData.Description" String="The Update Service can be updated to change properties such as ServiceEnabled."/>
          </Record>
        </Annotation>
        <Annotation Term="Capabilities.DeleteRestrictions">
          <Record>
            <PropertyValue Property="Deletable" Bool="false"/>
          </Record>
        </Annotation>
        <Annotation Term="Redfish.Uris">
          <Collection>
            <String>/redfish/v1/UpdateService</String>
          </Collection>
        </Annotation>
      </EntityType>

      <Action Name="SimpleUpdate" IsBound="true">
        <Annotation Term="OData.Description" String="This action is used to update software components."/>
        <Annotation Term="OData.LongDescription" String="This action shall perform an update of installed software component(s) as contained within a software image file located at a URI referenced by the ImageURI parameter."/>
        <Parameter Name="UpdateService" Type="UpdateService.v1_0_0.Actions"/>
        <Parameter Name="ImageURI" Type="Edm.String" Nullable="false">
          <Annotation Term="OData.Description" String="The URI of the software image to be installed."/>
          <Annotation Term="OData.LongDescription" String="This parameter shall contain a URI referencing a software image to be retreived by the UpdateService for the purpose of installing software contained within the image."/>
        </Parameter>
        <Parameter Name="TransferProtocol" Type="UpdateService.v1_0_0.TransferProtocolType">
          <Annotation Term="OData.Description" String="The network protocol used by the Update Service to retrieve the software image file located at the URI provided in ImageURI, if the URI does not contain a scheme."/>
          <Annotation Term="OData.LongDescription" String="This parameter shall contain the network protocol that the Update Service shall use to retreive the software image located at the ImageURI.  If this parameter is not provided (or supported), and a transfer protocol is not specified by a scheme contained within ImageURI, the Update Service shall use HTTP to retrieve the image."/>
        </Parameter>
        <Parameter Name="Targets" Type="Collection(Edm.String)">
          <Annotation Term="OData.Description" String="The array of URIs indicating where the update image is to be applied."/>
          <Annotation Term="OData.LongDescription" String="This array property shall contain zero or more URIs indicating where the update image is to be applied. These targets should correspond to SoftwareInventory instances or their RelatedItems. If this property is not present or contains zero targets, the Service shall apply the software image to all applicable targets (as determined by the Service)."/>
          <Annotation Term="OData.IsURL"/>
        </Parameter>
      </Action>
    </Schema>

    <Schema xmlns="http://docs.oasis-open.org/odata/ns/edm" Namespace="UpdateService.v1_0_0">
      <Annotation Term="Redfish.OwningEntity" String="DMTF"/>

      <EntityType Name="UpdateService" BaseType="UpdateService.UpdateService">
        <Annotation Term="OData.Description" String="This is the schema definition for the Update Service. It represents the properties for the service itself and has links to collections of firmware and software inventory."/>
        <Annotation Term="OData.LongDescription" String="This resource shall be used to represent an Update Service for a Redfish implementation. It represents the properties that affect the service itself."/>
        <Property Name="Status" Type="Resource.Status" Nullable="false">
          <Annotation Term="OData.Description" String="This property describes the status and health of the resource and its children."/>
          <Annotation Term="OData.LongDescription" String="This property shall contain any status or health properties of the resource."/>
        </Property>
        <Property Name="ServiceEnabled" Type="Edm.Boolean">
          <Annotation Term="OData.Permissions" EnumMember="OData.Permission/ReadWrite"/>
          <Annotation Term="OData.Description" String="This indicates whether this service is enabled."/>
          <Annotation Term="OData.LongDescription" String="The value of this property shall be a boolean indicating whether this service is enabled."/>
        </Property>
        <NavigationProperty Name="FirmwareInventory" Type="SoftwareInventoryCollection.SoftwareInventoryCollection" ContainsTarget="true">
          <Annotation Term="OData.Permissions" EnumMember="OData.Permission/Read"/>
          <Annotation Term="OData.Description" String="An inventory of firmware."/>
          <Annotation Term="OData.LongDescription" String="The value of this property shall be a link to a resource of type SoftwareInventoryCollection."/>
          <Annotation Term="OData.AutoExpandReferences"/>
        </NavigationProperty>
        <NavigationProperty Name="SoftwareInventory" Type="SoftwareInventoryCollection.SoftwareInventoryCollection" ContainsTarget="true">
          <Annotation Term="OData.Permissions" EnumMember="OData.Permission/Read"/>
          <Annotation Term="OData.Description" String="An inventory of software."/>
          <Annotation Term="OData.LongDescription" String="The value of this property shall be a link to a resource of type SoftwareInventoryCollection."/>
          <Annotation Term="OData.AutoExpandReferences"/>
        </NavigationProperty>
        <Property Name="Actions" Type="UpdateService.v1_0_0.Actions" Nullable="false">
          <Annotation Term="OData.Description" String="The available actions for this resource."/>
          <Annotation Term="OData.LongDescription" String="The Actions property shall contain the available actions for this resource."/>
        </Property>
      </EntityType>

      <ComplexType Name="Actions">
        <Annotation Term="OData.AdditionalProperties" Bool="false"/>
        <Annotation Term="OData.Description" String="The available actions for this resource."/>
        <Annotation Term="OData.LongDescription" String="This type shall contain the available actions for this resource."/>
        <Property Name="Oem" Type="UpdateService.v1_0_0.OemActions" Nullable="false">
          <Annotation Term="OData.Description" String="This property contains the available OEM specific actions for this resource."/>
          <Annotation Term="OData.LongDescription" String="This property shall contain any additional OEM actions for this resource."/>
        </Property>
      </ComplexType>

      <ComplexType Name="OemActions">
        <Annotation Term="OData.AdditionalProperties" Bool="true"/>
        <Annotation Term="OData.Description" String="The available OEM specific actions for this resource."/>
        <Annotation Term="OData.LongDescription" String="This type shall contain any additional OEM actions for this resource."/>
      </ComplexType>

      <EnumType Name="TransferProtocolType">
        <Member Name="CIFS">
          <Annotation Term="OData.Description" String="Common Internet File System protocol."/>
        </Member>
        <Member Name="FTP">
          <Annotation Term="OData.Description" String="File Transfer Protocol."/>
        </Member>
        <Member Name="SFTP">
          <Annotation Term="OData.Description" String="Secure File Transfer Protocol."/>
        </Member>
        <Member Name="HTTP">
          <Annotation Term="OData.Description" String="Hypertext Transfer Protocol."/>
        </Member>
        <Member Name="HTTPS">
          <Annotation Term="OData.Description" String="HTTP Secure protocol."/>
        </Member>
        <Member Name="NSF">
          <Annotation Term="Redfish.Deprecated" String="This value has been Deprecated in favor of NFS."/>
          <Annotation Term="OData.Description" String="Network File System protocol."/>
        </Member>
        <Member Name="SCP">
          <Annotation Term="OData.Description" String="Secure File Copy protocol."/>
        </Member>
        <Member Name="TFTP">
          <Annotation Term="OData.Description" String="Trivial File Transfer Protocol."/>
        </Member>
        <Member Name="OEM">
          <Annotation Term="OData.Description" String="A protocol defined by the manufacturer."/>
        </Member>
        <Member Name="NFS">
          <Annotation Term="OData.Description" String="Network File System protocol."/>
        </Member>
      </EnumType>

    </Schema>

    <Schema xmlns="http://docs.oasis-open.org/odata/ns/edm" Namespace="UpdateService.v1_0_1">
      <Annotation Term="Redfish.OwningEntity" String="DMTF"/>
      <Annotation Term="OData.Description" String="This version was created to show annotations in previous namespaces were updated."/>
      <EntityType Name="UpdateService" BaseType="UpdateService.v1_0_0.UpdateService"/>
    </Schema>

    <Schema xmlns="http://docs.oasis-open.org/odata/ns/edm" Namespace="UpdateService.v1_0_2">
      <Annotation Term="Redfish.OwningEntity" String="DMTF"/>
      <Annotation Term="OData.Description" String="This version was created to show annotations in previous namespaces were updated."/>
      <EntityType Name="UpdateService" BaseType="UpdateService.v1_0_1.UpdateService"/>
    </Schema>

    <Schema xmlns="http://docs.oasis-open.org/odata/ns/edm" Namespace="UpdateService.v1_0_3">
      <Annotation Term="Redfish.OwningEntity" String="DMTF"/>
      <Annotation Term="OData.Description" String="This version was created to regenerate the JSON schema so that the action parameters are included."/>
      <EntityType Name="UpdateService" BaseType="UpdateService.v1_0_2.UpdateService"/>
    </Schema>

    <Schema xmlns="http://docs.oasis-open.org/odata/ns/edm" Namespace="UpdateService.v1_0_4">
      <Annotation Term="Redfish.OwningEntity" String="DMTF"/>
      <Annotation Term="OData.Description" String="This version was created to force the regeneration of JSON Schema so that OData properties are marked as required, and integer properties are marked as integer rather than number.  It was also updated to clarify the descriptions Targets, HttpPushUriTargets, and HttpPushUriTargetsBusy."/>
      <EntityType Name="UpdateService" BaseType="UpdateService.v1_0_3.UpdateService"/>
    </Schema>

    <Schema xmlns="http://docs.oasis-open.org/odata/ns/edm" Namespace="UpdateService.v1_1_0">
      <Annotation Term="Redfish.OwningEntity" String="DMTF"/>
      <EntityType Name="UpdateService" BaseType="UpdateService.v1_0_1.UpdateService">
        <Property Name="HttpPushUri" Type="Edm.String" Nullable="false">
          <Annotation Term="OData.Permissions" EnumMember="OData.Permission/Read"/>
          <Annotation Term="OData.Description" String="The URI used to perform an HTTP or HTTPS push update to the Update Service."/>
          <Annotation Term="OData.LongDescription" String="This property shall contain a URI at which the UpdateService supports an HTTP or HTTPS POST of a software image for the purpose of installing software contained within the image."/>
          <Annotation Term="OData.IsURL"/>
        </Property>
      </EntityType>
    </Schema>

    <Schema xmlns="http://docs.oasis-open.org/odata/ns/edm" Namespace="UpdateService.v1_1_1">
      <Annotation Term="Redfish.OwningEntity" String="DMTF"/>
      <Annotation Term="OData.Description" String="This version was created to show annotations in previous namespaces were updated."/>
      <EntityType Name="UpdateService" BaseType="UpdateService.v1_1_0.UpdateService"/>
    </Schema>

    <Schema xmlns="http://docs.oasis-open.org/odata/ns/edm" Namespace="UpdateService.v1_1_2">
      <Annotation Term="Redfish.OwningEntity" String="DMTF"/>
      <Annotation Term="OData.Description" String="This version was created to regenerate the JSON schema so that the action parameters are included."/>
      <EntityType Name="UpdateService" BaseType="UpdateService.v1_1_1.UpdateService"/>
    </Schema>

    <Schema xmlns="http://docs.oasis-open.org/odata/ns/edm" Namespace="UpdateService.v1_1_3">
      <Annotation Term="Redfish.OwningEntity" String="DMTF"/>
      <Annotation Term="OData.Description" String="This version was created to force the regeneration of JSON Schema so that OData properties are marked as required, and integer properties are marked as integer rather than number.  It was also updated to clarify the descriptions for Targets, HttpPushUriTargets, and HttpPushUriTargetsBusy."/>
      <EntityType Name="UpdateService" BaseType="UpdateService.v1_1_2.UpdateService"/>
    </Schema>

    <Schema xmlns="http://docs.oasis-open.org/odata/ns/edm" Namespace="UpdateService.v1_2_0">
      <Annotation Term="Redfish.OwningEntity" String="DMTF"/>
      <EntityType Name="UpdateService" BaseType="UpdateService.v1_1_1.UpdateService">
        <Property Name="HttpPushUriTargets" Type="Collection(Edm.String)">
          <Annotation Term="OData.Permissions" EnumMember="OData.Permission/ReadWrite"/>
          <Annotation Term="OData.Description" String="The array of URIs indicating the target for applying the update image."/>
          <Annotation Term="OData.LongDescription" String="This property shall contain zero or more URIs indicating the targets for applying the update image when using HttpPushUri to push a software image. These targets should correspond to SoftwareInventory instances or their RelatedItems. If this property is not present or contains zero targets, the Service shall apply the software image to all applicable targets (as determined by the Service)."/>
          <Annotation Term="OData.IsURL"/>
        </Property>
        <Property Name="HttpPushUriTargetsBusy" Type="Edm.Boolean">
          <Annotation Term="OData.Permissions" EnumMember="OData.Permission/ReadWrite"/>
          <Annotation Term="OData.Description" String="This represents if the HttpPushUriTargets property is reserved by any client."/>
          <Annotation Term="OData.LongDescription" String="This property shall be a boolean that determines when the HttpPushUriTargets property is being used by a client for firmware updates. A client should set this property to True when it is using HttpPushUriTargets for firmware update, and should set it to False when it is no longer using HttpPushUriTargets for updates. The property can provide multiple clients a way to negotiate ownership of HttpPushUriTargets. This will help clients to know if a firmware update using HttpPushUriTargets is used by another client. This property has no functional requirements for the Service."/>
        </Property>
      </EntityType>
    </Schema>

    <Schema xmlns="http://docs.oasis-open.org/odata/ns/edm" Namespace="UpdateService.v1_2_1">
      <Annotation Term="Redfish.OwningEntity" String="DMTF"/>
      <Annotation Term="OData.Description" String="This version was created to regenerate the JSON schema so that the action parameters are included."/>
      <EntityType Name="UpdateService" BaseType="UpdateService.v1_2_0.UpdateService"/>
    </Schema>

    <Schema xmlns="http://docs.oasis-open.org/odata/ns/edm" Namespace="UpdateService.v1_2_2">
      <Annotation Term="Redfish.OwningEntity" String="DMTF"/>
      <Annotation Term="OData.Description" String="This version was created to force the regeneration of JSON Schema so that OData properties are marked as required, and integer properties are marked as integer rather than number.  It was also updated to clarify the descriptions for Targets, HttpPushUriTargets, and HttpPushUriTargetsBusy."/>
      <EntityType Name="UpdateService" BaseType="UpdateService.v1_2_1.UpdateService"/>
    </Schema>

    <Schema xmlns="http://docs.oasis-open.org/odata/ns/edm" Namespace="UpdateService.v1_3_0">
      <Annotation Term="Redfish.OwningEntity" String="DMTF"/>
      <Annotation Term="OData.Description" String="This version was created to deprecate NSF in favor of NFS in the TransferProtocolType enum."/>
      <EntityType Name="UpdateService" BaseType="UpdateService.v1_2_2.UpdateService"/>
    </Schema>

  </edmx:DataServices>
</edmx:Edmx>
