<?xml version="1.0" encoding="UTF-8"?>
<!---->
<!--################################################################################       -->
<!--# Redfish Schema:  AccountService   v1.0.2-->
<!--#                                                                                      -->
<!--# For a detailed change log, see the README file contained in the DSP8010 bundle,      -->
<!--# available at http://www.dmtf.org/standards/redfish                                   -->
<!--# Copyright 2014-2016 Distributed Management Task Force, Inc. (DMTF).                  -->
<!--# For the full DMTF copyright policy, see http://www.dmtf.org/about/policies/copyright -->
<!--################################################################################       -->
<!---->
<edmx:Edmx xmlns:edmx="http://docs.oasis-open.org/odata/ns/edmx" Version="4.0">

  <edmx:Reference Uri="http://docs.oasis-open.org/odata/odata/v4.0/cs01/vocabularies/Org.OData.Core.V1.xml">
    <edmx:Include Namespace="Org.OData.Core.V1" Alias="OData"/>
  </edmx:Reference>
  <edmx:Reference Uri="http://docs.oasis-open.org/odata/odata/v4.0/cs01/vocabularies/Org.OData.Measures.V1.xml">
    <edmx:Include Namespace="Org.OData.Measures.V1" Alias="Measures"/>
  </edmx:Reference>
  <edmx:Reference Uri="http://redfish.dmtf.org/schemas/v1/RedfishExtensions_v1.xml">
    <edmx:Include Namespace="RedfishExtensions.v1_0_0" Alias="Redfish"/>
    <edmx:Include Namespace="Validation.v1_0_0" Alias="Validation"/>
  </edmx:Reference>
  <edmx:Reference Uri="http://redfish.dmtf.org/schemas/v1/Resource_v1.xml">
    <edmx:Include Namespace="Resource"/>
    <edmx:Include Namespace="Resource.v1_0_0" />
  </edmx:Reference>
  <edmx:Reference Uri="http://redfish.dmtf.org/schemas/v1/ManagerAccountCollection_v1.xml">
    <edmx:Include Namespace="ManagerAccountCollection"/>
  </edmx:Reference>
  <edmx:Reference Uri="http://redfish.dmtf.org/schemas/v1/RoleCollection_v1.xml">
    <edmx:Include Namespace="RoleCollection"/>
  </edmx:Reference>

  <edmx:DataServices>

    <Schema xmlns="http://docs.oasis-open.org/odata/ns/edm" Namespace="AccountService">
      <EntityType Name="AccountService" BaseType="Resource.v1_0_0.Resource" Abstract="true">
        <Annotation Term="OData.Description" String="Account Service contains properties common to all user accounts, such as password requirements, and control features such as account lockout.  It also contains links to the collections of Manager Accounts and Roles."/>
        <Annotation Term="OData.LongDescription" String="This resource shall be used to represent a management account service for a Redfish implementation."/>
      </EntityType>
    </Schema>

    <Schema xmlns="http://docs.oasis-open.org/odata/ns/edm" Namespace="AccountService.v1_0_0">

      <EntityType Name="AccountService" BaseType="AccountService.AccountService">
        <Property Name="Status" Type="Resource.Status" Nullable="false"/>
        <Property Name="ServiceEnabled" Type="Edm.Boolean">
          <Annotation Term="OData.Description" String="This indicates whether this service is enabled."/>
          <Annotation Term="OData.LongDescription" String="The value of this property shall be a boolean indicating whether this service is enabled."/>
        </Property>
        <Property Name="AuthFailureLoggingThreshold" Type="Edm.Int64" Nullable="false">
          <Annotation Term="OData.Permissions" EnumMember="OData.Permission/ReadWrite"/>
          <Annotation Term="OData.Description" String="This is the number of authorization failures that need to occur before the failure attempt is logged to the manager log."/>
          <Annotation Term="OData.LongDescription" String="This property shall reference the threshold for when an authorization failure is logged.  This represents a modulo function value, thus the failure shall be logged every nth occurrence where n represents the value of this property."/>
          <Annotation Term="Validation.Minimum" Int="0"/>
        </Property>
        <Property Name="MinPasswordLength" Type="Edm.Int16" Nullable="false">
          <Annotation Term="OData.Permissions" EnumMember="OData.Permission/Read"/>
          <Annotation Term="OData.Description" String="This is the minimum password length for this service."/>
          <Annotation Term="OData.LongDescription" String="This property shall reference the minimum password length that the implementation will allow a password to be set to."/>
          <Annotation Term="Validation.Minimum" Int="0"/>
        </Property>
        <Property Name="MaxPasswordLength" Type="Edm.Int16" Nullable="false">
          <Annotation Term="OData.Permissions" EnumMember="OData.Permission/Read"/>
          <Annotation Term="OData.Description" String="This is the maximum password length for this service."/>
          <Annotation Term="OData.LongDescription" String="This property shall reference the maximum password length that the implementation will allow a password to be set to."/>
          <Annotation Term="Validation.Minimum" Int="0"/>
        </Property>
        <Property Name="AccountLockoutThreshold" Type="Edm.Int16" Nullable="true">
          <Annotation Term="OData.Permissions" EnumMember="OData.Permission/ReadWrite"/>
          <Annotation Term="OData.Description" String="The number of failed login attempts before a user account is locked for a specified duration. (0=never locked)"/>
          <Annotation Term="OData.LongDescription" String="This property shall reference the threshold of failed login attempts at which point the user's account is locked.  If set to 0, no lockout shall ever occur."/>
          <Annotation Term="Validation.Minimum" Int="0"/>
        </Property>
        <Property Name="AccountLockoutDuration" Type="Edm.Int32" Nullable="true">
          <Annotation Term="OData.Permissions" EnumMember="OData.Permission/ReadWrite"/>
          <Annotation Term="OData.Description" String="The time in seconds an account is locked after the account lockout threshold is met. Must be >= AccountLockoutResetAfter. If set to 0, no lockout will occur."/>
          <Annotation Term="OData.LongDescription" String="This property shall reference the period of time in seconds that an account is locked after the number of failed login attempts reaches the threshold referenced by AccountLockoutThreshold, within the window of time referenced by AccountLockoutCounterResetAfter.  The value shall be greater than or equal to the value of AccountLockoutResetAfter.  If set to 0, no lockout shall occur."/>
          <Annotation Term="Validation.Minimum" Int="0"/>
          <Annotation Term="Measures.Unit" String="s"/>
        </Property>
        <Property Name="AccountLockoutCounterResetAfter" Type="Edm.Int32" Nullable="false">
          <Annotation Term="OData.Permissions" EnumMember="OData.Permission/ReadWrite"/>
          <Annotation Term="OData.Description" String="The interval of time in seconds since the last failed login attempt at which point the lockout threshold counter for the account is reset to zero. Must be less than or equal to AccountLockoutDuration"/>
          <Annotation Term="OData.LongDescription" String="This property shall reference the threshold of time in seconds from the last failed login attempt at which point the AccountLockoutThreshold counter (that counts number of failed login attempts) is reset back to zero (at which point AccountLockoutThreshold failures would be required before the account is locked).  This value shall be less than or equal to AccountLockoutDuration. The threshold counter also resets to zero after each successful login."/>
          <Annotation Term="Validation.Minimum" Int="0"/>
          <Annotation Term="Measures.Unit" String="s"/>
        </Property>
        <NavigationProperty Name="Accounts" Type="ManagerAccountCollection.ManagerAccountCollection" Nullable="false">
          <Annotation Term="OData.Permissions" EnumMember="OData.Permission/Read"/>
          <Annotation Term="OData.Description" String="Link to a collection of Manager Accounts"/>
          <Annotation Term="OData.LongDescription" String="This property shall contain the link to a collection of type ManagerAccountCollection."/>
          <Annotation Term="OData.AutoExpandReferences"/>
        </NavigationProperty>
        <NavigationProperty Name="Roles" Type="RoleCollection.RoleCollection" Nullable="false">
          <Annotation Term="OData.Permissions" EnumMember="OData.Permission/Read"/>
          <Annotation Term="OData.Description" String="Link to a collection of Roles"/>
          <Annotation Term="OData.LongDescription" String="This property shall contain the link to a collection of type RoleCollection."/>
          <Annotation Term="OData.AutoExpandReferences"/>
        </NavigationProperty>
      </EntityType>

    </Schema>

    <Schema xmlns="http://docs.oasis-open.org/odata/ns/edm" Namespace="AccountService.v1_0_2">
      <EntityType Name="AccountService" BaseType="AccountService.v1_0_0.AccountService"/>
    </Schema>

  </edmx:DataServices>
</edmx:Edmx>
