{
    "@odata.type": "#ManagerCollection.ManagerCollection",
    "Name": "Manager Collection",
    "Members@odata.count": 1,
    "Members": [
        {
            "@odata.id": "/redfish/v1/Managers/BMC"
        }
    ],
    "Oem": {},
    "@odata.context": "/redfish/v1/$metadata#ManagerCollection.ManagerCollection",
    "@odata.id": "/redfish/v1/Managers",
    "@Redfish.Copyright": "Copyright 2014-2017 Distributed Management Task Force, Inc. (DMTF). For the full DMTF copyright policy, see http://www.dmtf.org/about/policies/copyright."
}
