{
    "@Redfish.Copyright": "Copyright 2014-2016 Distributed Management Task Force, Inc. (DMTF). All rights reserved.",
	"@odata.context": "/redfish/v1/$metadata#Endpoint.Endpoint",
	"@odata.id": "/redfish/v1/Fabrics/SAS/Endpoints/Enclosure2",
	"@odata.type": "#Endpoint.v1_0_0.Endpoint",
	"Id": "Enclosure2",
	"Name": "SAS Enclosure",
	"Description": "A zoning capable SAS Enclosure",
    "EndpointProtocol": "SAS",
    "ConnectedEntities": [
        {
            "EntityType": "Expander",
            "EntityRole": null,
            "Identifiers": [
                {
                    "DurableNameFormat": "NAA",
                    "DurableName": "32ADF365C6C1B7C2"
                }
            ],
            "Oem": {}
        },
        {
            "EntityType": "Drive",
            "EntityRole": "Target",
            "Identifiers": [
                {
                    "DurableNameFormat": "NAA",
                    "DurableName": "32ADF365C6C1B7C3"
                }
            ],
            "Oem": {}
        },
        {
            "EntityType": "Drive",
            "EntityRole": "Target",
            "Identifiers": [
                {
                    "DurableNameFormat": "NAA",
                    "DurableName": "32ADF365C6C1B7C4"
                }
            ],
            "Oem": {}
        },
        {
            "EntityType": "Drive",
            "EntityRole": "Target",
            "Identifiers": [
            ],
            "Oem": {}
        },
        {
            "EntityType": "Drive",
            "EntityRole": "Target",
            "Identifiers": [
            ],
            "Oem": {}
        }
    ],
    "Links": {
        "MutuallyExclusiveEndpoints": [
            {"@odata.id": "/redfish/v1/Fabrics/SAS/Endpoints/Drive1"},
            {"@odata.id": "/redfish/v1/Fabrics/SAS/Endpoints/Drive2"},
            {"@odata.id": "/redfish/v1/Fabrics/SAS/Endpoints/Drive3"},
            {"@odata.id": "/redfish/v1/Fabrics/SAS/Endpoints/Drive4"}
        ],
        "Ports": [
            {"@odata.id": "/redfish/v1/Fabrics/SAS/Switches/Switch1/Ports/8"},
            {"@odata.id": "/redfish/v1/Fabrics/SAS/Switches/Switch2/Ports/8"}
        ],
        "Oem": {}
    },
	"Oem": {}
}

