{
    "@odata.type": "#ManagerNetworkProtocol.v1_0_2.ManagerNetworkProtocol",
    "Id": "NetworkProtocol",
    "Name": "Manager Network Protocol",
    "Description": "Manager Network Service",
    "Status": {
        "State": "Enabled",
        "Health": "OK"
    },
    "HostName": "switch2-manage",
    "FQDN": "switch2-manage.dmtf.org",
    "HTTP": {
        "ProtocolEnabled": true,
        "Port": 80
    },
    "HTTPS": {
        "ProtocolEnabled": true,
        "Port": 443
    },
    "SSH": {
        "ProtocolEnabled": true,
        "Port": 22
    },
    "Telnet": {
        "ProtocolEnabled": false,
        "Port": 23
    },
    "Oem": {},
    "@odata.context": "/redfish/v1/$metadata#ManagerNetworkProtocol.ManagerNetworkProtocol",
    "@odata.id": "/redfish/v1/Managers/Switch2/NetworkProtocol",
    "@Redfish.Copyright": "Copyright 2014-2016 Distributed Management Task Force, Inc. (DMTF). For the full DMTF copyright policy, see http://www.dmtf.org/about/policies/copyright."
}
