{
    "@odata.type": "#Role.v1_1_0.Role",
    "Id": "ReadOnly",
    "Name": "User Role",
    "Description": "ReadOnlyUser User Role",
    "IsPredefined": true,
    "AssignedPrivileges": [
        "Login",
        "ConfigureSelf"
    ],
    "OemPrivileges": [],
    "@odata.context": "/redfish/v1/$metadata#Role.Role",
    "@odata.id": "/redfish/v1/AccountService/Roles/ReadOnlyUser",
    "@Redfish.Copyright": "Copyright 2014-2017 Distributed Management Task Force, Inc. (DMTF). For the full DMTF copyright policy, see http://www.dmtf.org/about/policies/copyright."
}
