{
    "$ref": "#/definitions/AccountService",
    "$schema": "http://redfish.dmtf.org/schemas/v1/redfish-schema-v1.json",
    "copyright": "Copyright 2014-2018 DMTF. For the full DMTF copyright policy, see http://www.dmtf.org/about/policies/copyright",
    "definitions": {
        "AccountService": {
            "additionalProperties": false,
            "description": "The AccountService schema contains properties for managing user accounts. The properties are common to all user accounts, such as password requirements, and control features such as account lockout. The schema also contains links to the collections of Manager Accounts and Roles.",
            "longDescription": "This resource shall be used to represent a management account service for a Redfish implementation.",
            "patternProperties": {
                "^([a-zA-Z_][a-zA-Z0-9_]*)?@(odata|Redfish|Message)\\.[a-zA-Z_][a-zA-Z0-9_.]+$": {
                    "description": "This property shall specify a valid odata or Redfish property.",
                    "type": [
                        "array",
                        "boolean",
                        "integer",
                        "number",
                        "null",
                        "object",
                        "string"
                    ]
                }
            },
            "properties": {
                "@odata.context": {
                    "$ref": "http://redfish.dmtf.org/schemas/v1/odata.v4_0_3.json#/definitions/context"
                },
                "@odata.etag": {
                    "$ref": "http://redfish.dmtf.org/schemas/v1/odata.v4_0_3.json#/definitions/etag"
                },
                "@odata.id": {
                    "$ref": "http://redfish.dmtf.org/schemas/v1/odata.v4_0_3.json#/definitions/id"
                },
                "@odata.type": {
                    "$ref": "http://redfish.dmtf.org/schemas/v1/odata.v4_0_3.json#/definitions/type"
                },
                "AccountLockoutCounterResetAfter": {
                    "description": "The interval of time in seconds between the last failed login attempt and reset of the lockout threshold counter. This value must be less than or equal to AccountLockoutDuration. Reset sets the counter to zero.",
                    "longDescription": "This property shall reference the threshold of time in seconds from the last failed login attempt at which point the AccountLockoutThreshold counter (that counts number of failed login attempts) is reset back to zero (at which point AccountLockoutThreshold failures would be required before the account is locked).  This value shall be less than or equal to AccountLockoutDuration. The threshold counter also resets to zero after each successful login.",
                    "minimum": 0,
                    "readonly": false,
                    "type": "integer",
                    "units": "s"
                },
                "AccountLockoutDuration": {
                    "description": "The time in seconds an account is locked out. The value must be greater than or equal to the value of the AccountLockoutCounterResetAfter property. If set to 0, no lockout occurs.",
                    "longDescription": "This property shall reference the period of time in seconds that an account is locked after the number of failed login attempts reaches the threshold referenced by AccountLockoutThreshold, within the window of time referenced by AccountLockoutCounterResetAfter.  The value shall be greater than or equal to the value of AccountLockoutResetAfter.  If set to 0, no lockout shall occur.",
                    "minimum": 0,
                    "readonly": false,
                    "type": [
                        "integer",
                        "null"
                    ],
                    "units": "s"
                },
                "AccountLockoutThreshold": {
                    "description": "The number of failed login attempts allowed before a user account is locked for a specified duration. A value of 0 means it is never locked.",
                    "longDescription": "This property shall reference the threshold of failed login attempts at which point the user's account is locked.  If set to 0, no lockout shall ever occur.",
                    "minimum": 0,
                    "readonly": false,
                    "type": [
                        "integer",
                        "null"
                    ]
                },
                "Accounts": {
                    "$ref": "http://redfish.dmtf.org/schemas/v1/ManagerAccountCollection.json#/definitions/ManagerAccountCollection",
                    "description": "A link to a collection of Manager Accounts.",
                    "longDescription": "This property shall contain the link to a collection of type ManagerAccountCollection.",
                    "readonly": true
                },
                "AuthFailureLoggingThreshold": {
                    "description": "The number of authorization failures allowed before the failure attempt is logged to the manager log.",
                    "longDescription": "This property shall reference the threshold for when an authorization failure is logged.  This represents a modulo function value, thus the failure shall be logged every nth occurrence where n represents the value of this property.",
                    "minimum": 0,
                    "readonly": false,
                    "type": "integer"
                },
                "Description": {
                    "anyOf": [
                        {
                            "$ref": "http://redfish.dmtf.org/schemas/v1/Resource.json#/definitions/Description"
                        },
                        {
                            "type": "null"
                        }
                    ],
                    "readonly": true
                },
                "Id": {
                    "$ref": "http://redfish.dmtf.org/schemas/v1/Resource.json#/definitions/Id",
                    "readonly": true
                },
                "MaxPasswordLength": {
                    "description": "The maximum password length for this service.",
                    "longDescription": "This property shall reference the maximum password length that the implementation will allow a password to be set to.",
                    "minimum": 0,
                    "readonly": true,
                    "type": "integer"
                },
                "MinPasswordLength": {
                    "description": "The minimum password length for this service.",
                    "longDescription": "This property shall reference the minimum password length that the implementation will allow a password to be set to.",
                    "minimum": 0,
                    "readonly": true,
                    "type": "integer"
                },
                "Name": {
                    "$ref": "http://redfish.dmtf.org/schemas/v1/Resource.json#/definitions/Name",
                    "readonly": true
                },
                "Oem": {
                    "$ref": "http://redfish.dmtf.org/schemas/v1/Resource.json#/definitions/Oem",
                    "description": "This is the manufacturer/provider specific extension moniker used to divide the Oem object into sections.",
                    "longDescription": "The value of this string shall be of the format for the reserved word *Oem*."
                },
                "PrivilegeMap": {
                    "$ref": "http://redfish.dmtf.org/schemas/v1/PrivilegeRegistry.json#/definitions/PrivilegeRegistry",
                    "description": "A reference to the Privilege mapping that defines the privileges needed to perform a requested operation on a URI associated with this service.",
                    "longDescription": "The value of this property shall be a link to a resource of type PrivilegeMappoing that defines the privileges a user context needs in order to perform a requested operation on a URI associated with this service.",
                    "readonly": true
                },
                "Roles": {
                    "$ref": "http://redfish.dmtf.org/schemas/v1/RoleCollection.json#/definitions/RoleCollection",
                    "description": "A link to a collection of Roles.",
                    "longDescription": "This property shall contain the link to a collection of type RoleCollection.",
                    "readonly": true
                },
                "ServiceEnabled": {
                    "description": "Indicates whether this service is enabled.  If set to false, the AccountService is disabled.  This means no users can be created, deleted or modified.  Any service attempting to access the AccountService resource (for example, the Session Service) will fail.  New sessions cannot be started when the service is disabled. However, established sessions may still continue operating. This does not affect Basic AUTH connections.",
                    "longDescription": "The value of this property shall be a boolean indicating whether this service is enabled.  If this is set to false, the AccountService is disabled.  This means no users can be created, deleted or modified.  Any service attempting to access the Account Service, like the Session Service, will fail accessing.  Thus new sessions cannot be started with the service disabled (though established sessions may still continue operating).  Note: this does not affect Basic AUTH connections.",
                    "readonly": false,
                    "type": [
                        "boolean",
                        "null"
                    ]
                },
                "Status": {
                    "$ref": "http://redfish.dmtf.org/schemas/v1/Resource.json#/definitions/Status",
                    "description": "This property describes the status and health of the resource and its children.",
                    "longDescription": "This property shall contain any status or health properties of the resource."
                }
            },
            "required": [
                "@odata.id",
                "@odata.type",
                "Id",
                "Name"
            ],
            "type": "object"
        }
    },
    "owningEntity": "DMTF",
    "title": "#AccountService.v1_1_3.AccountService"
}