{
    "$ref": "#/definitions/Assembly",
    "$schema": "http://redfish.dmtf.org/schemas/v1/redfish-schema-v1.json",
    "copyright": "Copyright 2014-2018 DMTF. For the full DMTF copyright policy, see http://www.dmtf.org/about/policies/copyright",
    "definitions": {
        "Assembly": {
            "anyOf": [
                {
                    "$ref": "http://redfish.dmtf.org/schemas/v1/odata.v4_0_3.json#/definitions/idRef"
                },
                {
                    "$ref": "http://redfish.dmtf.org/schemas/v1/Assembly.v1_0_0.json#/definitions/Assembly"
                },
                {
                    "$ref": "http://redfish.dmtf.org/schemas/v1/Assembly.v1_0_1.json#/definitions/Assembly"
                },
                {
                    "$ref": "http://redfish.dmtf.org/schemas/v1/Assembly.v1_1_0.json#/definitions/Assembly"
                },
                {
                    "$ref": "http://redfish.dmtf.org/schemas/v1/Assembly.v1_1_1.json#/definitions/Assembly"
                },
                {
                    "$ref": "http://redfish.dmtf.org/schemas/v1/Assembly.v1_2_0.json#/definitions/Assembly"
                }
            ],
            "deletable": false,
            "description": "This is the schema definition for the Assembly properties.",
            "insertable": false,
            "longDescription": "This resource shall be used to represent an assembly information resource for a Redfish implementation.",
            "updatable": true,
            "uris": [
                "/redfish/v1/Chassis/{ChassisId}/Assembly",
                "/redfish/v1/Systems/{ComputerSystemId}/Storage/{StorageId}/Drives/{DriveId}/Assembly",
                "/redfish/v1/Chassis/{ChassisId}/Drives/{DriveId}/Assembly",
                "/redfish/v1/CompositionService/ResourceBlocks/{ResourceBlockId}/Storage/{StorageId}/Drives/{DriveId}/Assembly",
                "/redfish/v1/CompositionService/ResourceBlocks/{ResourceBlockId}/Systems/{ComputerSystemId}/Storage/{StorageId}/Drives/{DriveId}/Assembly",
                "/redfish/v1/Systems/{ComputerSystemId}/Memory/{MemoryId}/Assembly",
                "/redfish/v1/CompositionService/ResourceBlocks/{ResourceBlockId}/Memory/{MemoryId}/Assembly",
                "/redfish/v1/CompositionService/ResourceBlocks/{ResourceBlockId}/Systems/{ComputerSystemId}/Memory/{MemoryId}/Assembly",
                "/redfish/v1/Chassis/{ChassisId}/NetworkAdapters/{NetworkAdapterId}/Assembly",
                "/redfish/v1/Chassis/{ChassisId}/PCIeDevices/{PCIeDeviceId}/Assembly",
                "/redfish/v1/Systems/{ComputerSystemId}/PCIeDevices/{PCIeDeviceId}/Assembly",
                "/redfish/v1/Chassis/{ChassisId}/Power/PowerSupplies/{PowerSupplyId}/Assembly",
                "/redfish/v1/Systems/{ComputerSystemId}/Processors/{ProcessorId}/Assembly",
                "/redfish/v1/Systems/{ComputerSystemId}/Processors/{ProcessorId}/SubProcessors/{ProcessorId2}/Assembly",
                "/redfish/v1/CompositionService/ResourceBlocks/{ResourceBlockId}/Processors/{ProcessorId}/Assembly",
                "/redfish/v1/CompositionService/ResourceBlocks/{ResourceBlockId}/Processors/{ProcessorId}/SubProcessors/{ProcessorId2}/Assembly",
                "/redfish/v1/CompositionService/ResourceBlocks/{ResourceBlockId}/Systems/{ComputerSystemId}/Processors/{ProcessorId}/Assembly",
                "/redfish/v1/CompositionService/ResourceBlocks/{ResourceBlockId}/Systems/{ComputerSystemId}/Processors/{ProcessorId}/SubProcessors/{ProcessorId2}/Assembly",
                "/redfish/v1/Systems/{ComputerSystemId}/Storage/{StorageId}/Assembly",
                "/redfish/v1/CompositionService/ResourceBlocks/{ResourceBlockId}/Storage/{StorageId}/Assembly",
                "/redfish/v1/CompositionService/ResourceBlocks/{ResourceBlockId}/Systems/{ComputerSystemId}/Storage/{StorageId}/Assembly",
                "/redfish/v1/Chassis/{ChassisId}/Thermal/Fans/{FanId}/Thermal"
            ]
        }
    },
    "owningEntity": "DMTF",
    "title": "#Assembly.Assembly"
}