{
    "$ref": "#/definitions/AttributeRegistry",
    "$schema": "http://redfish.dmtf.org/schemas/v1/redfish-schema-v1.json",
    "copyright": "Copyright 2014-2018 DMTF. For the full DMTF copyright policy, see http://www.dmtf.org/about/policies/copyright",
    "definitions": {
        "AttributeRegistry": {
            "anyOf": [
                {
                    "$ref": "http://redfish.dmtf.org/schemas/v1/odata.v4_0_3.json#/definitions/idRef"
                },
                {
                    "$ref": "http://redfish.dmtf.org/schemas/v1/AttributeRegistry.v1_0_0.json#/definitions/AttributeRegistry"
                },
                {
                    "$ref": "http://redfish.dmtf.org/schemas/v1/AttributeRegistry.v1_0_1.json#/definitions/AttributeRegistry"
                },
                {
                    "$ref": "http://redfish.dmtf.org/schemas/v1/AttributeRegistry.v1_0_2.json#/definitions/AttributeRegistry"
                },
                {
                    "$ref": "http://redfish.dmtf.org/schemas/v1/AttributeRegistry.v1_0_3.json#/definitions/AttributeRegistry"
                },
                {
                    "$ref": "http://redfish.dmtf.org/schemas/v1/AttributeRegistry.v1_0_4.json#/definitions/AttributeRegistry"
                },
                {
                    "$ref": "http://redfish.dmtf.org/schemas/v1/AttributeRegistry.v1_1_0.json#/definitions/AttributeRegistry"
                },
                {
                    "$ref": "http://redfish.dmtf.org/schemas/v1/AttributeRegistry.v1_1_1.json#/definitions/AttributeRegistry"
                },
                {
                    "$ref": "http://redfish.dmtf.org/schemas/v1/AttributeRegistry.v1_1_2.json#/definitions/AttributeRegistry"
                },
                {
                    "$ref": "http://redfish.dmtf.org/schemas/v1/AttributeRegistry.v1_1_3.json#/definitions/AttributeRegistry"
                },
                {
                    "$ref": "http://redfish.dmtf.org/schemas/v1/AttributeRegistry.v1_2_0.json#/definitions/AttributeRegistry"
                },
                {
                    "$ref": "http://redfish.dmtf.org/schemas/v1/AttributeRegistry.v1_2_1.json#/definitions/AttributeRegistry"
                }
            ],
            "deletable": false,
            "description": "The AttributeRegistry schema contains a set of key-value pairs that represents the structure of a Registry. It includes mechanisms for building user interfaces (menus), allowing consistent navigation of the contents. The Attribute Registry is specific to a particular implementation or product. The attributes and property names are not standardized.",
            "insertable": false,
            "longDescription": "This resource shall be used to represent an Attribute registry for a Redfish implementation.",
            "updatable": false
        }
    },
    "owningEntity": "DMTF",
    "title": "#AttributeRegistry.AttributeRegistry"
}