{
    "$ref": "#/definitions/Bios",
    "$schema": "http://redfish.dmtf.org/schemas/v1/redfish-schema-v1.json",
    "copyright": "Copyright 2014-2018 DMTF. For the full DMTF copyright policy, see http://www.dmtf.org/about/policies/copyright",
    "definitions": {
        "Bios": {
            "anyOf": [
                {
                    "$ref": "http://redfish.dmtf.org/schemas/v1/odata.v4_0_3.json#/definitions/idRef"
                },
                {
                    "$ref": "http://redfish.dmtf.org/schemas/v1/Bios.v1_0_0.json#/definitions/Bios"
                },
                {
                    "$ref": "http://redfish.dmtf.org/schemas/v1/Bios.v1_0_1.json#/definitions/Bios"
                },
                {
                    "$ref": "http://redfish.dmtf.org/schemas/v1/Bios.v1_0_2.json#/definitions/Bios"
                },
                {
                    "$ref": "http://redfish.dmtf.org/schemas/v1/Bios.v1_0_3.json#/definitions/Bios"
                },
                {
                    "$ref": "http://redfish.dmtf.org/schemas/v1/Bios.v1_0_4.json#/definitions/Bios"
                }
            ],
            "deletable": false,
            "description": "The Bios schema contains properties related to the BIOS Attribute Registry.  The Attribute Registry describes the system-specific BIOS attributes and Actions for changing to BIOS settings.  Changes to the BIOS typically require a system reset before they take effect.  It is likely that a client will find the @Redfish.Settings term in this resource, and if it is found, the client makes requests to change BIOS settings by modifying the resource identified by the @Redfish.Settings term.",
            "insertable": false,
            "longDescription": "This resource shall be used to represent BIOS attributes for a Redfish implementation.",
            "updatable": true,
            "uris": [
                "/redfish/v1/Systems/{ComputerSystemId}/Bios",
                "/redfish/v1/CompositionService/ResourceBlocks/{ResourceBlockId}/Systems/{ComputerSystemId}/Bios"
            ]
        }
    },
    "owningEntity": "DMTF",
    "title": "#Bios.Bios"
}