{
    "$ref": "#/definitions/Bios",
    "$schema": "http://redfish.dmtf.org/schemas/v1/redfish-schema-v1.json",
    "copyright": "Copyright 2014-2018 DMTF. For the full DMTF copyright policy, see http://www.dmtf.org/about/policies/copyright",
    "definitions": {
        "Actions": {
            "additionalProperties": false,
            "description": "The available actions for this resource.",
            "longDescription": "This type shall contain the available actions for this resource.",
            "patternProperties": {
                "^([a-zA-Z_][a-zA-Z0-9_]*)?@(odata|Redfish|Message)\\.[a-zA-Z_][a-zA-Z0-9_.]+$": {
                    "description": "This property shall specify a valid odata or Redfish property.",
                    "type": [
                        "array",
                        "boolean",
                        "integer",
                        "number",
                        "null",
                        "object",
                        "string"
                    ]
                }
            },
            "properties": {
                "#Bios.ChangePassword": {
                    "$ref": "#/definitions/ChangePassword"
                },
                "#Bios.ResetBios": {
                    "$ref": "#/definitions/ResetBios"
                },
                "Oem": {
                    "$ref": "#/definitions/OemActions",
                    "description": "This property contains the available OEM specific actions for this resource.",
                    "longDescription": "This property shall contain any additional OEM actions for this resource."
                }
            },
            "type": "object"
        },
        "Attributes": {
            "additionalProperties": false,
            "description": "The manufacturer/provider-specific list of BIOS attributes.",
            "longDescription": "This type shall describe BIOS Attribute settings as additional properties in this object, and can be looked up in the Attribute Registry by their AttributeName.",
            "patternProperties": {
                "^([a-zA-Z_][a-zA-Z0-9_]*)?@(odata|Redfish|Message)\\.[a-zA-Z_][a-zA-Z0-9_.]+$": {
                    "description": "This property shall specify a valid odata or Redfish property.",
                    "type": [
                        "array",
                        "boolean",
                        "integer",
                        "number",
                        "null",
                        "object",
                        "string"
                    ]
                },
                "^[A-Za-z][A-Za-z0-9_]+$": {
                    "type": [
                        "string",
                        "boolean",
                        "number",
                        "null"
                    ]
                }
            },
            "properties": {},
            "type": "object"
        },
        "Bios": {
            "additionalProperties": true,
            "description": "The Bios schema contains properties related to the BIOS Attribute Registry.  The Attribute Registry describes the system-specific BIOS attributes and Actions for changing to BIOS settings.  Changes to the BIOS typically require a system reset before they take effect.  It is likely that a client will find the @Redfish.Settings term in this resource, and if it is found, the client makes requests to change BIOS settings by modifying the resource identified by the @Redfish.Settings term.",
            "longDescription": "This resource shall be used to represent BIOS attributes for a Redfish implementation.",
            "patternProperties": {
                "^([a-zA-Z_][a-zA-Z0-9_]*)?@(odata|Redfish|Message)\\.[a-zA-Z_][a-zA-Z0-9_.]+$": {
                    "description": "This property shall specify a valid odata or Redfish property.",
                    "type": [
                        "array",
                        "boolean",
                        "integer",
                        "number",
                        "null",
                        "object",
                        "string"
                    ]
                }
            },
            "properties": {
                "@odata.context": {
                    "$ref": "http://redfish.dmtf.org/schemas/v1/odata.v4_0_3.json#/definitions/context"
                },
                "@odata.etag": {
                    "$ref": "http://redfish.dmtf.org/schemas/v1/odata.v4_0_3.json#/definitions/etag"
                },
                "@odata.id": {
                    "$ref": "http://redfish.dmtf.org/schemas/v1/odata.v4_0_3.json#/definitions/id"
                },
                "@odata.type": {
                    "$ref": "http://redfish.dmtf.org/schemas/v1/odata.v4_0_3.json#/definitions/type"
                },
                "Actions": {
                    "$ref": "#/definitions/Actions",
                    "description": "The available actions for this resource.",
                    "longDescription": "The Actions property shall contain the available actions for this resource."
                },
                "AttributeRegistry": {
                    "description": "The Resource ID of the Attribute Registry that has the system-specific information about a BIOS resource.",
                    "longDescription": "The reference to the Attribute Registry that lists the metadata describing the BIOS attribute settings in this resource.",
                    "readonly": true,
                    "type": [
                        "string",
                        "null"
                    ]
                },
                "Attributes": {
                    "$ref": "#/definitions/Attributes",
                    "description": "The list of BIOS attributes specific to the manufacturer or provider.",
                    "longDescription": "BIOS Attribute settings appear as additional properties in this object, and can be looked up in the Attribute Registry by their AttributeName."
                },
                "Description": {
                    "anyOf": [
                        {
                            "$ref": "http://redfish.dmtf.org/schemas/v1/Resource.json#/definitions/Description"
                        },
                        {
                            "type": "null"
                        }
                    ],
                    "readonly": true
                },
                "Id": {
                    "$ref": "http://redfish.dmtf.org/schemas/v1/Resource.json#/definitions/Id",
                    "readonly": true
                },
                "Name": {
                    "$ref": "http://redfish.dmtf.org/schemas/v1/Resource.json#/definitions/Name",
                    "readonly": true
                },
                "Oem": {
                    "$ref": "http://redfish.dmtf.org/schemas/v1/Resource.json#/definitions/Oem",
                    "description": "This is the manufacturer/provider specific extension moniker used to divide the Oem object into sections.",
                    "longDescription": "The value of this string shall be of the format for the reserved word *Oem*."
                }
            },
            "required": [
                "@odata.id",
                "@odata.type",
                "Id",
                "Name"
            ],
            "type": "object"
        },
        "ChangePassword": {
            "additionalProperties": false,
            "description": "This action is used to change the BIOS passwords.",
            "longDescription": "This action shall perform a change of the selected BIOS password.",
            "parameters": {
                "NewPassword": {
                    "description": "The value of the new BIOS password.",
                    "longDescription": "This parameter shall define the value of the new BIOS password.",
                    "requiredParameter": true,
                    "type": "string"
                },
                "OldPassword": {
                    "description": "The value of the existing password.",
                    "longDescription": "This parameter shall define the value of the existing BIOS password that is about to be changed.",
                    "requiredParameter": true,
                    "type": "string"
                },
                "PasswordName": {
                    "description": "The name of the BIOS password to change.",
                    "longDescription": "This parameter shall define the BIOS password name to change. For instance, this could be the AdminPassword or UserPassword.",
                    "requiredParameter": true,
                    "type": "string"
                }
            },
            "patternProperties": {
                "^([a-zA-Z_][a-zA-Z0-9_]*)?@(odata|Redfish|Message)\\.[a-zA-Z_][a-zA-Z0-9_.]+$": {
                    "description": "This property shall specify a valid odata or Redfish property.",
                    "type": [
                        "array",
                        "boolean",
                        "integer",
                        "number",
                        "null",
                        "object",
                        "string"
                    ]
                }
            },
            "properties": {
                "target": {
                    "description": "Link to invoke action",
                    "format": "uri",
                    "type": "string"
                },
                "title": {
                    "description": "Friendly action name",
                    "type": "string"
                }
            },
            "type": "object"
        },
        "OemActions": {
            "additionalProperties": true,
            "description": "The available OEM specific actions for this resource.",
            "longDescription": "This type shall contain any additional OEM actions for this resource.",
            "patternProperties": {
                "^([a-zA-Z_][a-zA-Z0-9_]*)?@(odata|Redfish|Message)\\.[a-zA-Z_][a-zA-Z0-9_.]+$": {
                    "description": "This property shall specify a valid odata or Redfish property.",
                    "type": [
                        "array",
                        "boolean",
                        "integer",
                        "number",
                        "null",
                        "object",
                        "string"
                    ]
                }
            },
            "properties": {},
            "type": "object"
        },
        "ResetBios": {
            "additionalProperties": false,
            "description": "This action is used to reset the BIOS attributes to default.",
            "longDescription": "This action shall perform a reset of the BIOS attributes to their default values.  A system reset may be required for the default values to be applied.  This action may impact other resources.",
            "parameters": {},
            "patternProperties": {
                "^([a-zA-Z_][a-zA-Z0-9_]*)?@(odata|Redfish|Message)\\.[a-zA-Z_][a-zA-Z0-9_.]+$": {
                    "description": "This property shall specify a valid odata or Redfish property.",
                    "type": [
                        "array",
                        "boolean",
                        "integer",
                        "number",
                        "null",
                        "object",
                        "string"
                    ]
                }
            },
            "properties": {
                "target": {
                    "description": "Link to invoke action",
                    "format": "uri",
                    "type": "string"
                },
                "title": {
                    "description": "Friendly action name",
                    "type": "string"
                }
            },
            "type": "object"
        }
    },
    "owningEntity": "DMTF",
    "title": "#Bios.v1_0_4.Bios"
}