{
    "$ref": "#/definitions/BootOption",
    "$schema": "http://redfish.dmtf.org/schemas/v1/redfish-schema-v1.json",
    "copyright": "Copyright 2014-2018 DMTF. For the full DMTF copyright policy, see http://www.dmtf.org/about/policies/copyright",
    "definitions": {
        "Actions": {
            "additionalProperties": false,
            "description": "The available actions for this resource.",
            "longDescription": "This type shall contain the available actions for this resource.",
            "patternProperties": {
                "^([a-zA-Z_][a-zA-Z0-9_]*)?@(odata|Redfish|Message)\\.[a-zA-Z_][a-zA-Z0-9_.]+$": {
                    "description": "This property shall specify a valid odata or Redfish property.",
                    "type": [
                        "array",
                        "boolean",
                        "integer",
                        "number",
                        "null",
                        "object",
                        "string"
                    ]
                }
            },
            "properties": {
                "Oem": {
                    "$ref": "#/definitions/OemActions",
                    "description": "This property contains the available OEM specific actions for this resource.",
                    "longDescription": "This property shall contain any additional OEM actions for this resource."
                }
            },
            "type": "object"
        },
        "BootOption": {
            "additionalProperties": false,
            "description": "This is the schema definition for the BootOption resource. It represents the properties of a bootable device available in the System.",
            "longDescription": "This resource shall be used to represent a single boot option contained within a system.",
            "patternProperties": {
                "^([a-zA-Z_][a-zA-Z0-9_]*)?@(odata|Redfish|Message)\\.[a-zA-Z_][a-zA-Z0-9_.]+$": {
                    "description": "This property shall specify a valid odata or Redfish property.",
                    "type": [
                        "array",
                        "boolean",
                        "integer",
                        "number",
                        "null",
                        "object",
                        "string"
                    ]
                }
            },
            "properties": {
                "@odata.context": {
                    "$ref": "http://redfish.dmtf.org/schemas/v1/odata.v4_0_3.json#/definitions/context"
                },
                "@odata.etag": {
                    "$ref": "http://redfish.dmtf.org/schemas/v1/odata.v4_0_3.json#/definitions/etag"
                },
                "@odata.id": {
                    "$ref": "http://redfish.dmtf.org/schemas/v1/odata.v4_0_3.json#/definitions/id"
                },
                "@odata.type": {
                    "$ref": "http://redfish.dmtf.org/schemas/v1/odata.v4_0_3.json#/definitions/type"
                },
                "Actions": {
                    "$ref": "#/definitions/Actions",
                    "description": "The available actions for this resource.",
                    "longDescription": "The Actions property shall contain the available actions for this resource."
                },
                "Alias": {
                    "anyOf": [
                        {
                            "$ref": "http://redfish.dmtf.org/schemas/v1/ComputerSystem.json#/definitions/BootSource"
                        },
                        {
                            "type": "null"
                        }
                    ],
                    "description": "The alias of this Boot Source.",
                    "longDescription": "The value of this property shall contain the string alias of this Boot Source that describes the type of boot that will be performed.",
                    "readonly": true
                },
                "BootOptionEnabled": {
                    "description": "A flag that shows if the Boot Option is enabled.",
                    "longDescription": "The value of this property shall indicate if the Boot Option is enabled.  If this property is set to false, the Boot Option referenced in the Boot Order array found on the Computer System shall be skipped. In the UEFI context, this property shall influence the Load Option Active flag for the Boot Option.",
                    "readonly": false,
                    "type": [
                        "boolean",
                        "null"
                    ]
                },
                "BootOptionReference": {
                    "description": "The unique boot option string that is referenced in the BootOrder.",
                    "longDescription": "The value of this property shall contain a string that corresponds to the bootable option or device. For UEFI systems, this string shall match the UEFI Boot Option variable name (e.g. Boot####). This value is referenced by the ComputerSystem BootOrder array.",
                    "readonly": true,
                    "type": [
                        "string",
                        "null"
                    ]
                },
                "Description": {
                    "anyOf": [
                        {
                            "$ref": "http://redfish.dmtf.org/schemas/v1/Resource.json#/definitions/Description"
                        },
                        {
                            "type": "null"
                        }
                    ],
                    "readonly": true
                },
                "DisplayName": {
                    "description": "The user-readable display string of the Boot Option.",
                    "longDescription": "The value of this property shall be a user readable string that describes this Boot Option as it should show up in the Boot Order list in user interfaces.",
                    "readonly": true,
                    "type": [
                        "string",
                        "null"
                    ]
                },
                "Id": {
                    "$ref": "http://redfish.dmtf.org/schemas/v1/Resource.json#/definitions/Id",
                    "readonly": true
                },
                "Name": {
                    "$ref": "http://redfish.dmtf.org/schemas/v1/Resource.json#/definitions/Name",
                    "readonly": true
                },
                "Oem": {
                    "$ref": "http://redfish.dmtf.org/schemas/v1/Resource.json#/definitions/Oem",
                    "description": "This is the manufacturer/provider specific extension moniker used to divide the Oem object into sections.",
                    "longDescription": "The value of this string shall be of the format for the reserved word *Oem*."
                },
                "RelatedItem": {
                    "description": "The ID(s) of the resources associated with this Boot Option.",
                    "items": {
                        "$ref": "http://redfish.dmtf.org/schemas/v1/odata.v4_0_3.json#/definitions/idRef"
                    },
                    "longDescription": "The value of this property shall be an array of IDs containing pointers consistent with JSON pointer syntax to the resource that is being used for this Boot Option.",
                    "readonly": true,
                    "type": "array"
                },
                "RelatedItem@odata.count": {
                    "$ref": "http://redfish.dmtf.org/schemas/v1/odata.v4_0_3.json#/definitions/count"
                },
                "UefiDevicePath": {
                    "description": "The UEFI device path used to access this UEFI Boot Option.",
                    "longDescription": "This property shall contain the UEFI device path used to identify and locate the specific device for this UEFI Boot Option, as defined by the UEFI Specification.",
                    "readonly": true,
                    "type": [
                        "string",
                        "null"
                    ]
                }
            },
            "required": [
                "BootOptionReference",
                "@odata.id",
                "@odata.type",
                "Id",
                "Name"
            ],
            "type": "object"
        },
        "OemActions": {
            "additionalProperties": true,
            "description": "The available OEM specific actions for this resource.",
            "longDescription": "This type shall contain any additional OEM actions for this resource.",
            "patternProperties": {
                "^([a-zA-Z_][a-zA-Z0-9_]*)?@(odata|Redfish|Message)\\.[a-zA-Z_][a-zA-Z0-9_.]+$": {
                    "description": "This property shall specify a valid odata or Redfish property.",
                    "type": [
                        "array",
                        "boolean",
                        "integer",
                        "number",
                        "null",
                        "object",
                        "string"
                    ]
                }
            },
            "properties": {},
            "type": "object"
        }
    },
    "owningEntity": "DMTF",
    "title": "#BootOption.v1_0_1.BootOption"
}