{
    "$ref": "#/definitions/Chassis",
    "$schema": "http://redfish.dmtf.org/schemas/v1/redfish-schema-v1.json",
    "copyright": "Copyright 2014-2018 DMTF. For the full DMTF copyright policy, see http://www.dmtf.org/about/policies/copyright",
    "definitions": {
        "Chassis": {
            "anyOf": [
                {
                    "$ref": "http://redfish.dmtf.org/schemas/v1/odata.v4_0_3.json#/definitions/idRef"
                },
                {
                    "$ref": "http://redfish.dmtf.org/schemas/v1/Chassis.v1_0_0.json#/definitions/Chassis"
                },
                {
                    "$ref": "http://redfish.dmtf.org/schemas/v1/Chassis.v1_0_1.json#/definitions/Chassis"
                },
                {
                    "$ref": "http://redfish.dmtf.org/schemas/v1/Chassis.v1_0_2.json#/definitions/Chassis"
                },
                {
                    "$ref": "http://redfish.dmtf.org/schemas/v1/Chassis.v1_0_3.json#/definitions/Chassis"
                },
                {
                    "$ref": "http://redfish.dmtf.org/schemas/v1/Chassis.v1_0_4.json#/definitions/Chassis"
                },
                {
                    "$ref": "http://redfish.dmtf.org/schemas/v1/Chassis.v1_0_5.json#/definitions/Chassis"
                },
                {
                    "$ref": "http://redfish.dmtf.org/schemas/v1/Chassis.v1_0_6.json#/definitions/Chassis"
                },
                {
                    "$ref": "http://redfish.dmtf.org/schemas/v1/Chassis.v1_0_7.json#/definitions/Chassis"
                },
                {
                    "$ref": "http://redfish.dmtf.org/schemas/v1/Chassis.v1_1_0.json#/definitions/Chassis"
                },
                {
                    "$ref": "http://redfish.dmtf.org/schemas/v1/Chassis.v1_1_2.json#/definitions/Chassis"
                },
                {
                    "$ref": "http://redfish.dmtf.org/schemas/v1/Chassis.v1_1_3.json#/definitions/Chassis"
                },
                {
                    "$ref": "http://redfish.dmtf.org/schemas/v1/Chassis.v1_1_4.json#/definitions/Chassis"
                },
                {
                    "$ref": "http://redfish.dmtf.org/schemas/v1/Chassis.v1_1_5.json#/definitions/Chassis"
                },
                {
                    "$ref": "http://redfish.dmtf.org/schemas/v1/Chassis.v1_1_6.json#/definitions/Chassis"
                },
                {
                    "$ref": "http://redfish.dmtf.org/schemas/v1/Chassis.v1_1_7.json#/definitions/Chassis"
                },
                {
                    "$ref": "http://redfish.dmtf.org/schemas/v1/Chassis.v1_2_0.json#/definitions/Chassis"
                },
                {
                    "$ref": "http://redfish.dmtf.org/schemas/v1/Chassis.v1_2_1.json#/definitions/Chassis"
                },
                {
                    "$ref": "http://redfish.dmtf.org/schemas/v1/Chassis.v1_2_2.json#/definitions/Chassis"
                },
                {
                    "$ref": "http://redfish.dmtf.org/schemas/v1/Chassis.v1_2_3.json#/definitions/Chassis"
                },
                {
                    "$ref": "http://redfish.dmtf.org/schemas/v1/Chassis.v1_2_4.json#/definitions/Chassis"
                },
                {
                    "$ref": "http://redfish.dmtf.org/schemas/v1/Chassis.v1_2_5.json#/definitions/Chassis"
                },
                {
                    "$ref": "http://redfish.dmtf.org/schemas/v1/Chassis.v1_3_0.json#/definitions/Chassis"
                },
                {
                    "$ref": "http://redfish.dmtf.org/schemas/v1/Chassis.v1_3_1.json#/definitions/Chassis"
                },
                {
                    "$ref": "http://redfish.dmtf.org/schemas/v1/Chassis.v1_3_2.json#/definitions/Chassis"
                },
                {
                    "$ref": "http://redfish.dmtf.org/schemas/v1/Chassis.v1_3_3.json#/definitions/Chassis"
                },
                {
                    "$ref": "http://redfish.dmtf.org/schemas/v1/Chassis.v1_3_4.json#/definitions/Chassis"
                },
                {
                    "$ref": "http://redfish.dmtf.org/schemas/v1/Chassis.v1_3_5.json#/definitions/Chassis"
                },
                {
                    "$ref": "http://redfish.dmtf.org/schemas/v1/Chassis.v1_4_0.json#/definitions/Chassis"
                },
                {
                    "$ref": "http://redfish.dmtf.org/schemas/v1/Chassis.v1_4_1.json#/definitions/Chassis"
                },
                {
                    "$ref": "http://redfish.dmtf.org/schemas/v1/Chassis.v1_4_2.json#/definitions/Chassis"
                },
                {
                    "$ref": "http://redfish.dmtf.org/schemas/v1/Chassis.v1_4_3.json#/definitions/Chassis"
                },
                {
                    "$ref": "http://redfish.dmtf.org/schemas/v1/Chassis.v1_4_4.json#/definitions/Chassis"
                },
                {
                    "$ref": "http://redfish.dmtf.org/schemas/v1/Chassis.v1_5_0.json#/definitions/Chassis"
                },
                {
                    "$ref": "http://redfish.dmtf.org/schemas/v1/Chassis.v1_5_1.json#/definitions/Chassis"
                },
                {
                    "$ref": "http://redfish.dmtf.org/schemas/v1/Chassis.v1_5_2.json#/definitions/Chassis"
                },
                {
                    "$ref": "http://redfish.dmtf.org/schemas/v1/Chassis.v1_5_3.json#/definitions/Chassis"
                },
                {
                    "$ref": "http://redfish.dmtf.org/schemas/v1/Chassis.v1_6_0.json#/definitions/Chassis"
                },
                {
                    "$ref": "http://redfish.dmtf.org/schemas/v1/Chassis.v1_6_1.json#/definitions/Chassis"
                },
                {
                    "$ref": "http://redfish.dmtf.org/schemas/v1/Chassis.v1_7_0.json#/definitions/Chassis"
                },
                {
                    "$ref": "http://redfish.dmtf.org/schemas/v1/Chassis.v1_7_1.json#/definitions/Chassis"
                },
                {
                    "$ref": "http://redfish.dmtf.org/schemas/v1/Chassis.v1_8_0.json#/definitions/Chassis"
                }
            ],
            "deletable": false,
            "description": "The Chassis schema represents the physical components of a system.  This resource represents the sheet-metal confined spaces and logical zones such as racks, enclosures, chassis and all other containers. Subsystems (like sensors) that operate outside of a system's data plane (meaning the resources are not accessible to software running on the system) are linked either directly or indirectly through this resource.",
            "insertable": false,
            "longDescription": "This resource shall be used to represent a chassis or other physical enclosure for a Redfish implementation.",
            "updatable": true,
            "uris": [
                "/redfish/v1/Chassis/{ChassisId}"
            ]
        }
    },
    "owningEntity": "DMTF",
    "title": "#Chassis.Chassis"
}