{
    "$schema": "http://redfish.dmtf.org/schemas/v1/redfish-schema.v1_2_0.json",
    "title": "#CompositionService.v1_0_0.CompositionService",
    "$ref": "#/definitions/CompositionService",
    "definitions": {
        "CompositionService": {
            "type": "object",
            "patternProperties": {
                "^([a-zA-Z_][a-zA-Z0-9_]*)?@(odata|Redfish|Message|Privileges)\\.[a-zA-Z_][a-zA-Z0-9_.]+$": {
                    "type": [
                        "array",
                        "boolean",
                        "number",
                        "null",
                        "object",
                        "string"
                    ],
                    "description": "This property shall specify a valid odata or Redfish property."
                }
            },
            "additionalProperties": false,
            "properties": {
                "@odata.context": {
                    "$ref": "http://redfish.dmtf.org/schemas/v1/odata.4.0.0.json#/definitions/context"
                },
                "@odata.id": {
                    "$ref": "http://redfish.dmtf.org/schemas/v1/odata.4.0.0.json#/definitions/id"
                },
                "@odata.type": {
                    "$ref": "http://redfish.dmtf.org/schemas/v1/odata.4.0.0.json#/definitions/type"
                },
                "Oem": {
                    "$ref": "http://redfish.dmtf.org/schemas/v1/Resource.json#/definitions/Oem",
                    "description": "This is the manufacturer/provider specific extension moniker used to divide the Oem object into sections.",
                    "longDescription": "The value of this string shall be of the format for the reserved word *Oem*."
                },
                "Id": {
                    "$ref": "http://redfish.dmtf.org/schemas/v1/Resource.json#/definitions/Id",
                    "readonly": true
                },
                "Description": {
                    "anyOf": [
                        {"$ref": "http://redfish.dmtf.org/schemas/v1/Resource.json#/definitions/Description"},
                        {"type": "null"}
                    ],
                    "readonly": true
                },
                "Name": {
                    "$ref": "http://redfish.dmtf.org/schemas/v1/Resource.json#/definitions/Name",
                    "readonly": true
                },
                "Status": {
                    "$ref": "http://redfish.dmtf.org/schemas/v1/Resource.json#/definitions/Status"
                },
                "ServiceEnabled": {
                    "type": [
                        "boolean",
                        "null"
                    ],
                    "readonly": false,
                    "description": "This indicates whether this service is enabled.",
                    "longDescription": "The value of this property shall be a boolean indicating whether this service is enabled."
                },
                "Actions": {
                    "type": "object",
                    "patternProperties": {
                        "^([a-zA-Z_][a-zA-Z0-9_]*)?@(odata|Redfish|Message|Privileges)\\.[a-zA-Z_][a-zA-Z0-9_.]+$": {
                            "type": [
                                "array",
                                "boolean",
                                "number",
                                "null",
                                "object",
                                "string"
                            ],
                            "description": "This property shall specify a valid odata or Redfish property."
                        }
                    },
                    "additionalProperties": false,
                    "properties": {
                        "Oem": {
                            "type": "object",
                            "patternProperties": {
                                "^([a-zA-Z_][a-zA-Z0-9_]*)?@(odata|Redfish|Message|Privileges)\\.[a-zA-Z_][a-zA-Z0-9_.]+$": {
                                    "type": [
                                        "array",
                                        "boolean",
                                        "number",
                                        "null",
                                        "object",
                                        "string"
                                    ],
                                    "description": "This property shall specify a valid odata or Redfish property."
                                }
                            },
                            "additionalProperties": true,
                            "properties": {},
                            "description": "The available OEM specific actions for this resource.",
                            "longDescription": "This type shall contain any additional OEM actions for this resource."
                        }
                    },
                    "description": "The available actions for this resource.",
                    "longDescription": "The Actions property shall contain the available actions for this resource."
                },
                "ResourceBlocks": {
                    "$ref": "http://redfish.dmtf.org/schemas/v1/ResourceBlockCollection.json#/definitions/ResourceBlockCollection",
                    "readonly": true,
                    "description": "The resource blocks available on the service.",
                    "longDescription": "This property shall contain the link to a collection of type ResourceBlockCollection."
                },
                "ResourceZones": {
                    "$ref": "http://redfish.dmtf.org/schemas/v1/ZoneCollection.json#/definitions/ZoneCollection",
                    "readonly": true,
                    "description": "The resource zones available on the service.",
                    "longDescription": "This property shall contain the link to a collection of type ZoneCollection."
                }
            },
            "required": [
                "Id",
                "Name"
            ],
            "description": "This is the schema definition for the Composition Service.  It represents the properties for the service itself and has links to the actual list of resources available for composition.",
            "longDescription": "This resource shall be used to represent the Composition Service Properties for a Redfish implementation."
        }
    },
    "copyright": "Copyright 2014-2017 Distributed Management Task Force, Inc. (DMTF). For the full DMTF copyright policy, see http://www.dmtf.org/about/policies/copyright"
}
