{
    "$ref": "#/definitions/Drive",
    "$schema": "http://redfish.dmtf.org/schemas/v1/redfish-schema-v1.json",
    "copyright": "Copyright 2014-2018 DMTF. For the full DMTF copyright policy, see http://www.dmtf.org/about/policies/copyright",
    "definitions": {
        "Drive": {
            "anyOf": [
                {
                    "$ref": "http://redfish.dmtf.org/schemas/v1/odata.v4_0_3.json#/definitions/idRef"
                },
                {
                    "$ref": "http://redfish.dmtf.org/schemas/v1/Drive.v1_0_0.json#/definitions/Drive"
                },
                {
                    "$ref": "http://redfish.dmtf.org/schemas/v1/Drive.v1_0_1.json#/definitions/Drive"
                },
                {
                    "$ref": "http://redfish.dmtf.org/schemas/v1/Drive.v1_0_2.json#/definitions/Drive"
                },
                {
                    "$ref": "http://redfish.dmtf.org/schemas/v1/Drive.v1_0_3.json#/definitions/Drive"
                },
                {
                    "$ref": "http://redfish.dmtf.org/schemas/v1/Drive.v1_0_4.json#/definitions/Drive"
                },
                {
                    "$ref": "http://redfish.dmtf.org/schemas/v1/Drive.v1_0_5.json#/definitions/Drive"
                },
                {
                    "$ref": "http://redfish.dmtf.org/schemas/v1/Drive.v1_1_0.json#/definitions/Drive"
                },
                {
                    "$ref": "http://redfish.dmtf.org/schemas/v1/Drive.v1_1_1.json#/definitions/Drive"
                },
                {
                    "$ref": "http://redfish.dmtf.org/schemas/v1/Drive.v1_1_2.json#/definitions/Drive"
                },
                {
                    "$ref": "http://redfish.dmtf.org/schemas/v1/Drive.v1_1_3.json#/definitions/Drive"
                },
                {
                    "$ref": "http://redfish.dmtf.org/schemas/v1/Drive.v1_1_4.json#/definitions/Drive"
                },
                {
                    "$ref": "http://redfish.dmtf.org/schemas/v1/Drive.v1_2_0.json#/definitions/Drive"
                },
                {
                    "$ref": "http://redfish.dmtf.org/schemas/v1/Drive.v1_2_1.json#/definitions/Drive"
                },
                {
                    "$ref": "http://redfish.dmtf.org/schemas/v1/Drive.v1_2_2.json#/definitions/Drive"
                },
                {
                    "$ref": "http://redfish.dmtf.org/schemas/v1/Drive.v1_3_0.json#/definitions/Drive"
                },
                {
                    "$ref": "http://redfish.dmtf.org/schemas/v1/Drive.v1_3_1.json#/definitions/Drive"
                },
                {
                    "$ref": "http://redfish.dmtf.org/schemas/v1/Drive.v1_4_0.json#/definitions/Drive"
                },
                {
                    "$ref": "http://redfish.dmtf.org/schemas/v1/Drive.v1_4_1.json#/definitions/Drive"
                },
                {
                    "$ref": "http://redfish.dmtf.org/schemas/v1/Drive.v1_5_0.json#/definitions/Drive"
                }
            ],
            "deletable": false,
            "description": "The Drive schema represents a single physical disk drive for a system, including links to associated Volumes.",
            "insertable": false,
            "longDescription": "This resource shall be used to represent a disk drive or other physical storage medium for a Redfish implementation.",
            "updatable": true,
            "uris": [
                "/redfish/v1/Systems/{ComputerSystemId}/Storage/{StorageId}/Drives/{DriveId}",
                "/redfish/v1/Chassis/{ChassisId}/Drives/{DriveId}",
                "/redfish/v1/CompositionService/ResourceBlocks/{ResourceBlockId}/Storage/{StorageId}/Drives/{DriveId}",
                "/redfish/v1/CompositionService/ResourceBlocks/{ResourceBlockId}/Systems/{ComputerSystemId}/Storage/{StorageId}/Drives/{DriveId}"
            ]
        }
    },
    "owningEntity": "DMTF",
    "title": "#Drive.Drive"
}