{
    "$ref": "#/definitions/EventService",
    "$schema": "http://redfish.dmtf.org/schemas/v1/redfish-schema-v1.json",
    "copyright": "Copyright 2014-2018 DMTF. For the full DMTF copyright policy, see http://www.dmtf.org/about/policies/copyright",
    "definitions": {
        "EventService": {
            "anyOf": [
                {
                    "$ref": "http://redfish.dmtf.org/schemas/v1/odata.v4_0_3.json#/definitions/idRef"
                },
                {
                    "$ref": "http://redfish.dmtf.org/schemas/v1/EventService.v1_0_0.json#/definitions/EventService"
                },
                {
                    "$ref": "http://redfish.dmtf.org/schemas/v1/EventService.v1_0_2.json#/definitions/EventService"
                },
                {
                    "$ref": "http://redfish.dmtf.org/schemas/v1/EventService.v1_0_3.json#/definitions/EventService"
                },
                {
                    "$ref": "http://redfish.dmtf.org/schemas/v1/EventService.v1_0_4.json#/definitions/EventService"
                },
                {
                    "$ref": "http://redfish.dmtf.org/schemas/v1/EventService.v1_0_5.json#/definitions/EventService"
                },
                {
                    "$ref": "http://redfish.dmtf.org/schemas/v1/EventService.v1_0_6.json#/definitions/EventService"
                },
                {
                    "$ref": "http://redfish.dmtf.org/schemas/v1/EventService.v1_0_7.json#/definitions/EventService"
                },
                {
                    "$ref": "http://redfish.dmtf.org/schemas/v1/EventService.v1_0_8.json#/definitions/EventService"
                },
                {
                    "$ref": "http://redfish.dmtf.org/schemas/v1/EventService.v1_1_0.json#/definitions/EventService"
                },
                {
                    "$ref": "http://redfish.dmtf.org/schemas/v1/EventService.v1_1_1.json#/definitions/EventService"
                },
                {
                    "$ref": "http://redfish.dmtf.org/schemas/v1/EventService.v1_2_0.json#/definitions/EventService"
                }
            ],
            "deletable": false,
            "description": "The Event Service resource contains properties for managing event subcriptions and generates the events sent to subscribers.  The resource has links to the actual collection of subscriptions (called Event Destinations).",
            "insertable": false,
            "longDescription": "This resource shall be used to represent an event service for a Redfish implementation.",
            "updatable": true,
            "uris": [
                "/redfish/v1/EventService"
            ]
        }
    },
    "owningEntity": "DMTF",
    "title": "#EventService.EventService"
}