{
    "$ref": "#/definitions/EventDestination",
    "$schema": "http://redfish.dmtf.org/schemas/v1/redfish-schema-v1.json",
    "copyright": "Copyright 2014-2018 DMTF. For the full DMTF copyright policy, see http://www.dmtf.org/about/policies/copyright",
    "definitions": {
        "EventDestination": {
            "additionalProperties": false,
            "description": "An Event Destination desribes the target of an event subscription, including the types of events subscribed and context to provide to the target in the Event payload.",
            "longDescription": "This resource shall be used to represent the target of an event subscription, including the types of events subscribed and context to provide to the target in the Event payload.",
            "patternProperties": {
                "^([a-zA-Z_][a-zA-Z0-9_]*)?@(odata|Redfish|Message)\\.[a-zA-Z_][a-zA-Z0-9_.]+$": {
                    "description": "This property shall specify a valid odata or Redfish property.",
                    "type": [
                        "array",
                        "boolean",
                        "integer",
                        "number",
                        "null",
                        "object",
                        "string"
                    ]
                }
            },
            "properties": {
                "@odata.context": {
                    "$ref": "http://redfish.dmtf.org/schemas/v1/odata.v4_0_3.json#/definitions/context"
                },
                "@odata.etag": {
                    "$ref": "http://redfish.dmtf.org/schemas/v1/odata.v4_0_3.json#/definitions/etag"
                },
                "@odata.id": {
                    "$ref": "http://redfish.dmtf.org/schemas/v1/odata.v4_0_3.json#/definitions/id"
                },
                "@odata.type": {
                    "$ref": "http://redfish.dmtf.org/schemas/v1/odata.v4_0_3.json#/definitions/type"
                },
                "Context": {
                    "description": "A client-supplied string that is stored with the event destination subscription.",
                    "longDescription": "This property shall contain a client supplied context that will remain with the connection through the connections lifetime.",
                    "readonly": false,
                    "type": [
                        "string",
                        "null"
                    ]
                },
                "Description": {
                    "anyOf": [
                        {
                            "$ref": "http://redfish.dmtf.org/schemas/v1/Resource.json#/definitions/Description"
                        },
                        {
                            "type": "null"
                        }
                    ],
                    "readonly": true
                },
                "Destination": {
                    "description": "The URI of the destination Event Service.",
                    "format": "uri",
                    "longDescription": "This property shall contain a URI to the destination where the events will be sent.",
                    "readonly": true,
                    "type": "string"
                },
                "EventTypes": {
                    "description": "This property contains the types of events that will be sent to the desination.",
                    "items": {
                        "$ref": "http://redfish.dmtf.org/schemas/v1/Event.json#/definitions/EventType"
                    },
                    "longDescription": "This property shall be an array that contains the types of events that shall be sent to the destination.",
                    "readonly": true,
                    "type": "array"
                },
                "HttpHeaders": {
                    "description": "This is for setting HTTP headers, such as authorization information.  This object will be null on a GET.",
                    "items": {
                        "$ref": "#/definitions/HttpHeaderProperty"
                    },
                    "longDescription": "This property shall contain an object consisting of the names and values of of HTTP header to be included with every event POST to the Event Destination.  This property shall be null on a GET.",
                    "type": "array"
                },
                "Id": {
                    "$ref": "http://redfish.dmtf.org/schemas/v1/Resource.json#/definitions/Id",
                    "readonly": true
                },
                "MessageIds": {
                    "description": "A list of MessageIds that the service will only send.  If this property is absent or the array is empty, then Events with any MessageId will be sent to the subscriber.",
                    "items": {
                        "type": [
                            "string",
                            "null"
                        ]
                    },
                    "longDescription": "The value of this property shall specify an array of MessageIds that are the only allowable values for the MessageId property within an EventRecord sent to the subscriber.  Events with MessageIds not contained in this array shall not be sent to the subscriber.  If this property is absent or the array is empty, the service shall send Events with any MessageId to the subscriber.",
                    "readonly": true,
                    "type": "array"
                },
                "Name": {
                    "$ref": "http://redfish.dmtf.org/schemas/v1/Resource.json#/definitions/Name",
                    "readonly": true
                },
                "Oem": {
                    "$ref": "http://redfish.dmtf.org/schemas/v1/Resource.json#/definitions/Oem",
                    "description": "This is the manufacturer/provider specific extension moniker used to divide the Oem object into sections.",
                    "longDescription": "The value of this string shall be of the format for the reserved word *Oem*."
                },
                "OriginResources": {
                    "description": "A list of resources for which the service will only send related events.  If this property is absent or the array is empty, then Events originating from any resource will be sent to the subscriber.",
                    "items": {
                        "$ref": "http://redfish.dmtf.org/schemas/v1/odata.v4_0_3.json#/definitions/idRef"
                    },
                    "longDescription": "The value of this property shall specify an array of Resources, Resource Collections, or Referenceable Members that are the only allowable values for the OriginOfCondition property within an EventRecord sent to the subscriber.  Events originating from Resources, Resource Collections, or Referenceable Members not contained in this array shall not be sent to the subscriber.  If this property is absent or the array is empty, the service shall send Events originating from any Resource, Resource Collection, or Referenceable Member to the subscriber.",
                    "readonly": true,
                    "type": "array"
                },
                "OriginResources@odata.count": {
                    "$ref": "http://redfish.dmtf.org/schemas/v1/odata.v4_0_3.json#/definitions/count"
                },
                "Protocol": {
                    "$ref": "#/definitions/EventDestinationProtocol",
                    "description": "The protocol type of the event connection.",
                    "longDescription": "This property shall contain the protocol type that the event will use for sending the event to the destination.  A value of Redfish shall be used to indicate that the event type shall adhere to that defined in the Redfish specification.",
                    "readonly": true
                }
            },
            "required": [
                "Context",
                "@odata.id",
                "@odata.type",
                "Id",
                "Name"
            ],
            "requiredOnCreate": [
                "Destination",
                "EventTypes",
                "Protocol"
            ],
            "type": "object"
        },
        "EventDestinationProtocol": {
            "enum": [
                "Redfish"
            ],
            "enumDescriptions": {
                "Redfish": "The destination follows the Redfish specification for event notifications."
            },
            "type": "string"
        },
        "EventFormatType": {
            "enum": [
                "Event",
                "MetricReport"
            ],
            "enumDescriptions": {
                "Event": "The subscription destination will receive JSON Bodies of the Resource Type Event.",
                "MetricReport": "The subscription destination will receive JSON Bodies of the Resource Type MetricReport."
            },
            "type": "string"
        },
        "HttpHeaderProperty": {
            "additionalProperties": false,
            "description": "The value of the HTTP header is the property value.  The header name is the property name.",
            "longDescription": "This type shall a names and value of an HTTP header to be included with every event POST to the Event Destination.",
            "patternProperties": {
                "^([a-zA-Z_][a-zA-Z0-9_]*)?@(odata|Redfish|Message)\\.[a-zA-Z_][a-zA-Z0-9_.]+$": {
                    "description": "This property shall specify a valid odata or Redfish property.",
                    "type": [
                        "array",
                        "boolean",
                        "integer",
                        "number",
                        "null",
                        "object",
                        "string"
                    ]
                },
                "^[^:\\\\s]+$": {
                    "type": "string"
                }
            },
            "properties": {},
            "type": "object"
        }
    },
    "owningEntity": "DMTF",
    "title": "#EventDestination.v1_1_5.EventDestination"
}