{
    "$ref": "#/definitions/ExternalAccountProvider",
    "$schema": "http://redfish.dmtf.org/schemas/v1/redfish-schema-v1.json",
    "copyright": "Copyright 2014-2018 DMTF. For the full DMTF copyright policy, see http://www.dmtf.org/about/policies/copyright",
    "definitions": {
        "ExternalAccountProvider": {
            "anyOf": [
                {
                    "$ref": "http://redfish.dmtf.org/schemas/v1/odata.v4_0_3.json#/definitions/idRef"
                },
                {
                    "$ref": "http://redfish.dmtf.org/schemas/v1/ExternalAccountProvider.v1_0_0.json#/definitions/ExternalAccountProvider"
                },
                {
                    "$ref": "http://redfish.dmtf.org/schemas/v1/ExternalAccountProvider.v1_0_1.json#/definitions/ExternalAccountProvider"
                }
            ],
            "deletable": true,
            "description": "A remote service that can provide accounts for this manager to utilize for authentication.",
            "insertable": false,
            "longDescription": "This resource shall be used to represent resources that represent external user account services for this manager.",
            "updatable": true,
            "uris": [
                "/redfish/v1/AccountService/ExternalAccountProviders/{ExternalAccountProviderId}",
                "/redfish/v1/Managers/{ManagerId}/RemoteAccountService/ExternalAccountProviders/{ExternalAccountProviderId}"
            ]
        }
    },
    "owningEntity": "DMTF",
    "title": "#ExternalAccountProvider.ExternalAccountProvider"
}