{
    "$ref": "#/definitions/Fabric",
    "$schema": "http://redfish.dmtf.org/schemas/v1/redfish-schema-v1.json",
    "copyright": "Copyright 2014-2018 DMTF. For the full DMTF copyright policy, see http://www.dmtf.org/about/policies/copyright",
    "definitions": {
        "Fabric": {
            "anyOf": [
                {
                    "$ref": "http://redfish.dmtf.org/schemas/v1/odata.v4_0_3.json#/definitions/idRef"
                },
                {
                    "$ref": "http://redfish.dmtf.org/schemas/v1/Fabric.v1_0_0.json#/definitions/Fabric"
                },
                {
                    "$ref": "http://redfish.dmtf.org/schemas/v1/Fabric.v1_0_1.json#/definitions/Fabric"
                },
                {
                    "$ref": "http://redfish.dmtf.org/schemas/v1/Fabric.v1_0_2.json#/definitions/Fabric"
                },
                {
                    "$ref": "http://redfish.dmtf.org/schemas/v1/Fabric.v1_0_3.json#/definitions/Fabric"
                },
                {
                    "$ref": "http://redfish.dmtf.org/schemas/v1/Fabric.v1_0_4.json#/definitions/Fabric"
                }
            ],
            "deletable": false,
            "description": "The Fabric schema represents a simple fabric consisting of one or more switches, zero or more endpoints, and zero or more zones.",
            "insertable": false,
            "longDescription": "This resource shall be used to represent a simple switchable fabric for a Redfish implementation.",
            "updatable": false,
            "uris": [
                "/redfish/v1/Fabrics/{FabricId}"
            ]
        }
    },
    "owningEntity": "DMTF",
    "title": "#Fabric.Fabric"
}