{
    "$ref": "#/definitions/HostInterface",
    "$schema": "http://redfish.dmtf.org/schemas/v1/redfish-schema-v1.json",
    "copyright": "Copyright 2014-2018 DMTF. For the full DMTF copyright policy, see http://www.dmtf.org/about/policies/copyright",
    "definitions": {
        "HostInterface": {
            "anyOf": [
                {
                    "$ref": "http://redfish.dmtf.org/schemas/v1/odata.v4_0_3.json#/definitions/idRef"
                },
                {
                    "$ref": "http://redfish.dmtf.org/schemas/v1/HostInterface.v1_0_0.json#/definitions/HostInterface"
                },
                {
                    "$ref": "http://redfish.dmtf.org/schemas/v1/HostInterface.v1_0_1.json#/definitions/HostInterface"
                },
                {
                    "$ref": "http://redfish.dmtf.org/schemas/v1/HostInterface.v1_0_2.json#/definitions/HostInterface"
                },
                {
                    "$ref": "http://redfish.dmtf.org/schemas/v1/HostInterface.v1_0_3.json#/definitions/HostInterface"
                },
                {
                    "$ref": "http://redfish.dmtf.org/schemas/v1/HostInterface.v1_1_0.json#/definitions/HostInterface"
                },
                {
                    "$ref": "http://redfish.dmtf.org/schemas/v1/HostInterface.v1_1_1.json#/definitions/HostInterface"
                },
                {
                    "$ref": "http://redfish.dmtf.org/schemas/v1/HostInterface.v1_1_2.json#/definitions/HostInterface"
                },
                {
                    "$ref": "http://redfish.dmtf.org/schemas/v1/HostInterface.v1_1_3.json#/definitions/HostInterface"
                },
                {
                    "$ref": "http://redfish.dmtf.org/schemas/v1/HostInterface.v1_2_0.json#/definitions/HostInterface"
                }
            ],
            "deletable": false,
            "description": "The properties associated with a single, Host Interface.",
            "insertable": false,
            "longDescription": "This resource shall be used to represent Host Interface resources as part of the Redfish specification.",
            "updatable": true,
            "uris": [
                "/redfish/v1/Managers/{ManagerId}/HostInterfaces/{HostInterfaceId}"
            ]
        }
    },
    "owningEntity": "DMTF",
    "title": "#HostInterface.HostInterface"
}