{
    "$ref": "#/definitions/Job",
    "$schema": "http://redfish.dmtf.org/schemas/v1/redfish-schema-v1.json",
    "copyright": "Copyright 2014-2018 DMTF. For the full DMTF copyright policy, see http://www.dmtf.org/about/policies/copyright",
    "definitions": {
        "Job": {
            "anyOf": [
                {
                    "$ref": "http://redfish.dmtf.org/schemas/v1/odata.v4_0_3.json#/definitions/idRef"
                },
                {
                    "$ref": "http://redfish.dmtf.org/schemas/v1/Job.v1_0_0.json#/definitions/Job"
                }
            ],
            "deletable": true,
            "description": "This resource contains information about a specific Job scheduled  or being executed by a Redfish service's Job Service.",
            "insertable": false,
            "longDescription": "This resource shall be used to represent a job in a Redfish implementation.",
            "updatable": true,
            "uris": [
                "/redfish/v1/JobService/Jobs/{JobId}",
                "/redfish/v1/JobService/Jobs/{JobId}/Steps/{JobId2}"
            ]
        }
    },
    "owningEntity": "DMTF",
    "title": "#Job.Job"
}