{
    "$ref": "#/definitions/JobService",
    "$schema": "http://redfish.dmtf.org/schemas/v1/redfish-schema-v1.json",
    "copyright": "Copyright 2014-2018 DMTF. For the full DMTF copyright policy, see http://www.dmtf.org/about/policies/copyright",
    "definitions": {
        "JobService": {
            "anyOf": [
                {
                    "$ref": "http://redfish.dmtf.org/schemas/v1/odata.v4_0_3.json#/definitions/idRef"
                },
                {
                    "$ref": "http://redfish.dmtf.org/schemas/v1/JobService.v1_0_0.json#/definitions/JobService"
                }
            ],
            "deletable": false,
            "description": "The Job Service of a Redfish service allows scheduling and execution of long-duration processes.  It represents the properties for the Job Service itself and has links to the actual collection of Job resources.",
            "insertable": false,
            "longDescription": "This resource shall be used to represent a job service for a Redfish implementation.",
            "updatable": true,
            "uris": [
                "/redfish/v1/JobService"
            ]
        }
    },
    "owningEntity": "DMTF",
    "title": "#JobService.JobService"
}