{
    "$ref": "#/definitions/JsonSchemaFile",
    "$schema": "http://redfish.dmtf.org/schemas/v1/redfish-schema-v1.json",
    "copyright": "Copyright 2014-2018 DMTF. For the full DMTF copyright policy, see http://www.dmtf.org/about/policies/copyright",
    "definitions": {
        "JsonSchemaFile": {
            "anyOf": [
                {
                    "$ref": "http://redfish.dmtf.org/schemas/v1/odata.v4_0_3.json#/definitions/idRef"
                },
                {
                    "$ref": "http://redfish.dmtf.org/schemas/v1/JsonSchemaFile.v1_0_0.json#/definitions/JsonSchemaFile"
                },
                {
                    "$ref": "http://redfish.dmtf.org/schemas/v1/JsonSchemaFile.v1_0_2.json#/definitions/JsonSchemaFile"
                },
                {
                    "$ref": "http://redfish.dmtf.org/schemas/v1/JsonSchemaFile.v1_0_3.json#/definitions/JsonSchemaFile"
                },
                {
                    "$ref": "http://redfish.dmtf.org/schemas/v1/JsonSchemaFile.v1_0_4.json#/definitions/JsonSchemaFile"
                },
                {
                    "$ref": "http://redfish.dmtf.org/schemas/v1/JsonSchemaFile.v1_0_5.json#/definitions/JsonSchemaFile"
                },
                {
                    "$ref": "http://redfish.dmtf.org/schemas/v1/JsonSchemaFile.v1_1_0.json#/definitions/JsonSchemaFile"
                },
                {
                    "$ref": "http://redfish.dmtf.org/schemas/v1/JsonSchemaFile.v1_1_1.json#/definitions/JsonSchemaFile"
                }
            ],
            "deletable": false,
            "description": "The JSON Schema File resource describes the location (URI) of a particular Redfish schema definition being implemented or referenced by a Redfish service.",
            "insertable": false,
            "longDescription": "This resource shall be used to represent the Schema File locator resource for a Redfish implementation.",
            "updatable": false,
            "uris": [
                "/redfish/v1/JsonSchemas/{JsonSchemaFileId}"
            ]
        }
    },
    "owningEntity": "DMTF",
    "title": "#JsonSchemaFile.JsonSchemaFile"
}