{
    "$ref": "#/definitions/ManagerNetworkProtocol",
    "$schema": "http://redfish.dmtf.org/schemas/v1/redfish-schema-v1.json",
    "copyright": "Copyright 2014-2018 DMTF. For the full DMTF copyright policy, see http://www.dmtf.org/about/policies/copyright",
    "definitions": {
        "Actions": {
            "additionalProperties": false,
            "description": "The available actions for this resource.",
            "longDescription": "This type shall contain the available actions for this resource.",
            "patternProperties": {
                "^([a-zA-Z_][a-zA-Z0-9_]*)?@(odata|Redfish|Message)\\.[a-zA-Z_][a-zA-Z0-9_.]+$": {
                    "description": "This property shall specify a valid odata or Redfish property.",
                    "type": [
                        "array",
                        "boolean",
                        "integer",
                        "number",
                        "null",
                        "object",
                        "string"
                    ]
                }
            },
            "properties": {
                "Oem": {
                    "$ref": "#/definitions/OemActions",
                    "description": "This property contains the available OEM specific actions for this resource.",
                    "longDescription": "This property shall contain any additional OEM actions for this resource."
                }
            },
            "type": "object"
        },
        "ManagerNetworkProtocol": {
            "additionalProperties": false,
            "description": "This resource is used to obtain or modify the network services managed by a given manager.",
            "longDescription": "This object shall be used to represent the network service settings for the manager.",
            "patternProperties": {
                "^([a-zA-Z_][a-zA-Z0-9_]*)?@(odata|Redfish|Message)\\.[a-zA-Z_][a-zA-Z0-9_.]+$": {
                    "description": "This property shall specify a valid odata or Redfish property.",
                    "type": [
                        "array",
                        "boolean",
                        "integer",
                        "number",
                        "null",
                        "object",
                        "string"
                    ]
                }
            },
            "properties": {
                "@odata.context": {
                    "$ref": "http://redfish.dmtf.org/schemas/v1/odata.v4_0_3.json#/definitions/context"
                },
                "@odata.etag": {
                    "$ref": "http://redfish.dmtf.org/schemas/v1/odata.v4_0_3.json#/definitions/etag"
                },
                "@odata.id": {
                    "$ref": "http://redfish.dmtf.org/schemas/v1/odata.v4_0_3.json#/definitions/id"
                },
                "@odata.type": {
                    "$ref": "http://redfish.dmtf.org/schemas/v1/odata.v4_0_3.json#/definitions/type"
                },
                "Actions": {
                    "$ref": "#/definitions/Actions",
                    "description": "The available actions for this resource.",
                    "longDescription": "The Actions property shall contain the available actions for this resource."
                },
                "DHCP": {
                    "$ref": "#/definitions/Protocol",
                    "description": "Settings for this Manager's DHCPv4 protocol support.",
                    "longDescription": "This object shall contain information for the DHCPv4 protocol settings for the manager."
                },
                "DHCPv6": {
                    "$ref": "#/definitions/Protocol",
                    "description": "Settings for this Manager's DHCPv6 protocol support.",
                    "longDescription": "This object shall contain information for the DHCPv6 protocol settings for the manager."
                },
                "Description": {
                    "anyOf": [
                        {
                            "$ref": "http://redfish.dmtf.org/schemas/v1/Resource.json#/definitions/Description"
                        },
                        {
                            "type": "null"
                        }
                    ],
                    "readonly": true
                },
                "FQDN": {
                    "description": "This is the fully qualified domain name for the manager obtained by DNS including the host name and top-level domain name.",
                    "longDescription": "The value of this property shall contain the fully qualified domain name for the manager.",
                    "readonly": true,
                    "type": [
                        "string",
                        "null"
                    ]
                },
                "HTTP": {
                    "$ref": "#/definitions/Protocol",
                    "description": "Settings for this Manager's HTTP protocol support.",
                    "longDescription": "This object shall contain information for the HTTP protocol settings for the manager. The default value of the Port property should be 80 for compatibility with established client implementations."
                },
                "HTTPS": {
                    "$ref": "#/definitions/Protocol",
                    "description": "Settings for this Manager's HTTPS protocol support.",
                    "longDescription": "This object shall contain information for the HTTPS/SSL protocol settings for this manager. The default value of the Port property should be 443 for compatibility with established client implementations."
                },
                "HostName": {
                    "description": "The DNS Host Name of this manager, without any domain information.",
                    "longDescription": "The value of this property shall contain the host name without any domain information.",
                    "readonly": true,
                    "type": [
                        "string",
                        "null"
                    ]
                },
                "IPMI": {
                    "$ref": "#/definitions/Protocol",
                    "description": "Settings for this Manager's IPMI-over-LAN protocol support.",
                    "longDescription": "This object shall contain information for the IPMI over LAN protocol settings for the manager. The default value of the Port property should be 623 for compatibility with established client implementations."
                },
                "Id": {
                    "$ref": "http://redfish.dmtf.org/schemas/v1/Resource.json#/definitions/Id",
                    "readonly": true
                },
                "KVMIP": {
                    "$ref": "#/definitions/Protocol",
                    "description": "Settings for this Manager's KVM-IP protocol support.",
                    "longDescription": "This object shall contain information for the KVM-IP (Keyboard, Video, Mouse) protocol settings for the manager."
                },
                "NTP": {
                    "$ref": "#/definitions/NTPProtocol",
                    "description": "Settings for this Manager's NTP protocol support.",
                    "longDescription": "This object shall contain information for the NTP protocol settings for the manager."
                },
                "Name": {
                    "$ref": "http://redfish.dmtf.org/schemas/v1/Resource.json#/definitions/Name",
                    "readonly": true
                },
                "Oem": {
                    "$ref": "http://redfish.dmtf.org/schemas/v1/Resource.json#/definitions/Oem",
                    "description": "This is the manufacturer/provider specific extension moniker used to divide the Oem object into sections.",
                    "longDescription": "The value of this string shall be of the format for the reserved word *Oem*."
                },
                "RDP": {
                    "$ref": "#/definitions/Protocol",
                    "description": "Settings for this Manager's Remote Desktop Protocol support.",
                    "longDescription": "This object shall contain information for the Remote Desktop Protocol settings for the manager."
                },
                "RFB": {
                    "$ref": "#/definitions/Protocol",
                    "description": "Settings for this Manager's Remote Frame Buffer protocol support, which can be used to support VNC.",
                    "longDescription": "This object shall contain information for the Remote Frame Buffer protocol settings for the manager."
                },
                "SNMP": {
                    "$ref": "#/definitions/Protocol",
                    "description": "Settings for this Manager's SNMP support.",
                    "longDescription": "This object shall contain information for the SNMP protocol settings for this manager. The default value of the Port property should be 161 for compatibility with established client implementations."
                },
                "SSDP": {
                    "$ref": "#/definitions/SSDProtocol",
                    "description": "Settings for this Manager's SSDP support.",
                    "longDescription": "This object shall contain information for the SSDP protocol settings for this manager.  Simple Service Discovery Protocol (SSDP) is for network discovery of devices supporting the Redfish service. The default value of the Port property should be 1900 for compatibility with established client implementations."
                },
                "SSH": {
                    "$ref": "#/definitions/Protocol",
                    "description": "Settings for this Manager's SSH (Secure Shell) protocol support.",
                    "longDescription": "This object shall contain information for the SSH protocol settings for the manager. The default value of the Port property should be 22 for compatibility with established client implementations."
                },
                "Status": {
                    "$ref": "http://redfish.dmtf.org/schemas/v1/Resource.json#/definitions/Status",
                    "description": "This property describes the status and health of the resource and its children.",
                    "longDescription": "This property shall contain any status or health properties of the resource."
                },
                "Telnet": {
                    "$ref": "#/definitions/Protocol",
                    "description": "Settings for this Manager's Telnet protocol support.",
                    "longDescription": "This object shall contain information for the Telnet protocol settings for this manager. The default value of the Port property should be 23 for compatibility with established client implementations."
                },
                "VirtualMedia": {
                    "$ref": "#/definitions/Protocol",
                    "description": "Settings for this Manager's Virtual Media support.",
                    "longDescription": "This object shall contain information for the Virtual Media protocol settings for this manager. The value of the Port property shall contain the TCP port assigned for Virtual Media usage."
                }
            },
            "required": [
                "@odata.id",
                "@odata.type",
                "Id",
                "Name"
            ],
            "type": "object"
        },
        "NTPProtocol": {
            "additionalProperties": false,
            "description": "Settings for a network protocol associated with a manager.",
            "longDescription": "This type shall describe information about a protocol setting for a manager.",
            "patternProperties": {
                "^([a-zA-Z_][a-zA-Z0-9_]*)?@(odata|Redfish|Message)\\.[a-zA-Z_][a-zA-Z0-9_.]+$": {
                    "description": "This property shall specify a valid odata or Redfish property.",
                    "type": [
                        "array",
                        "boolean",
                        "integer",
                        "number",
                        "null",
                        "object",
                        "string"
                    ]
                }
            },
            "properties": {
                "NTPServers": {
                    "description": "Indicates to which NTP servers this manager is subscribed.",
                    "items": {
                        "type": [
                            "string",
                            "null"
                        ]
                    },
                    "longDescription": "The value of this property shall contain all the NTP servers for which this manager is using to obtain time.",
                    "readonly": false,
                    "type": "array"
                },
                "Port": {
                    "description": "Indicates the protocol port.",
                    "longDescription": "The value of this property shall contain the port assigned for the protocol.",
                    "minimum": 0,
                    "readonly": false,
                    "type": [
                        "integer",
                        "null"
                    ]
                },
                "ProtocolEnabled": {
                    "description": "Indicates if the protocol is enabled or disabled.",
                    "longDescription": "The value of this property shall contain the enabled status of the protocol.  The value shall be true if enabled and false if disabled.",
                    "readonly": false,
                    "type": [
                        "boolean",
                        "null"
                    ]
                }
            },
            "type": "object"
        },
        "NotifyIPv6Scope": {
            "enum": [
                "Link",
                "Site",
                "Organization"
            ],
            "enumDescriptions": {
                "Link": "SSDP Notify messages are sent to addresses in the IPv6 Local Link scope.",
                "Organization": "SSDP Notify messages are sent to addresses in the IPv6 Local Organization scope.",
                "Site": "SSDP Notify messages are sent to addresses in the IPv6 Local Site scope."
            },
            "type": "string"
        },
        "OemActions": {
            "additionalProperties": true,
            "description": "The available OEM specific actions for this resource.",
            "longDescription": "This type shall contain any additional OEM actions for this resource.",
            "patternProperties": {
                "^([a-zA-Z_][a-zA-Z0-9_]*)?@(odata|Redfish|Message)\\.[a-zA-Z_][a-zA-Z0-9_.]+$": {
                    "description": "This property shall specify a valid odata or Redfish property.",
                    "type": [
                        "array",
                        "boolean",
                        "integer",
                        "number",
                        "null",
                        "object",
                        "string"
                    ]
                }
            },
            "properties": {},
            "type": "object"
        },
        "Protocol": {
            "additionalProperties": false,
            "description": "Settings for a network protocol associated with a manager.",
            "longDescription": "This type shall describe information about a protocol setting for a manager.",
            "patternProperties": {
                "^([a-zA-Z_][a-zA-Z0-9_]*)?@(odata|Redfish|Message)\\.[a-zA-Z_][a-zA-Z0-9_.]+$": {
                    "description": "This property shall specify a valid odata or Redfish property.",
                    "type": [
                        "array",
                        "boolean",
                        "integer",
                        "number",
                        "null",
                        "object",
                        "string"
                    ]
                }
            },
            "properties": {
                "Port": {
                    "description": "Indicates the protocol port.",
                    "longDescription": "The value of this property shall contain the port assigned for the protocol.",
                    "minimum": 0,
                    "readonly": false,
                    "type": [
                        "integer",
                        "null"
                    ]
                },
                "ProtocolEnabled": {
                    "description": "Indicates if the protocol is enabled or disabled.",
                    "longDescription": "The value of this property shall contain the enabled status of the protocol.  The value shall be true if enabled and false if disabled.",
                    "readonly": false,
                    "type": [
                        "boolean",
                        "null"
                    ]
                }
            },
            "type": "object"
        },
        "SSDProtocol": {
            "additionalProperties": false,
            "description": "Settings for a network protocol associated with a manager.",
            "longDescription": "This type shall describe information about a protocol setting for a manager.",
            "patternProperties": {
                "^([a-zA-Z_][a-zA-Z0-9_]*)?@(odata|Redfish|Message)\\.[a-zA-Z_][a-zA-Z0-9_.]+$": {
                    "description": "This property shall specify a valid odata or Redfish property.",
                    "type": [
                        "array",
                        "boolean",
                        "integer",
                        "number",
                        "null",
                        "object",
                        "string"
                    ]
                }
            },
            "properties": {
                "NotifyIPv6Scope": {
                    "anyOf": [
                        {
                            "$ref": "#/definitions/NotifyIPv6Scope"
                        },
                        {
                            "type": "null"
                        }
                    ],
                    "description": "Indicates the scope for the IPv6 Notify messages for SSDP.",
                    "longDescription": "The value of this property shall contain the IPv6 scope used for multicast NOTIFY messages.  The valid enumerations are a subset of the available IPv6 Scope types.",
                    "readonly": false
                },
                "NotifyMulticastIntervalSeconds": {
                    "description": "Indicates how often the Multicast is done from this service for SSDP.",
                    "longDescription": "The value of this property shall contain the time interval, in seconds, between transmissions of the multicast NOTIFY ALIVE message.  A setting of 0 seconds shall disable this functionality.  The recommended value is 600 seconds.",
                    "minimum": 0,
                    "readonly": false,
                    "type": [
                        "integer",
                        "null"
                    ],
                    "units": "s"
                },
                "NotifyTTL": {
                    "description": "Indicates the time to live hop count for SSDPs Notify messages.",
                    "longDescription": "The value of this property shall contain the Time-To-Live hop count used for multicast NOTIFY messages.  The recommended value is 2.",
                    "minimum": 1,
                    "readonly": false,
                    "type": [
                        "integer",
                        "null"
                    ]
                },
                "Port": {
                    "description": "Indicates the protocol port.",
                    "longDescription": "The value of this property shall contain the port assigned for the protocol.",
                    "minimum": 0,
                    "readonly": false,
                    "type": [
                        "integer",
                        "null"
                    ]
                },
                "ProtocolEnabled": {
                    "description": "Indicates if the protocol is enabled or disabled.",
                    "longDescription": "The value of this property shall contain the enabled status of the protocol.  The value shall be true if enabled and false if disabled.",
                    "readonly": false,
                    "type": [
                        "boolean",
                        "null"
                    ]
                }
            },
            "type": "object"
        }
    },
    "owningEntity": "DMTF",
    "title": "#ManagerNetworkProtocol.v1_3_0.ManagerNetworkProtocol"
}