{
    "$ref": "#/definitions/ManagerAccountCollection",
    "$schema": "http://redfish.dmtf.org/schemas/v1/redfish-schema-v1.json",
    "copyright": "Copyright 2014-2018 DMTF. For the full DMTF copyright policy, see http://www.dmtf.org/about/policies/copyright",
    "definitions": {
        "ManagerAccountCollection": {
            "anyOf": [
                {
                    "$ref": "http://redfish.dmtf.org/schemas/v1/odata.v4_0_3.json#/definitions/idRef"
                },
                {
                    "additionalProperties": false,
                    "description": "A Collection of ManagerAccount resource instances.",
                    "longDescription": "This resource shall be used to represent a Resource Collection of ManagerAccount instances for a Redfish implementation.",
                    "patternProperties": {
                        "^([a-zA-Z_][a-zA-Z0-9_]*)?@(odata|Redfish|Message)\\.[a-zA-Z_][a-zA-Z0-9_.]+$": {
                            "description": "This property shall specify a valid odata or Redfish property.",
                            "type": [
                                "array",
                                "boolean",
                                "integer",
                                "number",
                                "null",
                                "object",
                                "string"
                            ]
                        }
                    },
                    "properties": {
                        "@odata.context": {
                            "$ref": "http://redfish.dmtf.org/schemas/v1/odata.v4_0_3.json#/definitions/context"
                        },
                        "@odata.etag": {
                            "$ref": "http://redfish.dmtf.org/schemas/v1/odata.v4_0_3.json#/definitions/etag"
                        },
                        "@odata.id": {
                            "$ref": "http://redfish.dmtf.org/schemas/v1/odata.v4_0_3.json#/definitions/id"
                        },
                        "@odata.type": {
                            "$ref": "http://redfish.dmtf.org/schemas/v1/odata.v4_0_3.json#/definitions/type"
                        },
                        "Description": {
                            "anyOf": [
                                {
                                    "$ref": "http://redfish.dmtf.org/schemas/v1/Resource.json#/definitions/Description"
                                },
                                {
                                    "type": "null"
                                }
                            ],
                            "readonly": true
                        },
                        "Members": {
                            "description": "Contains the members of this collection.",
                            "items": {
                                "$ref": "http://redfish.dmtf.org/schemas/v1/ManagerAccount.json#/definitions/ManagerAccount"
                            },
                            "longDescription": "This property shall contain an array of references to the members of this collection.",
                            "readonly": true,
                            "type": "array"
                        },
                        "Members@odata.count": {
                            "$ref": "http://redfish.dmtf.org/schemas/v1/odata.v4_0_3.json#/definitions/count"
                        },
                        "Members@odata.nextLink": {
                            "$ref": "http://redfish.dmtf.org/schemas/v1/odata.v4_0_3.json#/definitions/nextLink"
                        },
                        "Name": {
                            "$ref": "http://redfish.dmtf.org/schemas/v1/Resource.json#/definitions/Name",
                            "readonly": true
                        },
                        "Oem": {
                            "$ref": "http://redfish.dmtf.org/schemas/v1/Resource.json#/definitions/Oem",
                            "description": "This is the manufacturer/provider specific extension moniker used to divide the Oem object into sections.",
                            "longDescription": "The value of this string shall be of the format for the reserved word *Oem*."
                        }
                    },
                    "required": [
                        "Members",
                        "@odata.id",
                        "@odata.type",
                        "Name"
                    ],
                    "type": "object"
                }
            ],
            "deletable": false,
            "insertable": true,
            "updatable": false,
            "uris": [
                "/redfish/v1/AccountService/Accounts",
                "/redfish/v1/Managers/{ManagerId}/RemoteAccountService/Accounts"
            ]
        }
    },
    "owningEntity": "DMTF",
    "title": "#ManagerAccountCollection.ManagerAccountCollection"
}