{
    "@odata.type": "#Chassis.v1_5_0.Chassis",
    "Id": "MultiBladeEnclosure",
    "Name": "Multi-Blade Enclosure",
    "Description": "Enclosure with 8 Blades and 2 Managers",
    "ChassisType": "Enclosure",
    "Manufacturer": "Contoso",
    "Model": "Contoso Standard 18U Rack",
    "SerialNumber": "528QB1654R1",
    "PartNumber": "166472-S44",
    "IndicatorLED": "Off",
    "AssetTag": "Writable",
    "PowerState": "On",
    "Status": {
        "Health": "OK",
        "State": "Enabled"
    },
    "Location": {
        "Info": "DCTexas-Row10-Rack1-20U"
    },
    "Power": {
        "@odata.id": "/redfish/v1/Chassis/Enclosure/Power"
    },
    "Thermal": {
        "@odata.id": "/redfish/v1/Chassis/Enclosure/Thermal"
    },
    "Links": {
        "Contains": [
            {
                "@odata.id": "/redfish/v1/Chassis/Blade1"
            },
            {
                "@odata.id": "/redfish/v1/Chassis/Blade2"
            },
            {
                "@odata.id": "/redfish/v1/Chassis/Blade3"
            },
            {
                "@odata.id": "/redfish/v1/Chassis/Blade4"
            },
            {
                "@odata.id": "/redfish/v1/Chassis/Blade5"
            },
            {
                "@odata.id": "/redfish/v1/Chassis/Blade6"
            },
            {
                "@odata.id": "/redfish/v1/Chassis/Blade7"
            },
            {
                "@odata.id": "/redfish/v1/Chassis/Blade8"
            }
        ],
        "ComputerSystems": [
            {
                "@odata.id": "/redfish/v1/Systems/ComposedPartition1"
            },
            {
                "@odata.id": "/redfish/v1/Systems/ComposedPartition2"
            },
            {
                "@odata.id": "/redfish/v1/Systems/ComposedPartition3"
            }
        ],
        "ManagedBy": [
            {
                "@odata.id": "/redfish/v1/Managers/EncMgr1"
            },
            {
                "@odata.id": "/redfish/v1/Managers/EncMgr2"
            }
        ]
    },
    "Oem": {
        "Contoso": {
            "@odata.type": "#Contoso.Chassis",
            "NodeControllers@odata.count": 2,
            "NodeControllers": [
                {
                    "Name": "NodeController 0",
                    "Vendor": "Contoso",
                    "PartNumber": "AH341-60401",
                    "SerialNumber": "MYJ2190789",
                    "Status": {
                        "Health": "OK",
                        "State": "Enabled"
                    }
                },
                {
                    "Name": "NodeController 1",
                    "Vendor": "Contoso",
                    "PartNumber": "AH341-60401",
                    "SerialNumber": "MYJ219079Y",
                    "Status": {
                        "Health": "OK",
                        "State": "Enabled"
                    }
                }
            ]
        }
    },
    "@odata.context": "/redfish/v1/$metadata#Chassis.Chassis",
    "@odata.id": "/redfish/v1/Chassis/Enclosure",
    "@Redfish.Copyright": "Copyright 2014-2017 Distributed Management Task Force, Inc. (DMTF). For the full DMTF copyright policy, see http://www.dmtf.org/about/policies/copyright."
}
