{
    "@odata.type": "#ResourceBlock.v1_0_0.ResourceBlock",
    "Id": "BladeComputeBlock4",
    "Name": "BladeCompute Block 4",
    "ResourceBlockType": [
        "Compute"
    ],
    "Status": {
        "State": "UnavailableOffline",
        "Health": "OK"
    },
    "CompositionStatus": {
        "Reserved": false,
        "CompositionState": "Unused"
    },
    "ComputerSystems": [
        {
            "@odata.id": "/redfish/v1/CompositionService/ResourceBlocks/BladeComputeBlock4/RBSystem"
        }
    ],
    "Links": {
        "ComputerSystems": [],
        "Zones": [
            {
                "@odata.id": "/redfish/v1/CompositionService/ResourceZones/EncZone1"
            }
        ]
    },
    "Oem": {},
    "@odata.context": "/redfish/v1/$metadata#ResourceBlock.ResourceBlock",
    "@odata.id": "/redfish/v1/CompositionService/ResourceBlocks/BladeComputeBlock4",
    "@Redfish.Copyright": "Copyright 2014-2017 Distributed Management Task Force, Inc. (DMTF). For the full DMTF copyright policy, see http://www.dmtf.org/about/policies/copyright."
}
