{
    "@odata.type": "#VirtualMedia.v1_1_0.VirtualMedia",
    "Id": "CD1",
    "Name": "Virtual CD",
    "MediaTypes": [
        "CD",
        "DVD"
    ],
    "Image": "redfish.dmtf.org/freeImages/freeOS.1.1.iso",
    "ImageName": "mymedia-read-only",
    "ConnectedVia": "Applet",
    "Inserted": true,
    "WriteProtected": false,
    "@odata.context": "/redfish/v1/$metadata#VirtualMedia.VirtualMedia",
    "@odata.id": "/redfish/v1/Managers/BMC/VirtualMedia/CD1",
    "@Redfish.Copyright": "Copyright 2014-2017 Distributed Management Task Force, Inc. (DMTF). For the full DMTF copyright policy, see http://www.dmtf.org/about/policies/copyright."
}
