{
    "@odata.type": "#Drive.v1_2_0.Drive",
    "Id": "Slot0",
    "Name": "Drive 1",
    "IndicatorLED": "Lit",
    "Model": "C123",
    "Revision": "100A",
    "Status": {
        "State": "Enabled",
        "Health": "OK"
    },
    "CapacityBytes": 899527000000,
    "FailurePredicted": false,
    "Protocol": "SAS",
    "MediaType": "HDD",
    "Manufacturer": "Contoso",
    "SerialNumber": "1234568",
    "PartNumber": "C123-1111",
    "Identifiers": [
        {
            "DurableNameFormat": "NAA",
            "DurableName": "32ADF365C6C1B7BD"
        }
    ],
    "EncryptionAbility": "SelfEncryptingDrive",
    "RotationSpeedRPM": 15000,
    "BlockSizeBytes": 512,
    "CapableSpeedGbs": 12,
    "NegotiatedSpeedGbs": 12,
    "Links": {
        "Chassis": {
            "@odata.id": "/redfish/v1/Chassis/Blade8"
        }
    },
    "@odata.context": "/redfish/v1/$metadata#Drive.Drive",
    "@odata.id": "/redfish/v1/CompositionService/ResourceBlocks/BladeStorageBlock8/Storage/1/Drives/Drive1",
    "@Redfish.Copyright": "Copyright 2014-2017 Distributed Management Task Force, Inc. (DMTF). For the full DMTF copyright policy, see http://www.dmtf.org/about/policies/copyright."
}
