{
    "@odata.type": "#ResourceBlock.v1_0_0.ResourceBlock",
    "Id": "DriveBlock3",
    "Name": "Drive Block 3",
    "ResourceBlockType": [
        "Storage"
    ],
    "Status": {
        "State": "Enabled",
        "Health": "OK"
    },
    "CompositionStatus": {
        "Reserved": false,
        "CompositionState": "Composed"
    },
    "Processors": [],
    "Memory": [],
    "Storage": [
        {
            "@odata.id": "/redfish/v1/CompositionService/ResourceBlocks/DriveBlock3/Storage/Block3NVMe"
        }
    ],
    "Links": {
        "ComputerSystems": [
            {
                "@odata.id": "/redfish/v1/Systems/ComposedSystem"
            }
        ],
        "Chassis": [
            {
                "@odata.id": "/redfish/v1/Chassis/ComposableModule3"
            }
        ],
        "Zones": [
            {
                "@odata.id": "/redfish/v1/CompositionService/ResourceZones/1"
            },
            {
                "@odata.id": "/redfish/v1/CompositionService/ResourceZones/2"
            }
        ]
    },
    "Oem": {},
    "@odata.context": "/redfish/v1/$metadata#ResourceBlock.ResourceBlock",
    "@odata.id": "/redfish/v1/CompositionService/ResourceBlocks/DriveBlock3",
    "@Redfish.Copyright": "Copyright 2014-2017 Distributed Management Task Force, Inc. (DMTF). For the full DMTF copyright policy, see http://www.dmtf.org/about/policies/copyright."
}
