{
	"@odata.type": "#Bios.v1_0_0.Bios",
	"Id": "Settings",
	"Name": "BIOS Configuration Pending Settings",
	"AttributeRegistry": "BiosAttributeRegistryP89.v1_0_0",
	"Attributes": {
		"AdminPhone": "(404) 555-1212",
		"BootMode": "Uefi",
		"EmbeddedSata": "Ahci",
		"NicBoot1": "NetworkBoot",
		"NicBoot2": "NetworkBoot",
		"PowerProfile": "MaxPerf",
		"ProcCoreDisable": 0,
		"ProcHyperthreading": "Enabled",
		"ProcTurboMode": "Disabled",
		"UsbControl": "UsbEnabled"
	},
	"@odata.context": "/redfish/v1/$metadata#Bios.Bios",
	"@odata.id": "/redfish/v1/Systems/437XR1138R2/BIOS/Settings",
	"@Redfish.Copyright": "Copyright 2014-2016 Distributed Management Task Force, Inc. (DMTF). For the full DMTF copyright policy, see http://www.dmtf.org/about/policies/copyright."
}
