<?xml version="1.0" encoding="UTF-8"?>
<!---->
<!--################################################################################       -->
<!--# Redfish Schema:  SimpleStorage  v1.1.0-->
<!--#                                                                                      -->
<!--# For a detailed change log, see the README file contained in the DSP8010 bundle,      -->
<!--# available at http://www.dmtf.org/standards/redfish                                   -->
<!--# Copyright 2014-2016 Distributed Management Task Force, Inc. (DMTF).                  -->
<!--# For the full DMTF copyright policy, see http://www.dmtf.org/about/policies/copyright -->
<!--################################################################################       -->
<!---->
<edmx:Edmx xmlns:edmx="http://docs.oasis-open.org/odata/ns/edmx" Version="4.0">

  <edmx:Reference Uri="http://docs.oasis-open.org/odata/odata/v4.0/errata03/csd01/complete/vocabularies/Org.OData.Core.V1.xml">
    <edmx:Include Namespace="Org.OData.Core.V1" Alias="OData"/>
  </edmx:Reference>
  <edmx:Reference Uri="http://docs.oasis-open.org/odata/odata/v4.0/errata03/csd01/complete/vocabularies/Org.OData.Capabilities.V1.xml">
    <edmx:Include Namespace="Org.OData.Capabilities.V1" Alias="Capabilities"/>
  </edmx:Reference>
  <edmx:Reference Uri="http://docs.oasis-open.org/odata/odata/v4.0/errata03/csd01/complete/vocabularies/Org.OData.Measures.V1.xml">
    <edmx:Include Namespace="Org.OData.Measures.V1" Alias="Measures"/>
  </edmx:Reference>
  <edmx:Reference Uri="http://redfish.dmtf.org/schemas/v1/Resource_v1.xml">
    <edmx:Include Namespace="Resource"/>
    <edmx:Include Namespace="Resource.v1_0_0"/>
  </edmx:Reference>
  <edmx:Reference Uri="http://redfish.dmtf.org/schemas/v1/RedfishExtensions_v1.xml">
    <edmx:Include Namespace="RedfishExtensions.v1_0_0" Alias="Redfish"/>
    <edmx:Include Namespace="Validation.v1_0_0" Alias="Validation"/>
  </edmx:Reference>

  <edmx:DataServices>

    <Schema xmlns="http://docs.oasis-open.org/odata/ns/edm" Namespace="SimpleStorage">

      <EntityType Name="SimpleStorage" BaseType="Resource.v1_0_0.Resource" Abstract="true">
        <Annotation Term="OData.Description" String="This is the schema definition for the Simple Storage resource.  It represents the properties of a storage controller and its directly-attached devices."/>
        <Annotation Term="Capabilities.InsertRestrictions">
          <Record>
            <PropertyValue Property="Insertable" Bool="false"/>
          </Record>
        </Annotation>
        <Annotation Term="Capabilities.UpdateRestrictions">
          <Record>
            <PropertyValue Property="Updatable" Bool="false"/>
          </Record>
        </Annotation>
        <Annotation Term="Capabilities.DeleteRestrictions">
          <Record>
            <PropertyValue Property="Deletable" Bool="false"/>
          </Record>
        </Annotation>
      </EntityType>

    </Schema>

    <Schema xmlns="http://docs.oasis-open.org/odata/ns/edm" Namespace="SimpleStorage.v1_0_0">

      <EntityType Name="SimpleStorage" BaseType="SimpleStorage.SimpleStorage">
        <Annotation Term="OData.Description" String="This is the schema definition for the Simple Storage resource.  It represents the properties of a storage controller and its directly-attached devices."/>
        <Property Name="UefiDevicePath" Type="Edm.String">
          <Annotation Term="OData.Permissions" EnumMember="OData.Permission/Read"/>
          <Annotation Term="OData.Description" String="The UEFI device path used to access this storage controller."/>
          <Annotation Term="OData.LongDescription" String="This property shall contain the UEFI device path used to identify and locate the specific storage controller"/>
        </Property>
        <Property Name="Devices" Type="Collection(SimpleStorage.v1_0_0.Device)" Nullable="false">
          <Annotation Term="OData.Permissions" EnumMember="OData.Permission/Read"/>
          <Annotation Term="OData.Description" String="The storage devices associated with this resource"/>
          <Annotation Term="OData.LongDescription" String="This property shall contain a list of storage devices associated with this resource"/>
        </Property>
        <Property Name="Status" Type="Resource.Status" Nullable="false"/>
      </EntityType>

      <ComplexType Name="Device">
        <Annotation Term="OData.AdditionalProperties" Bool="false"/>
        <Property Name="Oem" Type="Resource.Oem" Nullable="false"/>
        <Property Name="Name" Type="Edm.String" Nullable="false">
          <Annotation Term="OData.Permissions" EnumMember="OData.Permission/Read"/>
          <Annotation Term="OData.Description"  String="The name of the resource or array element."/>
          <Annotation Term="OData.LongDescription" String="This object represents the Name property.  All values for resources described by this schema shall comply to the requirements as described in the Redfish specification. The value of this string shall be of the format for the reserved word *Name*."/>
          <Annotation Term="Redfish.Required"/>
        </Property>
        <Property Name="Status" Type="Resource.Status" Nullable="false"/>
        <Property Name="Manufacturer" Type="Edm.String">
          <Annotation Term="OData.Permissions" EnumMember="OData.Permission/Read"/>
          <Annotation Term="OData.Description" String="The name of the manufacturer of this device"/>
          <Annotation Term="OData.LongDescription" String="This property shall indicate the name of the manufacturer of this storage device."/>
        </Property>
        <Property Name="Model" Type="Edm.String">
          <Annotation Term="OData.Permissions" EnumMember="OData.Permission/Read"/>
          <Annotation Term="OData.Description" String="The product model number of this device"/>
          <Annotation Term="OData.LongDescription" String="This property shall indicate the model information as provided by the manufacturer of this storage device."/>
        </Property>
      </ComplexType>

    </Schema>

    <Schema xmlns="http://docs.oasis-open.org/odata/ns/edm" Namespace="SimpleStorage.v1_0_2">
      <EntityType Name="SimpleStorage" BaseType="SimpleStorage.v1_0_0.SimpleStorage"/>
    </Schema>

    <Schema xmlns="http://docs.oasis-open.org/odata/ns/edm" Namespace="SimpleStorage.v1_1_0">

      <EntityType Name="SimpleStorage" BaseType="SimpleStorage.v1_0_2.SimpleStorage"/>

      <ComplexType Name="Device" BaseType="SimpleStorage.v1_0_0.Device">
        <Property Name="CapacityBytes" Type="Edm.Int64">
          <Annotation Term="OData.Permissions" EnumMember="OData.Permission/Read"/>
          <Annotation Term="OData.Description" String="The size of the storage device."/>
          <Annotation Term="OData.LongDescription" String="The value of this property shall represent the size (in bytes) of the Storage Device."/>
          <Annotation Term="Validation.Minimum" Int="0"/>
          <Annotation Term="Measures.Unit" String="By"/>
        </Property>
      </ComplexType>

    </Schema>

  </edmx:DataServices>
</edmx:Edmx>
