<?xml version="1.0" encoding="UTF-8"?>
<!---->
<!--################################################################################       -->
<!--# Redfish Schema:  SoftwareInventory  v1.0.0-->
<!--#                                                                                      -->
<!--# For a detailed change log, see the README file contained in the DSP8010 bundle,      -->
<!--# available at http://www.dmtf.org/standards/redfish                                   -->
<!--# Copyright 2014-2016 Distributed Management Task Force, Inc. (DMTF).                  -->
<!--# For the full DMTF copyright policy, see http://www.dmtf.org/about/policies/copyright -->
<!--################################################################################       -->
<!---->
<edmx:Edmx xmlns:edmx="http://docs.oasis-open.org/odata/ns/edmx" Version="4.0">

  <edmx:Reference Uri="http://docs.oasis-open.org/odata/odata/v4.0/errata03/csd01/complete/vocabularies/Org.OData.Core.V1.xml">
    <edmx:Include Namespace="Org.OData.Core.V1" Alias="OData"/>
  </edmx:Reference>
  <edmx:Reference Uri="http://docs.oasis-open.org/odata/odata/v4.0/errata03/csd01/complete/vocabularies/Org.OData.Measures.V1.xml">
    <edmx:Include Namespace="Org.OData.Measures.V1" Alias="Measures"/>
  </edmx:Reference>
  <edmx:Reference Uri="http://redfish.dmtf.org/schemas/v1/RedfishExtensions_v1.xml">
    <edmx:Include Namespace="RedfishExtensions.v1_0_0" Alias="Redfish"/>
  </edmx:Reference>
  <edmx:Reference Uri="http://redfish.dmtf.org/schemas/v1/Resource_v1.xml">
    <edmx:Include Namespace="Resource"/>
    <edmx:Include Namespace="Resource.v1_0_0"/>
    <edmx:Include Namespace="Resource.v1_1_0"/>
  </edmx:Reference>

  <edmx:DataServices>

    <Schema xmlns="http://docs.oasis-open.org/odata/ns/edm" Namespace="SoftwareInventory">
      <EntityType Name="SoftwareInventory" BaseType="Resource.v1_0_0.Resource">
        <Annotation Term="OData.Description" String="This schema defines an inventory of software components."/>
        <Annotation Term="OData.LongDescription" String="This resource shall be used to represent a single software component managed by this Redfish Service."/>
      </EntityType>
    </Schema>

    <Schema xmlns="http://docs.oasis-open.org/odata/ns/edm" Namespace="SoftwareInventory.v1_0_0">

      <EntityType Name="SoftwareInventory" BaseType="SoftwareInventory.SoftwareInventory">
        <Annotation Term="OData.Description" String="This schema defines an inventory of software components."/>
        <Annotation Term="OData.LongDescription" String="This resource shall be used to represent a single software component managed by this Redfish Service."/>
        <Property Name="Status" Type="Resource.Status"/>
        <Property Name="Version" Type="Edm.String">
          <Annotation Term="OData.Permissions" EnumMember="OData.Permission/Read"/>
          <Annotation Term="OData.Description" String="A string representing the version of this firmware."/>
          <Annotation Term="OData.LongDescription" String="The value of this property shall be a string representing the version of this firmware."/>
        </Property>
        <Property Name="Updateable" Type="Edm.Boolean">
          <Annotation Term="OData.Permissions" EnumMember="OData.Permission/Read"/>
          <Annotation Term="OData.Description" String="Indicates whether this firmware can be updated by the update service."/>
          <Annotation Term="OData.LongDescription" String="The value of this property shall be a boolean indicating whether this firmware can be updated by the update service. If false, this firmware is for reporting purpose only."/>
        </Property>
        <Property Name="Actions" Type="SoftwareInventory.v1_0_0.Actions" Nullable="false">
          <Annotation Term="OData.Permissions" EnumMember="OData.Permission/Read"/>
          <Annotation Term="OData.Description" String="The Actions object contains the available custom actions on this resource."/>
        </Property>
      </EntityType>

      <ComplexType Name="Actions">
        <Annotation Term="OData.AdditionalProperties" Bool="false"/>
        <Property Name="Oem" Type="SoftwareInventory.v1_0_0.OemActions" Nullable="false"/>
      </ComplexType>

      <ComplexType Name="OemActions">
        <Annotation Term="OData.AdditionalProperties" Bool="true"/>
      </ComplexType>

    </Schema>

  </edmx:DataServices>
</edmx:Edmx>
