<?xml version="1.0" encoding="UTF-8"?>
<!---->
<!--################################################################################       -->
<!--# Redfish Schema:  Switch  v1.0.0-->
<!--#                                                                                      -->
<!--# For a detailed change log, see the README file contained in the DSP8010 bundle,      -->
<!--# available at http://www.dmtf.org/standards/redfish                                   -->
<!--# Copyright 2014-2016 Distributed Management Task Force, Inc. (DMTF).                  -->
<!--# For the full DMTF copyright policy, see http://www.dmtf.org/about/policies/copyright -->
<!--################################################################################       -->
<!---->
<edmx:Edmx xmlns:edmx="http://docs.oasis-open.org/odata/ns/edmx" Version="4.0">

  <edmx:Reference Uri="http://docs.oasis-open.org/odata/odata/v4.0/errata03/csd01/complete/vocabularies/Org.OData.Core.V1.xml">
    <edmx:Include Namespace="Org.OData.Core.V1" Alias="OData"/>
  </edmx:Reference>
  <edmx:Reference Uri="http://redfish.dmtf.org/schemas/v1/RedfishExtensions_v1.xml">
    <edmx:Include Namespace="RedfishExtensions.v1_0_0" Alias="Redfish"/>
  </edmx:Reference>
  <edmx:Reference Uri="http://redfish.dmtf.org/schemas/v1/Resource_v1.xml">
    <edmx:Include Namespace="Resource"/>
    <edmx:Include Namespace="Resource.v1_0_0"/>
    <edmx:Include Namespace="Resource.v1_1_0"/>
    <edmx:Include Namespace="Resource.v1_2_0"/>
  </edmx:Reference>
  <edmx:Reference Uri="http://redfish.dmtf.org/schemas/v1/Storage_v1.xml">
    <edmx:Include Namespace="Storage.v1_0_0"/>
  </edmx:Reference>
  <edmx:Reference Uri="http://redfish.dmtf.org/schemas/v1/Chassis_v1.xml">
    <edmx:Include Namespace="Chassis"/>
  </edmx:Reference>
  <edmx:Reference Uri="http://redfish.dmtf.org/schemas/v1/Manager_v1.xml">
    <edmx:Include Namespace="Manager"/>
  </edmx:Reference>
  <edmx:Reference Uri="http://redfish.dmtf.org/schemas/v1/Redundancy_v1.xml">
    <edmx:Include Namespace="Redundancy"/>
  </edmx:Reference>
  <edmx:Reference Uri="http://redfish.dmtf.org/schemas/v1/PortCollection_v1.xml">
    <edmx:Include Namespace="PortCollection"/>
  </edmx:Reference>
  <edmx:Reference Uri="http://redfish.dmtf.org/schemas/v1/LogServiceCollection_v1.xml">
    <edmx:Include Namespace="LogServiceCollection"/>
  </edmx:Reference>

  <edmx:DataServices>
  
    <Schema xmlns="http://docs.oasis-open.org/odata/ns/edm" Namespace="Switch">

      <EntityType Name="Switch" BaseType="Resource.v1_0_0.Resource" Abstract="true">
        <Annotation Term="OData.Description" String="Switch contains properties describing a simple fabric switch."/>
        <Annotation Term="OData.LongDescription" String="This resource shall be used to represent a simple switch for a Redfish implementation."/>
      </EntityType>

      <Action Name="Reset" IsBound="true">
        <Parameter Name="Switch" Type="Switch.v1_0_0.Actions"/>
        <Parameter Name="ResetType" Type="Resource.ResetType">
          <Annotation Term="OData.Description" String="The type of reset to be performed"/>
          <Annotation Term="OData.LongDescription" String="This defines the property name for the action."/>
        </Parameter>
        <Annotation Term="OData.Description" String="This action is used to reset this switch."/>
        <Annotation Term="OData.LongDescription" String="This defines the name of the custom action supported on this resource."/>
      </Action>

    </Schema>

    <Schema xmlns="http://docs.oasis-open.org/odata/ns/edm" Namespace="Switch.v1_0_0">

      <EntityType Name="Switch" BaseType="Switch.Switch">
        <Property Name="SwitchType" Type="Storage.v1_0_0.Protocol">
          <Annotation Term="OData.Description" String="The protocol being sent over this switch."/>
          <Annotation Term="OData.LongDescription" String="The value of this property shall contain the type of switch being represented by this simple switch."/>
        </Property>
        <Property Name="Status" Type="Resource.Status" Nullable="false"/>
        <Property Name="Manufacturer" Type="Edm.String">
          <Annotation Term="OData.Permissions" EnumMember="OData.Permission/Read"/>
          <Annotation Term="OData.Description" String="This is the manufacturer of this switch."/>
          <Annotation Term="OData.LongDescription" String="The value of this property shall be the name of the organization responsible for producing the switch. This organization might be the entity from whom the switch is purchased, but this is not necessarily true."/>
        </Property>
        <Property Name="Model" Type="Edm.String">
          <Annotation Term="OData.Permissions" EnumMember="OData.Permission/Read"/>
          <Annotation Term="OData.Description" String="The product model number of this switch."/>
          <Annotation Term="OData.LongDescription" String="This property shall indicate the model information as provided by the manufacturer of this switch."/>
        </Property>
        <Property Name="SKU" Type="Edm.String">
          <Annotation Term="OData.Permissions" EnumMember="OData.Permission/Read"/>
          <Annotation Term="OData.Description" String="This is the SKU for this switch."/>
          <Annotation Term="OData.LongDescription" String="The value of this property shall be the stock-keeping unit number for this switch."/>
        </Property>
        <Property Name="SerialNumber" Type="Edm.String">
          <Annotation Term="OData.Permissions" EnumMember="OData.Permission/Read"/>
          <Annotation Term="OData.Description" String="The serial number for this switch."/>
          <Annotation Term="OData.LongDescription" String="The value of this property shall be a manufacturer-allocated number used to identify the switch."/>
        </Property>
        <Property Name="PartNumber" Type="Edm.String">
          <Annotation Term="OData.Permissions" EnumMember="OData.Permission/Read"/>
          <Annotation Term="OData.Description" String="The part number for this switch."/>
          <Annotation Term="OData.LongDescription" String="The value of this property shall be a part number assigned by the organization that is responsible for producing or manufacturing the switch."/>
        </Property>
        <Property Name="AssetTag" Type="Edm.String">
          <Annotation Term="OData.Description" String="The user assigned asset tag for this switch."/>
          <Annotation Term="OData.LongDescription" String="The value of this property shall be an identifying string used to track the drive for inventory purposes."/>
        </Property>
        <Property Name="DomainID" Type="Edm.Int64">
          <Annotation Term="OData.Permissions" EnumMember="OData.Permissions/Read"/>
          <Annotation Term="OData.Description" String="The Domain ID for this switch."/>
          <Annotation Term="OData.LongDescription" String="The value of this property shall have a scope of uniqueness within the fabric of which the switch is a member."/>
        </Property>
        <Property Name="IsManaged" Type="Edm.Boolean">
          <Annotation Term="OData.Description" String="This indicates whether the switch is in a managed or unmanaged state."/>
          <Annotation Term="OData.LongDescription" String="The value of this property shall be a boolean indicating whether this switch is in a managed or unmanaged state."/>
        </Property>
        <Property Name="TotalSwitchWidth" Type="Edm.Int64">
          <Annotation Term="OData.Permissions" EnumMember="OData.Permission/Read"/>
          <Annotation Term="OData.Description" String="The total number of lanes, phys, or other physical transport links that this switch contains."/>
          <Annotation Term="OData.LongDescription" String="The value of this property shall be the number of physical transport lanes, phys, or other physical transport links that this switch contains. For PCIe, this shall be lane count."/>
        </Property>
        <Property Name="IndicatorLED" Type="Resource.v1_1_0.IndicatorLED">
          <Annotation Term="OData.Description" String="The state of the indicator LED, used to identify the switch."/>
          <Annotation Term="OData.LongDescription" String="This value of this property shall contain the indicator light state for the indicator light associated with this switch."/>
        </Property>
        <Property Name="PowerState" Type="Resource.v1_2_0.PowerState">
          <Annotation Term="OData.Permissions" EnumMember="OData.Permission/Read"/>
          <Annotation Term="OData.Description" String="This is the current power state of the switch."/>
          <Annotation Term="OData.LongDescription" String="The value of this property shall contain the power state of the switch."/>
        </Property>
        <NavigationProperty Name="Ports" Type="PortCollection.PortCollection" Nullable="false">
          <Annotation Term="OData.Permissions" EnumMember="OData.Permission/Read"/>
          <Annotation Term="OData.Description" String="A collection of references to the ports for this switch."/>
          <Annotation Term="OData.LongDescription" String="The value of this property shall be a reference to the resources that this switch contains and shall reference a resource of type Port."/>
          <Annotation Term="OData.AutoExpandReferences"/>
        </NavigationProperty>
        <NavigationProperty Name="Redundancy" Type="Collection(Redundancy.Redundancy)" Nullable="false">
          <Annotation Term="OData.Permissions" EnumMember="OData.Permission/Read"/>
          <Annotation Term="OData.Description" String="Redundancy information for the switches"/>
          <Annotation Term="OData.AutoExpand"/>
        </NavigationProperty>
        <Property Name="Links" Type="Switch.v1_0_0.Links" Nullable="false">
          <Annotation Term="OData.Permissions" EnumMember="OData.Permission/Read"/>
          <Annotation Term="OData.Description" String="Contains references to other resources that are related to this resource."/>
          <Annotation Term="OData.LongDescription" String="The Links property, as described by the Redfish Specification, shall contain references to resources that are related to, but not contained by (subordinate to), this resource."/>
        </Property>
        <NavigationProperty Name="LogServices" Type="LogServiceCollection.LogServiceCollection" ContainsTarget="true">
          <Annotation Term="OData.Permissions" EnumMember="OData.Permissions/Read"/>
          <Annotation Term="OData.Description" String="A reference to the collection of Log Services associated with this system"/>
          <Annotation Term="OData.LongDescription" String="The value of this property shall be a link to a collection of type LogServiceCollection."/>
          <Annotation Term="OData.AutoExpandReferences"/>
        </NavigationProperty>
        <Property Name="Actions" Type="Switch.v1_0_0.Actions" Nullable="false">
          <Annotation Term="OData.Permissions" EnumMember="OData.Permission/Read"/>
          <Annotation Term="OData.Description" String="The available actions for this resource."/>
          <Annotation Term="OData.LongDescription" String="The Actions property shall contain the available actions for this resource."/>
        </Property>
      </EntityType>

      <ComplexType Name="Links" BaseType="Resource.Links">
        <NavigationProperty Name="Chassis" Type="Chassis.Chassis" Nullable="false">
          <Annotation Term="OData.Permissions" EnumMember="OData.Permission/Read"/>
          <Annotation Term="OData.Description" String="A reference to the chassis which contains this switch."/>
          <Annotation Term="OData.LongDescription" String="The value of this property shall be a reference to the resources that this switch is associated with and shall reference a resource of type Chassis."/>
          <Annotation Term="OData.AutoExpandReferences"/>
        </NavigationProperty>
        <NavigationProperty Name="ManagedBy" Type="Collection(Manager.Manager)" Nullable="false">
          <Annotation Term="OData.Permissions" EnumMember="OData.Permission/Read"/>
          <Annotation Term="OData.Description" String="An array of references to the managers that manage this switch."/>
          <Annotation Term="OData.LongDescription" String="The value of this property shall be a reference to the resources that this switch is associated with and shall reference a resource of type Manager."/>
          <Annotation Term="OData.AutoExpandReferences"/>
        </NavigationProperty>
      </ComplexType>

      <ComplexType Name="Actions">
        <Annotation Term="OData.AdditionalProperties" Bool="false"/>
        <Property Name="Oem" Type="Switch.v1_0_0.OemActions" Nullable="false"/>
      </ComplexType>

      <ComplexType Name="OemActions">
        <Annotation Term="OData.AdditionalProperties" Bool="true"/>
      </ComplexType>
    </Schema>

  </edmx:DataServices>
</edmx:Edmx>
