<?xml version="1.0" encoding="UTF-8"?>
<!---->
<!--################################################################################       -->
<!--# Redfish Schema:  Task  v1.0.2-->
<!--#                                                                                      -->
<!--# For a detailed change log, see the README file contained in the DSP8010 bundle,      -->
<!--# available at http://www.dmtf.org/standards/redfish                                   -->
<!--# Copyright 2014-2016 Distributed Management Task Force, Inc. (DMTF).                  -->
<!--# For the full DMTF copyright policy, see http://www.dmtf.org/about/policies/copyright -->
<!--################################################################################       -->
<!---->
<edmx:Edmx xmlns:edmx="http://docs.oasis-open.org/odata/ns/edmx" Version="4.0">

  <edmx:Reference Uri="http://docs.oasis-open.org/odata/odata/v4.0/errata03/csd01/complete/vocabularies/Org.OData.Core.V1.xml">
    <edmx:Include Namespace="Org.OData.Core.V1" Alias="OData"/>
  </edmx:Reference>
  <edmx:Reference Uri="http://docs.oasis-open.org/odata/odata/v4.0/errata03/csd01/complete/vocabularies/Org.OData.Capabilities.V1.xml">
    <edmx:Include Namespace="Org.OData.Capabilities.V1" Alias="Capabilities"/>
  </edmx:Reference>
  <edmx:Reference Uri="http://redfish.dmtf.org/schemas/v1/RedfishExtensions_v1.xml">
    <edmx:Include Namespace="RedfishExtensions.v1_0_0" Alias="Redfish"/>
  </edmx:Reference>
  <edmx:Reference Uri="http://redfish.dmtf.org/schemas/v1/Resource_v1.xml">
    <edmx:Include Namespace="Resource"/>
    <edmx:Include Namespace="Resource.v1_0_0"/>
  </edmx:Reference>
  <edmx:Reference Uri="http://redfish.dmtf.org/schemas/v1/Message_v1.xml">
    <edmx:Include Namespace="Message"/>
  </edmx:Reference>

  <edmx:DataServices>

    <Schema xmlns="http://docs.oasis-open.org/odata/ns/edm" Namespace="Task">

      <EntityType Name="Task" BaseType="Resource.v1_0_0.Resource" Abstract="true">
        <Annotation Term="OData.Description" String="This resource contains information about a specific Task scheduled by or being executed by a Redfish service's Task Service."/>
        <Annotation Term="OData.LongDescription" String="This resource shall be used to represent a task for a Redfish implementation."/>
        <Annotation Term="Capabilities.InsertRestrictions">
          <Record>
            <PropertyValue Property="Insertable" Bool="false"/>
          </Record>
        </Annotation>
        <Annotation Term="Capabilities.UpdateRestrictions">
          <Record>
            <PropertyValue Property="Updatable" Bool="false"/>
          </Record>
        </Annotation>
        <Annotation Term="Capabilities.DeleteRestrictions">
          <Record>
            <PropertyValue Property="Deletable" Bool="true"/>
            <Annotation Term="OData.Description" String="Tasks can be removed with a Delete operation."/>
          </Record>
        </Annotation>
      </EntityType>

    </Schema>

    <Schema xmlns="http://docs.oasis-open.org/odata/ns/edm" Namespace="Task.v1_0_0">

      <EntityType Name="Task" BaseType="Task.Task">
        <Property Name="TaskState" Type="Task.v1_0_0.TaskState" Nullable="false">
          <Annotation Term="OData.Permissions" EnumMember="OData.Permission/Read"/>
          <Annotation Term="OData.Description" String="The state of the task."/>
          <Annotation Term="OData.LongDescription" String="The value of this property shall indicate the state of the task.  New shall be used to indicate that the task is a new task which has just been instantiated and is in the initial state and indicates it has never been started.  Starting shall be used to indicate that the task is moving from the New, Suspended, or Service states into the Running state.  Running shall be used to indicate that the Task is running.  Suspended shall be used to indicate  that the Task is stopped (e.g., by a user), but can be restarted in a seamless manner.  Interrupted shall be used to indicate  that the Task was interrupted (e.g., by a server crash) in the middle of processing, and the user should either re-run/restart the Task.  Pending shall be used to indicate  that the Task has been queued and will be scheduled for processing as soon as resources are available to handle the request.  Stopping shall be used to indicate that the Task is in the process of moving to a Completed, Killed, or Exception state.  Completed shall be used to indicate that the task has completed normally.  Killed shall be used to indicate  that the task has been stopped by a Kill state change request (non-graceful shutdown).  Exception shall be used to indicate  that the Task is in an abnormal state that might be indicative of an error condition.  Service shall be used to indicate that the Task is in a state that supports problem discovery, or resolution, or both.  This state is used when a corrective action is possible. "/>
        </Property>
        <Property Name="StartTime" Type="Edm.DateTimeOffset" Nullable="false">
          <Annotation Term="OData.Permissions" EnumMember="OData.Permission/Read"/>
          <Annotation Term="OData.Description" String="The date-time stamp that the task was last started."/>
          <Annotation Term="OData.LongDescription" String="The value of this property shall indicate the time the task was started."/>
        </Property>
        <Property Name="EndTime" Type="Edm.DateTimeOffset" Nullable="false">
          <Annotation Term="OData.Permissions" EnumMember="OData.Permission/Read"/>
          <Annotation Term="OData.Description" String="The date-time stamp that the task was last completed."/>
          <Annotation Term="OData.LongDescription" String="The value of this property shall indicate the time the task was completed."/>
        </Property>
        <Property Name="TaskStatus" Type="Resource.Health" Nullable="false">
          <Annotation Term="OData.Permissions" EnumMember="OData.Permission/Read"/>
          <Annotation Term="OData.Description" String="This is the completion status of the task."/>
          <Annotation Term="OData.LongDescription" String="The value of this property shall be the completion status of the task, as defined in the Status section of the Redfish specification and shall not be set until the task has completed."/>
        </Property>
        <Property Name="Messages" Type="Collection(Message.Message)" Nullable="false">
          <Annotation Term="OData.Permissions" EnumMember="OData.Permission/Read"/>
          <Annotation Term="OData.Description" String="This is an array of messages associated with the task."/>
          <Annotation Term="OData.LongDescription" String="The value of this property shall be an array of messages associated with the task."/>
        </Property>
      </EntityType>

      <EnumType Name="TaskState">
        <Member Name="New">
          <Annotation Term="OData.Description" String="A new task"/>
        </Member>
        <Member Name="Starting">
          <Annotation Term="OData.Description" String="Task is starting"/>
        </Member>
        <Member Name="Running">
          <Annotation Term="OData.Description" String="Task is running normally"/>
        </Member>
        <Member Name="Suspended">
          <Annotation Term="OData.Description" String="Task has been suspended"/>
        </Member>
        <Member Name="Interrupted">
          <Annotation Term="OData.Description" String="Task has been interrupted"/>
        </Member>
        <Member Name="Pending">
          <Annotation Term="OData.Description" String="Task is pending and has not started"/>
        </Member>
        <Member Name="Stopping">
          <Annotation Term="OData.Description" String="Task is in the process of stopping"/>
        </Member>
        <Member Name="Completed">
          <Annotation Term="OData.Description" String="Task has completed"/>
        </Member>
        <Member Name="Killed">
          <Annotation Term="OData.Description" String="Task was terminated"/>
        </Member>
        <Member Name="Exception">
          <Annotation Term="OData.Description" String="Task has stopped due to an exception condition"/>
        </Member>
        <Member Name="Service">
          <Annotation Term="OData.Description" String="Task is running as a service"/>
        </Member>
      </EnumType>

    </Schema>

    <Schema xmlns="http://docs.oasis-open.org/odata/ns/edm" Namespace="Task.v1_0_2">
      <EntityType Name="Task" BaseType="Task.v1_0_0.Task"/>
    </Schema>

  </edmx:DataServices>
</edmx:Edmx>
