{
    "@odata.type": "#Chassis.v1_5_0.Chassis",
    "Id": "Blade3",
    "Name": "Blade 3",
    "ChassisType": "Blade",
    "SerialNumber": "RYM056",
    "PartNumber": "166480-S30",
    "Manufacturer": "Contoso",
    "Model": "Constoto-2S-B",
    "IndicatorLED": "Off",
    "PowerState": "On",
    "Status": {
        "Health": "OK",
        "State": "Enabled"
    },
    "Location": {
        "Info": "DCTexas-Row10-Rack1-20U-Bay3"
    },
    "Thermal": {
        "@odata.id": "/redfish/v1/Chassis/Blade3/Thermal"
    },
    "Links": {
        "ContainedBy": {
            "@odata.id": "/redfish/v1/Chassis/Enclosure"
        },
        "ComputerSystems": [
            {
                "@odata.id": "/redfish/v1/Systems/ComposedPartition2"
            }
        ],
        "CooledBy": [
            {
                "@odata.id": "/redfish/v1/Chassis/Enclosure/Thermal#/Fans/0"
            },
            {
                "@odata.id": "/redfish/v1/Chassis/Enclosure/Thermal#/Fans/1"
            }
        ],
        "ManagedBy": [
            {
                "@odata.id": "/redfish/v1/Managers/EncMgr1"
            },
            {
                "@odata.id": "/redfish/v1/Managers/EncMgr2"
            }
        ],
        "PoweredBy": [
            {
                "@odata.id": "/redfish/v1/Chassis/Enclosure/Power#/PowerSupplies/0"
            },
            {
                "@odata.id": "/redfish/v1/Chassis/Enclosure/Power#/PowerSupplies/1"
            }
        ],
        "ResourceBlocks": [
            {
                "@odata.id": "/redfish/v1/CompositionService/ResourceBlocks/BladeComputeBlock3"
            }
        ]
    },
    "@odata.context": "/redfish/v1/$metadata#Chassis.Chassis",
    "@odata.id": "/redfish/v1/Chassis/Blade3",
    "@Redfish.Copyright": "Copyright 2014-2017 Distributed Management Task Force, Inc. (DMTF). For the full DMTF copyright policy, see http://www.dmtf.org/about/policies/copyright."
}
