{
    "@odata.type": "#EthernetInterface.v1_3_0.EthernetInterface",
    "Id": "5",
    "Name": "network.5",
    "Description": "PartitionedServer NIC",
    "Status": {
        "State": "Absent",
        "Health": "OK"
    },
    "Links": {
        "Chassis": {
            "@odata.id": "/redfish/v1/Chassis/Blade5"
        }
    },
    "@odata.context": "/redfish/v1/$metadata#EthernetInterface.EthernetInterface",
    "@odata.id": "/redfish/v1/CompositionService/ResourceBlocks/BladeComputeBlock5/RBSystem/EthernetInterfaces/1",
    "@Redfish.Copyright": "Copyright 2014-2017 Distributed Management Task Force, Inc. (DMTF). For the full DMTF copyright policy, see http://www.dmtf.org/about/policies/copyright."
}
