{
    "@odata.type": "#SimpleStorage.v1_2_0.SimpleStorage",
    "Id": "1",
    "Name": "Simple Storage Controller",
    "Description": "System SATA",
    "UefiDevicePath": "Acpi(PNP0A03,0)/Pci(1F|1)/Ata(Primary,Master)/HD(Part3, Sig00110011)",
    "Status": {
        "State": "Enabled",
        "Health": "OK",
        "HealthRollup": "Warning"
    },
    "Devices": [
        {
            "Name": "SATA Bay 1",
            "Manufacturer": "Contoso",
            "Model": "3000GT8",
            "CapacityBytes": 8000000000000,
            "Status": {
                "State": "Enabled",
                "Health": "OK"
            }
        },
        {
            "Name": "SATA Bay 2",
            "Manufacturer": "Contoso",
            "Model": "3000GT7",
            "CapacityBytes": 4000000000000,
            "Status": {
                "State": "Degraded",
                "Health": "Warning"
            }
        },
        {
            "Name": "SATA Bay 3",
            "Status": {
                "State": "Absent"
            }
        },
        {
            "Name": "SATA Bay 4",
            "Status": {
                "State": "Absent"
            }
        }
    ],
    "@odata.context": "/redfish/v1/$metadata#SimpleStorage.SimpleStorage",
    "@odata.id": "/redfish/v1/Systems/437XR1138R2/SimpleStorage/1",
    "@Redfish.Copyright": "Copyright 2014-2017 Distributed Management Task Force, Inc. (DMTF). For the full DMTF copyright policy, see http://www.dmtf.org/about/policies/copyright."
}
