<?xml version="1.0" encoding="UTF-8"?>
<!-- Copyright 2014-2017 Distributed Management Task Force, Inc. (DMTF). For the full DMTF copyright policy, see http://www.dmtf.org/about/policies/copyright.-->
<edmx:Edmx xmlns:edmx="http://docs.oasis-open.org/odata/ns/edmx" Version="4.0">

  <edmx:Reference Uri="http://redfish.dmtf.org/schemas/v1/ServiceRoot_v1.xml">
    <edmx:Include Namespace="ServiceRoot"/>
    <edmx:Include Namespace="ServiceRoot.v1_2_0"/>
  </edmx:Reference>

  <edmx:Reference Uri="http://redfish.dmtf.org/schemas/v1/AccountService_v1.xml">
    <edmx:Include Namespace="AccountService"/>
    <edmx:Include Namespace="AccountService.v1_2_0"/>
  </edmx:Reference>
  <edmx:Reference Uri="http://redfish.dmtf.org/schemas/v1/Chassis_v1.xml">
    <edmx:Include Namespace="Chassis"/>
    <edmx:Include Namespace="Chassis.v1_5_0"/>
  </edmx:Reference>
  <edmx:Reference Uri="http://redfish.dmtf.org/schemas/v1/ChassisCollection_v1.xml">
    <edmx:Include Namespace="ChassisCollection"/>
  </edmx:Reference>
  <edmx:Reference Uri="http://redfish.dmtf.org/schemas/v1/Endpoint_v1.xml">
    <edmx:Include Namespace="Endpoint"/>
    <edmx:Include Namespace="Endpoint.v1_0_2"/>
  </edmx:Reference>
  <edmx:Reference Uri="http://redfish.dmtf.org/schemas/v1/EndpointCollection_v1.xml">
    <edmx:Include Namespace="EndpointCollection"/>
  </edmx:Reference>
  <edmx:Reference Uri="http://redfish.dmtf.org/schemas/v1/EthernetInterface_v1.xml">
    <edmx:Include Namespace="EthernetInterface"/>
    <edmx:Include Namespace="EthernetInterface.v1_3_0"/>
  </edmx:Reference>
  <edmx:Reference Uri="http://redfish.dmtf.org/schemas/v1/EthernetInterfaceCollection_v1.xml">
    <edmx:Include Namespace="EthernetInterfaceCollection"/>
  </edmx:Reference>
  <edmx:Reference Uri="http://redfish.dmtf.org/schemas/v1/EventDestination_v1.xml">
    <edmx:Include Namespace="EventDestination"/>
    <edmx:Include Namespace="EventDestination.v1_2_0"/>
  </edmx:Reference>
  <edmx:Reference Uri="http://redfish.dmtf.org/schemas/v1/EventDestinationCollection_v1.xml">
    <edmx:Include Namespace="EventDestinationCollection"/>
  </edmx:Reference>
  <edmx:Reference Uri="http://redfish.dmtf.org/schemas/v1/EventService_v1.xml">
    <edmx:Include Namespace="EventService"/>
    <edmx:Include Namespace="EventService.v1_0_4"/>
  </edmx:Reference>
  <edmx:Reference Uri="http://redfish.dmtf.org/schemas/v1/Fabric_v1.xml">
    <edmx:Include Namespace="Fabric"/>
    <edmx:Include Namespace="Fabric.v1_0_2"/>
  </edmx:Reference>
  <edmx:Reference Uri="http://redfish.dmtf.org/schemas/v1/FabricCollection_v1.xml">
    <edmx:Include Namespace="FabricCollection"/>
  </edmx:Reference>
  <edmx:Reference Uri="http://redfish.dmtf.org/schemas/v1/LogEntry_v1.xml">
    <edmx:Include Namespace="LogEntry"/>
    <edmx:Include Namespace="LogEntry.v1_2_0"/>
  </edmx:Reference>
  <edmx:Reference Uri="http://redfish.dmtf.org/schemas/v1/LogEntryCollection_v1.xml">
    <edmx:Include Namespace="LogEntryCollection"/>
  </edmx:Reference>
  <edmx:Reference Uri="http://redfish.dmtf.org/schemas/v1/LogService_v1.xml">
    <edmx:Include Namespace="LogService"/>
    <edmx:Include Namespace="LogService.v1_0_4"/>
  </edmx:Reference>
  <edmx:Reference Uri="http://redfish.dmtf.org/schemas/v1/LogServiceCollection_v1.xml">
    <edmx:Include Namespace="LogServiceCollection"/>
  </edmx:Reference>
  <edmx:Reference Uri="http://redfish.dmtf.org/schemas/v1/Manager_v1.xml">
    <edmx:Include Namespace="Manager"/>
    <edmx:Include Namespace="Manager.v1_3_1"/>
  </edmx:Reference>
  <edmx:Reference Uri="http://redfish.dmtf.org/schemas/v1/ManagerCollection_v1.xml">
    <edmx:Include Namespace="ManagerCollection"/>
  </edmx:Reference>
  <edmx:Reference Uri="http://redfish.dmtf.org/schemas/v1/ManagerAccount_v1.xml">
    <edmx:Include Namespace="ManagerAccount"/>
    <edmx:Include Namespace="ManagerAccount.v1_1_0"/>
  </edmx:Reference>
  <edmx:Reference Uri="http://redfish.dmtf.org/schemas/v1/ManagerAccountCollection_v1.xml">
    <edmx:Include Namespace="ManagerAccountCollection"/>
  </edmx:Reference>
  <edmx:Reference Uri="http://redfish.dmtf.org/schemas/v1/ManagerNetworkProtocol_v1.xml">
    <edmx:Include Namespace="ManagerNetworkProtocol"/>
    <edmx:Include Namespace="ManagerNetworkProtocol.v1_2_0"/>
  </edmx:Reference>
  <edmx:Reference Uri="http://redfish.dmtf.org/schemas/v1/Message_v1.xml">
    <edmx:Include Namespace="Message"/>
    <edmx:Include Namespace="Message.v1_0_0"/>
  </edmx:Reference>
  <edmx:Reference Uri="http://redfish.dmtf.org/schemas/v1/Port_v1.xml">
    <edmx:Include Namespace="Port"/>
    <edmx:Include Namespace="Port.v1_0_2"/>
  </edmx:Reference>
  <edmx:Reference Uri="http://redfish.dmtf.org/schemas/v1/PortCollection_v1.xml">
    <edmx:Include Namespace="PortCollection"/>
  </edmx:Reference>
  <edmx:Reference Uri="http://redfish.dmtf.org/schemas/v1/Power_v1.xml">
    <edmx:Include Namespace="Power"/>
    <edmx:Include Namespace="Power.v1_3_0"/>
  </edmx:Reference>
  <edmx:Reference Uri="http://redfish.dmtf.org/schemas/v1/Role_v1.xml">
    <edmx:Include Namespace="Role"/>
    <edmx:Include Namespace="Role.v1_1_0"/>
  </edmx:Reference>
  <edmx:Reference Uri="http://redfish.dmtf.org/schemas/v1/RoleCollection_v1.xml">
    <edmx:Include Namespace="RoleCollection"/>
  </edmx:Reference>
  <edmx:Reference Uri="http://redfish.dmtf.org/schemas/v1/Session_v1.xml">
    <edmx:Include Namespace="Session"/>
    <edmx:Include Namespace="Session.v1_1_0"/>
  </edmx:Reference>
  <edmx:Reference Uri="http://redfish.dmtf.org/schemas/v1/SessionCollection_v1.xml">
    <edmx:Include Namespace="SessionCollection"/>
  </edmx:Reference>
  <edmx:Reference Uri="http://redfish.dmtf.org/schemas/v1/SessionService_v1.xml">
    <edmx:Include Namespace="SessionService"/>
    <edmx:Include Namespace="SessionService.v1_1_2"/>
  </edmx:Reference>
  <edmx:Reference Uri="http://redfish.dmtf.org/schemas/v1/Switch_v1.xml">
    <edmx:Include Namespace="Switch"/>
    <edmx:Include Namespace="Switch.v1_0_2"/>
  </edmx:Reference>
  <edmx:Reference Uri="http://redfish.dmtf.org/schemas/v1/SwitchCollection_v1.xml">
    <edmx:Include Namespace="SwitchCollection"/>
  </edmx:Reference>
  <edmx:Reference Uri="http://redfish.dmtf.org/schemas/v1/Task_v1.xml">
    <edmx:Include Namespace="Task"/>
    <edmx:Include Namespace="Task.v1_1_0"/>
  </edmx:Reference>
  <edmx:Reference Uri="http://redfish.dmtf.org/schemas/v1/TaskCollection_v1.xml">
    <edmx:Include Namespace="TaskCollection"/>
  </edmx:Reference>
  <edmx:Reference Uri="http://redfish.dmtf.org/schemas/v1/TaskService_v1.xml">
    <edmx:Include Namespace="TaskService"/>
    <edmx:Include Namespace="TaskService.v1_1_0"/>
  </edmx:Reference>
  <edmx:Reference Uri="http://redfish.dmtf.org/schemas/v1/Thermal_v1.xml">
    <edmx:Include Namespace="Thermal"/>
    <edmx:Include Namespace="Thermal.v1_3_0"/>
  </edmx:Reference>
  <edmx:Reference Uri="http://redfish.dmtf.org/schemas/v1/VLanNetworkInterface_v1.xml">
    <edmx:Include Namespace="VLanNetworkInterface.v1_0_0"/>
  </edmx:Reference>
  <edmx:Reference Uri="http://redfish.dmtf.org/schemas/v1/Zone_v1.xml">
    <edmx:Include Namespace="Zone"/>
    <edmx:Include Namespace="Zone.v1_2_0"/>
  </edmx:Reference>
  <edmx:Reference Uri="http://redfish.dmtf.org/schemas/v1/ZoneCollection_v1.xml">
    <edmx:Include Namespace="ZoneCollection"/>
  </edmx:Reference>

  <edmx:Reference Uri="http://redfish.dmtf.org/schemas/v1/RedfishExtensions_v1.xml">
    <edmx:Include Namespace="RedfishExtensions.v1_0_0" Alias="Redfish"/>
  </edmx:Reference>

  <edmx:DataServices>

    <Schema xmlns="http://docs.oasis-open.org/odata/ns/edm" Namespace="Service">
      <EntityContainer Name="Service" Extends="ServiceRoot.v1_2_0.ServiceContainer"/>
    </Schema>

  </edmx:DataServices>
</edmx:Edmx>
