{
    "@odata.type": "#ComputerSystem.v1_4_0.ComputerSystem",
    "Id": "Capabilities",
    "Name": "Capabilities for the Zone",
    "Name@Redfish.RequiredOnCreate": true,
    "Name@Redfish.SetOnlyOnCreate": true,
    "Description@Redfish.OptionalOnCreate": true,
    "Description@Redfish.SetOnlyOnCreate": true,
    "HostName@Redfish.OptionalOnCreate": true,
    "HostName@Redfish.UpdatableAfterCreate": true,
    "Boot@Redfish.OptionalOnCreate": true,
    "Boot": {
        "BootSourceOverrideEnabled@Redfish.OptionalOnCreate": true,
        "BootSourceOverrideEnabled@Redfish.UpdatableAfterCreate": true,
        "BootSourceOverrideTarget@Redfish.OptionalOnCreate": true,
        "BootSourceOverrideTarget@Redfish.UpdatableAfterCreate": true,
        "BootSourceOverrideTarget@Redfish.AllowableValues": [
            "None",
            "Pxe",
            "Usb",
            "Hdd"
        ]
    },
    "Links@Redfish.RequiredOnCreate": true,
    "Links": {
        "ResourceBlocks@Redfish.RequiredOnCreate": true,
        "ResourceBlocks@Redfish.UpdatableAfterCreate": true
    },
    "@odata.context": "/redfish/v1/$metadata#ComputerSystem.ComputerSystem",
    "@odata.id": "/redfish/v1/Systems/Capabilities",
    "@Redfish.Copyright": "Copyright 2014-2017 Distributed Management Task Force, Inc. (DMTF). For the full DMTF copyright policy, see http://www.dmtf.org/about/policies/copyright."
}
