{
    "@odata.type": "#ManagerCollection.ManagerCollection",
    "Name": "Manager Collection",
    "Members@odata.count": 2,
    "Members": [
        {
            "@odata.id": "/redfish/v1/Managers/Switch1"
        },
        {
            "@odata.id": "/redfish/v1/Managers/Switch2"
        }
    ],
    "Oem": {},
    "@odata.context": "/redfish/v1/$metadata#ManagerCollection.ManagerCollection",
    "@odata.id": "/redfish/v1/Managers",
    "@Redfish.Copyright": "Copyright 2014-2016 Distributed Management Task Force, Inc. (DMTF). For the full DMTF copyright policy, see http://www.dmtf.org/about/policies/copyright."
}
