{
    "@odata.type": "#ResourceBlockCollection.ResourceBlockCollection",
    "Name": "MultiBlade Partitioning Resource Block Collection",
    "Members@odata.count": 8,
    "Members": [
        {
            "@odata.id": "/redfish/v1/CompositionService/ResourceBlocks/BladeComputeBlock1"
        },
        {
            "@odata.id": "/redfish/v1/CompositionService/ResourceBlocks/BladeComputeBlock2"
        },
        {
            "@odata.id": "/redfish/v1/CompositionService/ResourceBlocks/BladeComputeBlock3"
        },
        {
            "@odata.id": "/redfish/v1/CompositionService/ResourceBlocks/BladeComputeBlock4"
        },
        {
            "@odata.id": "/redfish/v1/CompositionService/ResourceBlocks/BladeComputeBlock5"
        },
        {
            "@odata.id": "/redfish/v1/CompositionService/ResourceBlocks/BladeComputeBlock6"
        },
        {
            "@odata.id": "/redfish/v1/CompositionService/ResourceBlocks/BladeComputeBlock7"
        },
        {
            "@odata.id": "/redfish/v1/CompositionService/ResourceBlocks/BladeStorageBlock8"
        }
    ],
    "@odata.context": "/redfish/v1/$metadata#ResourceBlockCollection.ResourceBlockCollection",
    "@odata.id": "/redfish/v1/CompositionService/ResourceBlocks",
    "@Redfish.Copyright": "Copyright 2014-2017 Distributed Management Task Force, Inc. (DMTF). For the full DMTF copyright policy, see http://www.dmtf.org/about/policies/copyright."
}
