{
    "@odata.type": "#FabricCollection.FabricCollection",
    "Name": "Fabric Collection",
    "Members@odata.count": 1,
    "Members": [
        {
            "@odata.id": "/redfish/v1/Fabrics/SAS"
        }
    ],
    "@odata.context": "/redfish/v1/$metadata#FabricCollection.FabricCollection",
    "@odata.id": "/redfish/v1/Fabrics",
    "@Redfish.Copyright": "Copyright 2014-2017 Distributed Management Task Force, Inc. (DMTF). For the full DMTF copyright policy, see http://www.dmtf.org/about/policies/copyright."
}
