<?xml version="1.0" encoding="UTF-8"?>
<!---->
<!--################################################################################       -->
<!--# Redfish Schema:  ChassisCollection-->
<!--#                                                                                      -->
<!--# For a detailed change log, see the README file contained in the DSP8010 bundle,      -->
<!--# available at http://www.dmtf.org/standards/redfish                                   -->
<!--# Copyright 2014-2016 Distributed Management Task Force, Inc. (DMTF).                  -->
<!--# For the full DMTF copyright policy, see http://www.dmtf.org/about/policies/copyright -->
<!--################################################################################       -->
<!---->
<edmx:Edmx xmlns:edmx="http://docs.oasis-open.org/odata/ns/edmx" Version="4.0">

  <edmx:Reference Uri="http://docs.oasis-open.org/odata/odata/v4.0/cs01/vocabularies/Org.OData.Core.V1.xml">
    <edmx:Include Namespace="Org.OData.Core.V1" Alias="OData"/>
  </edmx:Reference>
  <edmx:Reference Uri="http://redfish.dmtf.org/schemas/v1/Resource_v1.xml">
    <edmx:Include Namespace="Resource.v1_0_0" />
  </edmx:Reference>
  <edmx:Reference Uri="http://redfish.dmtf.org/schemas/v1/Chassis_v1.xml">
    <edmx:Include Namespace="Chassis"/>
  </edmx:Reference>
  
  <edmx:DataServices>

    <Schema xmlns="http://docs.oasis-open.org/odata/ns/edm" Namespace="ChassisCollection">

      <EntityType Name="ChassisCollection" BaseType="Resource.v1_0_0.ResourceCollection">
        <Annotation Term="OData.Description" String="A Collection of Chassis resource instances."/>
        <NavigationProperty Name="Members" Type="Collection(Chassis.Chassis)" Nullable="false">
          <Annotation Term="OData.Permissions" EnumMember="OData.Permission/Read"/>
          <Annotation Term="OData.Description" String="Contains the members of this collection."/>
          <Annotation Term="OData.AutoExpandReferences"/>
        </NavigationProperty>
      </EntityType>

    </Schema>
  </edmx:DataServices>
</edmx:Edmx>
