{
    "$schema": "http://redfish.dmtf.org/schemas/v1/redfish-schema.v1_1_0.json",
    "title": "#Resource.v1_1_0",
    "definitions": {
        "Resource": {

        },
        "ResourceCollection": {

        },
        "DurableNameFormat": {
            "type": "string",
            "enum": [
                "NAA",
                "iQN",
                "FC_WWN",
                "UUID",
                "EUI"
            ],
            "enumDescriptions": {
                "NAA": "Name Address Authority Format",
                "iQN": "iSCSI Qualified Name",
                "FC_WWN": "Fibre Channel World Wide Name",
                "UUID": "Universally Unique Identifier",
                "EUI": "IEEE-defined 64-bit Extended Unique Identifier"
            }
        },
        "Identifier": {
            "type": "object",
            "patternProperties": {
                "^([a-zA-Z_][a-zA-Z0-9_]*)?@(odata|Redfish|Message|Privileges)\\.[a-zA-Z_][a-zA-Z0-9_.]+$": {
                    "type": [
                        "array",
                        "boolean",
                        "number",
                        "null",
                        "object",
                        "string"
                    ],
                    "description": "This property shall specify a valid odata or Redfish property."
                }
            },
            "additionalProperties": false,
            "properties": {
                "DurableName": {
                    "type": [
                        "string",
                        "null"
                    ],
                    "readonly": true,
                    "description": "This indicates the world wide, persistent name of the resource.",
                    "longDescription": "This property shall contain the world wide unique identifier for the resource. The string shall be in the format described by the value of the Identifier.DurableNameFormat property"
                },
                "DurableNameFormat": {
                    "anyOf": [
                        {"$ref": "#/definitions/DurableNameFormat"},
                        {"type": "null"}
                    ],
                    "readonly": true,
                    "description": "This represents the format of the DurableName property.",
                    "longDescription": "This property shall represent the format of the DurableName property."
                }
            },
            "readonly": true
        },
        "IndicatorLED": {
            "type": "string",
            "enum": [
                "Lit",
                "Blinking",
                "Off"
            ],
            "enumDescriptions": {
                "Lit": "The Indicator LED is lit.",
                "Blinking": "The Indicator LED is blinking.",
                "Off": "The Indicator LED is off."
            }
        },
        "Location": {
            "type": "object",
            "patternProperties": {
                "^([a-zA-Z_][a-zA-Z0-9_]*)?@(odata|Redfish|Message|Privileges)\\.[a-zA-Z_][a-zA-Z0-9_.]+$": {
                    "type": [
                        "array",
                        "boolean",
                        "number",
                        "null",
                        "object",
                        "string"
                    ],
                    "description": "This property shall specify a valid odata or Redfish property."
                }
            },
            "additionalProperties": false,
            "properties": {
                "Info": {
                    "type": [
                        "string",
                        "null"
                    ],
                    "readonly": true,
                    "description": "This indicates the location of the resource.",
                    "longDescription": "This property shall represent the location of the resource."
                },
                "InfoFormat": {
                    "type": [
                        "string",
                        "null"
                    ],
                    "readonly": true,
                    "description": "This represents the format of the Info property.",
                    "longDescription": "This property shall represent the format of the Info property."
                },
                "Oem": {
                    "$ref": "http://redfish.dmtf.org/schemas/v1/Resource.json#/definitions/Oem"
                }
            },
            "readonly": true
        },
        "ReferenceableMember": {

        }
    },
    "copyright": "Copyright 2014-2016 Distributed Management Task Force, Inc. (DMTF). For the full DMTF copyright policy, see http://www.dmtf.org/about/policies/copyright"
}
