<?xml version="1.0" encoding="UTF-8"?>
<!---->
<!--################################################################################       -->
<!--# Redfish Schema:  SessionService  v1.0.2-->
<!--#                                                                                      -->
<!--# For a detailed change log, see the README file contained in the DSP8010 bundle,      -->
<!--# available at http://www.dmtf.org/standards/redfish                                   -->
<!--# Copyright 2014-2016 Distributed Management Task Force, Inc. (DMTF).                  -->
<!--# For the full DMTF copyright policy, see http://www.dmtf.org/about/policies/copyright -->
<!--################################################################################       -->
<!---->
<edmx:Edmx xmlns:edmx="http://docs.oasis-open.org/odata/ns/edmx" Version="4.0">

  <edmx:Reference Uri="http://docs.oasis-open.org/odata/odata/v4.0/cs01/vocabularies/Org.OData.Core.V1.xml">
    <edmx:Include Namespace="Org.OData.Core.V1" Alias="OData"/>
  </edmx:Reference>
  <edmx:Reference Uri="http://docs.oasis-open.org/odata/odata/v4.0/cs01/vocabularies/Org.OData.Measures.V1.xml">
    <edmx:Include Namespace="Org.OData.Measures.V1" Alias="Measures"/>
  </edmx:Reference>
  <edmx:Reference Uri="http://redfish.dmtf.org/schemas/v1/RedfishExtensions_v1.xml">
    <edmx:Include Namespace="RedfishExtensions.v1_0_0" Alias="Redfish"/>
    <edmx:Include Namespace="Validation.v1_0_0" Alias="Validation"/>
  </edmx:Reference>
  <edmx:Reference Uri="http://redfish.dmtf.org/schemas/v1/Resource_v1.xml">
    <edmx:Include Namespace="Resource"/>
    <edmx:Include Namespace="Resource.v1_0_0" />
  </edmx:Reference>
  <edmx:Reference Uri="http://redfish.dmtf.org/schemas/v1/SessionCollection_v1.xml">
    <edmx:Include Namespace="SessionCollection"/>
  </edmx:Reference>

  <edmx:DataServices>

    <Schema xmlns="http://docs.oasis-open.org/odata/ns/edm" Namespace="SessionService">

      <EntityType Name="SessionService" BaseType="Resource.v1_0_0.Resource" Abstract="true">
        <Annotation Term="OData.Description" String="This is the schema definition for the Session Service.  It represents the properties for the service itself and has links to the actual list of sessions."/>
        <Annotation Term="OData.LongDescription" String="This resource shall be used to represent the Session Service Properties for a Redfish implementation."/>
      </EntityType>

    </Schema>

    <Schema xmlns="http://docs.oasis-open.org/odata/ns/edm" Namespace="SessionService.v1_0_0">

      <EntityType Name="SessionService" BaseType="SessionService.SessionService">
        <Annotation Term="OData.Description" String="This is the schema definition for the Session Service.  It represents the properties for the service itself and has links to the actual list of sessions."/>
        <Annotation Term="OData.LongDescription" String="This resource shall be used to represent the Session Service Properties for a Redfish implementation."/>
        <Property Name="Status" Type="Resource.Status" Nullable="false"/>
        <Property Name="ServiceEnabled" Type="Edm.Boolean">
          <Annotation Term="OData.Description" String="This indicates whether this service is enabled."/>
          <Annotation Term="OData.LongDescription" String="The value of this property shall be a boolean indicating whether this service is enabled."/>
        </Property>
        <Property Name="SessionTimeout" Type="Edm.Int64" Nullable="false">
          <Annotation Term="OData.Permissions" EnumMember="OData.Permission/ReadWrite"/>
          <Annotation Term="OData.Description" String="This is the number of seconds of inactivity that a session may have before the session service closes the session due to inactivity."/>
          <Annotation Term="OData.LongDescription" String="This property shall reference the threshold of time in seconds between requests on a specific session at which point the session service shall close the session due to inactivity. The session service shall support any value between the Validation.Minimum and Validation.Maximum."/>
          <Annotation Term="Validation.Minimum" Int="30"/>
          <Annotation Term="Validation.Maximum" Int="86400"/>
          <Annotation Term="Measures.Unit" String="s"/>
        </Property>
        <NavigationProperty Name="Sessions" Type="SessionCollection.SessionCollection" Nullable="false">
          <Annotation Term="OData.Permissions" EnumMember="OData.Permission/Read"/>
          <Annotation Term="OData.Description" String="Link to a collection of Sessions"/>
          <Annotation Term="OData.LongDescription" String="This property shall contain the link to a collection of Sessions."/>
          <Annotation Term="OData.AutoExpandReferences"/>
        </NavigationProperty>
      </EntityType>
    </Schema>

    <Schema xmlns="http://docs.oasis-open.org/odata/ns/edm" Namespace="SessionService.v1_0_2">
      <EntityType Name="SessionService" BaseType="SessionService.v1_0_0.SessionService"/>
    </Schema>

  </edmx:DataServices>
</edmx:Edmx>
