<?xml version="1.0" encoding="UTF-8"?>
<!---->
<!--################################################################################       -->
<!--# Redfish Schema:  TaskService  v1.0.2-->
<!--#                                                                                      -->
<!--# For a detailed change log, see the README file contained in the DSP8010 bundle,      -->
<!--# available at http://www.dmtf.org/standards/redfish                                   -->
<!--# Copyright 2014-2016 Distributed Management Task Force, Inc. (DMTF).                  -->
<!--# For the full DMTF copyright policy, see http://www.dmtf.org/about/policies/copyright -->
<!--################################################################################       -->
<!---->
<edmx:Edmx xmlns:edmx="http://docs.oasis-open.org/odata/ns/edmx" Version="4.0">

  <edmx:Reference Uri="http://docs.oasis-open.org/odata/odata/v4.0/cs01/vocabularies/Org.OData.Core.V1.xml">
    <edmx:Include Namespace="Org.OData.Core.V1" Alias="OData"/>
  </edmx:Reference>
  <edmx:Reference Uri="http://redfish.dmtf.org/schemas/v1/RedfishExtensions_v1.xml">
    <edmx:Include Namespace="RedfishExtensions.v1_0_0" Alias="Redfish"/>
    <edmx:Include Namespace="Validation.v1_0_0" Alias="Validation"/>
  </edmx:Reference>
  <edmx:Reference Uri="http://redfish.dmtf.org/schemas/v1/Resource_v1.xml">
    <edmx:Include Namespace="Resource"/>
    <edmx:Include Namespace="Resource.v1_0_0" />
  </edmx:Reference>
  <edmx:Reference Uri="http://redfish.dmtf.org/schemas/v1/TaskCollection_v1.xml">
    <edmx:Include Namespace="TaskCollection"/>
  </edmx:Reference>

  <edmx:DataServices>
    <Schema xmlns="http://docs.oasis-open.org/odata/ns/edm" Namespace="TaskService">

      <EntityType Name="TaskService" BaseType="Resource.v1_0_0.Resource" Abstract="true">
        <Annotation Term="OData.Description" String="The Task Service of a Redfish service allows scheduling and execution of long-duration processes.  It represents the properties for the Task Service itself and has links to the actual collection of Task resources."/>
        <Annotation Term="OData.LongDescription" String="This resource shall be used to represent a task service for a Redfish implementation."/>
      </EntityType>

    </Schema>

    <Schema xmlns="http://docs.oasis-open.org/odata/ns/edm" Namespace="TaskService.v1_0_0">

      <EntityType Name="TaskService" BaseType="TaskService.TaskService">
        <Annotation Term="OData.Description" String="This is the schema definition for the Task Service.  It represents the properties for the service itself and has links to the actual list of tasks."/>
        <Annotation Term="OData.LongDescription" String="This resource shall be used to represent a task service for a Redfish implementation."/>
        <Property Name="CompletedTaskOverWritePolicy" Type="TaskService.v1_0_0.OverWritePolicy" Nullable="false">
          <Annotation Term="OData.Permissions" EnumMember="OData.Permission/Read"/>
          <Annotation Term="OData.Description" String="Overwrite policy of completed tasks"/>
          <Annotation Term="OData.LongDescription" String="The value of this property shall indicate how completed tasks are handled should the task service need to track more tasks."/>
        </Property>
        <Property Name="DateTime" Type="Edm.DateTimeOffset">
          <Annotation Term="OData.Permissions" EnumMember="OData.Permission/Read"/>
          <Annotation Term="OData.Description" String="The current DateTime (with offset) setting that the task service is using."/>
          <Annotation Term="OData.LongDescription" String="The value of this property shall represent the current DateTime value for the TaskService, with offset from UTC, in Redfish Timestamp format."/>
        </Property>
        <Property Name="LifeCycleEventOnTaskStateChange" Type="Edm.Boolean" Nullable="false">
          <Annotation Term="OData.Permissions" EnumMember="OData.Permission/Read"/>
          <Annotation Term="OData.Description" String="Send an Event upon Task State Change."/>
          <Annotation Term="OData.LongDescription" String="The value of this property, if set to true, shall indicate that the service shall send a LifeCycle event to ListenerDestinations registered for such events upon change of task state."/>
        </Property>
        <Property Name="ServiceEnabled" Type="Edm.Boolean">
          <Annotation Term="OData.Description" String="This indicates whether this service is enabled."/>
          <Annotation Term="OData.LongDescription" String="The value of this property shall be a boolean indicating whether this service is enabled."/>
        </Property>
        <Property Name="Status" Type="Resource.Status" Nullable="false"/>
        <NavigationProperty Name="Tasks" Type="TaskCollection.TaskCollection" Nullable="false">
          <Annotation Term="OData.Permissions" EnumMember="OData.Permission/Read"/>
          <Annotation Term="OData.Description" String="References to the Tasks collection."/>
          <Annotation Term="OData.LongDescription" String="The value of this property shall be a link to a resource of type TaskCollection."/>
          <Annotation Term="OData.AutoExpandReferences"/>
        </NavigationProperty>
      </EntityType>

      <EnumType Name="OverWritePolicy">
        <Member Name="Manual">
          <Annotation Term="OData.Description" String="Completed tasks are not automatically overwritten"/>
        </Member>
        <Member Name="Oldest">
          <Annotation Term="OData.Description" String="Oldest completed tasks are overwritten"/>
        </Member>
      </EnumType>

    </Schema>

    <Schema xmlns="http://docs.oasis-open.org/odata/ns/edm" Namespace="TaskService.v1_0_2">
      <EntityType Name="TaskService" BaseType="TaskService.v1_0_0.TaskService"/>
    </Schema>

  </edmx:DataServices>
</edmx:Edmx>
