<?xml version="1.0" encoding="UTF-8"?>
<!---->
<!--################################################################################       -->
<!--# Redfish Schema:  VLanNetworkInterface  v1.0.2  -->
<!--#                                                                                      -->
<!--# For a detailed change log, see the README file contained in the DSP8010 bundle,      -->
<!--# available at http://www.dmtf.org/standards/redfish                                   -->
<!--# Copyright 2014-2016 Distributed Management Task Force, Inc. (DMTF).                  -->
<!--# For the full DMTF copyright policy, see http://www.dmtf.org/about/policies/copyright -->
<!--################################################################################       -->
<!---->
<edmx:Edmx xmlns:edmx="http://docs.oasis-open.org/odata/ns/edmx" Version="4.0">

  <edmx:Reference Uri="http://docs.oasis-open.org/odata/odata/v4.0/cs01/vocabularies/Org.OData.Core.V1.xml">
    <edmx:Include Namespace="Org.OData.Core.V1" Alias="OData"/>
  </edmx:Reference>
  <edmx:Reference Uri="http://redfish.dmtf.org/schemas/v1/RedfishExtensions_v1.xml">
    <edmx:Include Namespace="RedfishExtensions.v1_0_0" Alias="Redfish"/>
    <edmx:Include Namespace="Validation.v1_0_0" Alias="Validation"/>
  </edmx:Reference>
  <edmx:Reference Uri="http://redfish.dmtf.org/schemas/v1/Resource_v1.xml">
    <edmx:Include Namespace="Resource.v1_0_0" />
  </edmx:Reference>

  <edmx:DataServices>

    <Schema xmlns="http://docs.oasis-open.org/odata/ns/edm" Namespace="VLanNetworkInterface">

      <EntityType Name="VLanNetworkInterface" BaseType="Resource.v1_0_0.Resource" Abstract="true">
        <Annotation Term="OData.Description" String="This resource contains information for a Virtual LAN (VLAN) network instance available on a manager, system or other device."/>
      </EntityType>

    </Schema>

    <Schema xmlns="http://docs.oasis-open.org/odata/ns/edm" Namespace="VLanNetworkInterface.v1_0_0">

      <EntityType Name="VLanNetworkInterface" BaseType="VLanNetworkInterface.VLanNetworkInterface">
        <Property Name="VLANEnable" Type="Edm.Boolean">
          <Annotation Term="Redfish.RequiredOnCreate"/>
          <Annotation Term="OData.Description" String="This indicates if this VLAN is enabled."/>
          <Annotation Term="OData.LongDescription" String="The value of this property shall be used to indicate if this VLAN is enabled for this interface."/>
        </Property>
        <Property Name="VLANId" Type="VLanNetworkInterface.v1_0_0.VLANId">
          <Annotation Term="Redfish.RequiredOnCreate"/>
          <Annotation Term="OData.Description" String="This indicates the VLAN identifier for this VLAN."/>
          <Annotation Term="OData.LongDescription" String="The value of this property shall be used to indicate the VLAN identifier for this VLAN."/>
        </Property>
      </EntityType>

      <ComplexType Name="VLAN">
        <Annotation Term="OData.AdditionalProperties" Bool="false"/>
        <Property Name="VLANEnable" Type="Edm.Boolean">
          <Annotation Term="Redfish.RequiredOnCreate"/>
          <Annotation Term="OData.Description" String="This indicates if this VLAN is enabled."/>
          <Annotation Term="OData.LongDescription" String="The value of this property shall be used to indicate if this VLAN is enabled for this interface."/>
        </Property>
        <Property Name="VLANId" Type="VLanNetworkInterface.v1_0_0.VLANId">
          <Annotation Term="Redfish.RequiredOnCreate"/>
          <Annotation Term="OData.Description" String="This indicates the VLAN identifier for this VLAN."/>
          <Annotation Term="OData.LongDescription" String="The value of this property shall be used to indicate the VLAN identifier for this VLAN."/>
        </Property>
      </ComplexType>

      <TypeDefinition Name="VLANId" UnderlyingType="Edm.Int64">
        <Annotation Term="Validation.Minimum" Int="0"/>
        <Annotation Term="Validation.Maximum" Int="4094"/>
      </TypeDefinition>

    </Schema>

    <Schema xmlns="http://docs.oasis-open.org/odata/ns/edm" Namespace="VLanNetworkInterface.v1_0_1">
      <EntityType Name="VLanNetworkInterface" BaseType="VLanNetworkInterface.v1_0_0.VLanNetworkInterface"/>
    </Schema>

    <Schema xmlns="http://docs.oasis-open.org/odata/ns/edm" Namespace="VLanNetworkInterface.v1_0_2">
      <EntityType Name="VLanNetworkInterface" BaseType="VLanNetworkInterface.v1_0_1.VLanNetworkInterface"/>
    </Schema>

  </edmx:DataServices>
</edmx:Edmx>
