{
    "@odata.type": "#ManagerCollection.ManagerCollection",
    "Name": "Manager Collection",
    "Members@odata.count": 5,
    "Members": [
        {
            "@odata.id": "/redfish/v1/Managers/MultiBladeBMC"
        },
        {
            "@odata.id": "/redfish/v1/Managers/Blade1BMC"
        },
        {
            "@odata.id": "/redfish/v1/Managers/Blade2BMC"
        },
        {
            "@odata.id": "/redfish/v1/Managers/Blade3BMC"
        },
        {
            "@odata.id": "/redfish/v1/Managers/Blade4BMC"
        }
    ],
    "@odata.context": "/redfish/v1/$metadata#Managers",
    "@odata.id": "/redfish/v1/Managers",
    "@Redfish.Copyright": "Copyright 2014-2016 Distributed Management Task Force, Inc. (DMTF). For the full DMTF copyright policy, see http://www.dmtf.org/about/policies/copyright."
}
