{
    "@odata.type": "#Chassis.v1_5_0.Chassis",
    "Id": "Blade4",
    "Name": "Blade",
    "ChassisType": "Blade",
    "Manufacturer": "Contoso",
    "Model": "SX1000",
    "SKU": "6914260",
    "SerialNumber": "529QB9453R6",
    "PartNumber": "166480-S23",
    "PowerState": "On",
    "IndicatorLED": "Off",
    "Status": {
        "State": "Enabled",
        "Health": "OK"
    },
    "Location": {
        "PartLocation": {
            "ServiceLabel": "Blade 4",
            "LocationType": "Slot",
            "LocationOrdinalValue": 3,
            "Reference": "Front",
            "Orientation": "LeftToRight"
        }
    },
    "Thermal": {
        "@odata.id": "/redfish/v1/Chassis/Blade4/Thermal"
    },
    "Links": {
        "ComputerSystems": [
            {
                "@odata.id": "/redfish/v1/Systems/529QB9453R6"
            }
        ],
        "ManagedBy": [
            {
                "@odata.id": "/redfish/v1/Managers/Blade4BMC"
            }
        ],
        "ContainedBy": {
            "@odata.id": "/redfish/v1/Chassis/MultiBladeEncl"
        },
        "CooledBy": [
            {
                "@odata.id": "/redfish/v1/Chassis/MultiBladeEncl/Thermal#/Fans/0"
            },
            {
                "@odata.id": "/redfish/v1/Chassis/MultiBladeEncl/Thermal#/Fans/1"
            },
            {
                "@odata.id": "/redfish/v1/Chassis/MultiBladeEncl/Thermal#/Fans/2"
            },
            {
                "@odata.id": "/redfish/v1/Chassis/MultiBladeEncl/Thermal#/Fans/3"
            }
        ],
        "PoweredBy": [
            {
                "@odata.id": "/redfish/v1/Chassis/MultiBladeEncl/Power#/PowerSupplies/0"
            },
            {
                "@odata.id": "/redfish/v1/Chassis/MultiBladeEncl/Power#/PowerSupplies/1"
            }
        ]
    },
    "@odata.context": "/redfish/v1/$metadata#Chassis.Chassis",
    "@odata.id": "/redfish/v1/Chassis/Blade4",
    "@Redfish.Copyright": "Copyright 2014-2017 Distributed Management Task Force, Inc. (DMTF). For the full DMTF copyright policy, see http://www.dmtf.org/about/policies/copyright."
}
