{
    "@odata.type": "#ChassisCollection.ChassisCollection",
    "Name": "MultiBlade Enclosure Chassis Collection",
    "Members@odata.count": 9,
    "Members": [
        {
            "@odata.id": "/redfish/v1/Chassis/Enclosure"
        },
        {
            "@odata.id": "/redfish/v1/Chassis/Blade1"
        },
        {
            "@odata.id": "/redfish/v1/Chassis/Blade2"
        },
        {
            "@odata.id": "/redfish/v1/Chassis/Blade3"
        },
        {
            "@odata.id": "/redfish/v1/Chassis/Blade4"
        },
        {
            "@odata.id": "/redfish/v1/Chassis/Blade5"
        },
        {
            "@odata.id": "/redfish/v1/Chassis/Blade6"
        },
        {
            "@odata.id": "/redfish/v1/Chassis/Blade7"
        },
        {
            "@odata.id": "/redfish/v1/Chassis/Blade8"
        }
    ],
    "@odata.context": "/redfish/v1/$metadata#ChassisCollection.ChassisCollection",
    "@odata.id": "/redfish/v1/Chassis",
    "@Redfish.Copyright": "Copyright 2014-2017 Distributed Management Task Force, Inc. (DMTF). For the full DMTF copyright policy, see http://www.dmtf.org/about/policies/copyright."
}
