{
    "@odata.type": "#SimpleStorage.v1_2_0.SimpleStorage",
    "Id": "Block7SASTray",
    "Name": "SAS Simple Storage",
    "Status": {
        "State": "Enabled",
        "Health": "OK"
    },
    "Devices": [
        {
            "Name": "SAS Drive Bay 0",
            "Status": {
                "State": "Enabled",
                "Health": "OK"
            },
            "Manufacturer": "Contoso",
            "Model": "SASGB1024",
            "CapacityBytes": 1099511627776
        },
        {
            "Name": "SAS Drive Bay 1",
            "Status": {
                "State": "Enabled",
                "Health": "OK"
            },
            "Manufacturer": "Contoso",
            "Model": "SASGB1024",
            "CapacityBytes": 1099511627776
        },
        {
            "Name": "SAS Drive Bay 2",
            "Status": {
                "State": "Enabled",
                "Health": "OK"
            },
            "Manufacturer": "Contoso",
            "Model": "SASGB1024",
            "CapacityBytes": 1099511627776
        },
        {
            "Name": "SAS Drive Bay 3",
            "Status": {
                "State": "Enabled",
                "Health": "OK"
            },
            "Manufacturer": "Contoso",
            "Model": "SASGB1024",
            "CapacityBytes": 1099511627776
        }
    ],
    "Links": {
        "Chassis": {
            "@odata.id": "/redfish/v1/Chassis/ComposableModule4"
        }
    },
    "@odata.context": "/redfish/v1/$metadata#SimpleStorage.SimpleStorage",
    "@odata.id": "/redfish/v1/CompositionService/ResourceBlocks/DriveBlock7/SimpleStorage/Block7SASTray",
    "@Redfish.Copyright": "Copyright 2014-2017 Distributed Management Task Force, Inc. (DMTF). For the full DMTF copyright policy, see http://www.dmtf.org/about/policies/copyright."
}
