<?xml version="1.0" encoding="UTF-8"?>
<!---->
<!--################################################################################       -->
<!--# Redfish Schema:  EventDestination  v1.2.0-->
<!--#                                                                                      -->
<!--# For a detailed change log, see the README file contained in the DSP8010 bundle,      -->
<!--# available at http://www.dmtf.org/standards/redfish                                   -->
<!--# Copyright 2014-2017 Distributed Management Task Force, Inc. (DMTF).                  -->
<!--# For the full DMTF copyright policy, see http://www.dmtf.org/about/policies/copyright -->
<!--################################################################################       -->
<!---->
<edmx:Edmx xmlns:edmx="http://docs.oasis-open.org/odata/ns/edmx" Version="4.0">

  <edmx:Reference Uri="http://docs.oasis-open.org/odata/odata/v4.0/errata03/csd01/complete/vocabularies/Org.OData.Core.V1.xml">
    <edmx:Include Namespace="Org.OData.Core.V1" Alias="OData"/>
  </edmx:Reference>
  <edmx:Reference Uri="http://docs.oasis-open.org/odata/odata/v4.0/errata03/csd01/complete/vocabularies/Org.OData.Capabilities.V1.xml">
    <edmx:Include Namespace="Org.OData.Capabilities.V1" Alias="Capabilities"/>
  </edmx:Reference>
  <edmx:Reference Uri="http://redfish.dmtf.org/schemas/v1/RedfishExtensions_v1.xml">
    <edmx:Include Namespace="RedfishExtensions.v1_0_0" Alias="Redfish"/>
  </edmx:Reference>
  <edmx:Reference Uri="http://redfish.dmtf.org/schemas/v1/Resource_v1.xml">
    <edmx:Include Namespace="Resource"/>
    <edmx:Include Namespace="Resource.v1_0_0"/>
  </edmx:Reference>
  <edmx:Reference Uri="http://redfish.dmtf.org/schemas/v1/Event_v1.xml">
    <edmx:Include Namespace="Event.v1_0_0"/>
  </edmx:Reference>

  <edmx:DataServices>

    <Schema xmlns="http://docs.oasis-open.org/odata/ns/edm" Namespace="EventDestination">

      <EntityType Name="EventDestination" BaseType="Resource.v1_0_0.Resource" Abstract="true">
        <Annotation Term="OData.Description" String="An Event Destination desribes the target of an event subscription, including the types of events subscribed and context to provide to the target in the Event payload."/>
        <Annotation Term="Capabilities.InsertRestrictions">
          <Record>
            <PropertyValue Property="Insertable" Bool="false"/>
          </Record>
        </Annotation>
        <Annotation Term="Capabilities.UpdateRestrictions">
          <Record>
            <PropertyValue Property="Updatable" Bool="true"/>
            <Annotation Term="OData.Description" String="An Event Destination can be updated to change the Context and other writable properties."/>
          </Record>
        </Annotation>
        <Annotation Term="Capabilities.DeleteRestrictions">
          <Record>
            <PropertyValue Property="Deletable" Bool="false"/>
          </Record>
        </Annotation>
      </EntityType>

    </Schema>

    <Schema xmlns="http://docs.oasis-open.org/odata/ns/edm" Namespace="EventDestination.v1_0_0">

      <EntityType Name="EventDestination" BaseType="EventDestination.EventDestination">
        <Property Name="Destination" Type="Edm.String" Nullable="false">
          <Annotation Term="Redfish.RequiredOnCreate"/>
          <Annotation Term="OData.Permissions" EnumMember="OData.Permission/Read"/>
          <Annotation Term="OData.Description" String="The URI of the destination Event Service."/>
          <Annotation Term="OData.LongDescription" String="This property shall contain a URI to the destination where the events will be sent."/>
          <Annotation Term="OData.IsURL"/>
        </Property>
        <Property Name="EventTypes" Type="Collection(Event.v1_0_0.EventType)" Nullable="false">
          <Annotation Term="Redfish.RequiredOnCreate"/>
          <Annotation Term="OData.Permissions" EnumMember="OData.Permission/Read"/>
          <Annotation Term="OData.Description" String="This property shall contain the types of events that shall be sent to the desination."/>
        </Property>
        <Property Name="Context" Type="Edm.String">
          <Annotation Term="Redfish.Required"/>
          <Annotation Term="OData.Permissions" EnumMember="OData.Permission/ReadWrite"/>
          <Annotation Term="OData.Description" String="A client-supplied string that is stored with the event destination subscription."/>
          <Annotation Term="OData.LongDescription" String="This property shall contain a client supplied context that will remain with the connection through the connections lifetime."/>
        </Property>
        <Property Name="Protocol" Type="EventDestination.v1_0_0.EventDestinationProtocol" Nullable="false">
          <Annotation Term="Redfish.RequiredOnCreate"/>
          <Annotation Term="OData.Permissions" EnumMember="OData.Permission/Read"/>
          <Annotation Term="OData.Description" String="The protocol type of the event connection."/>
          <Annotation Term="OData.LongDescription" String="This property shall contain the protocol type that the event will use for sending the event to the destination.  A value of Redfish shall be used to indicate that the event type shall adhere to that defined in the Redfish specification."/>
        </Property>
        <Property Name="HttpHeaders" Type="Collection(EventDestination.v1_0_0.HttpHeaderProperty)" Nullable="false">
          <Annotation Term="OData.Description" String="This is for setting HTTP headers, such as authorization information.  This object will be null on a GET."/>
          <Annotation Term="OData.LongDescription" String="This property shall contain an object consisting of the names and values of of HTTP header to be included with every event POST to the Event Destination.  This property shall be null on a GET."/>
        </Property>
      </EntityType>

      <EnumType Name="EventDestinationProtocol">
        <Member Name="Redfish"/>
      </EnumType>

      <ComplexType Name="HttpHeaderProperty">
        <Annotation Term="OData.AdditionalProperties" Bool="false"/>
        <Annotation Term="OData.Description" String="The value of the HTTP header is the property value.  The header name is the property name."/>
        <Annotation Term="OData.LongDescription" String="This type shall a names and value of an HTTP header to be included with every event POST to the Event Destination."/>
        <Annotation Term="Redfish.DynamicPropertyPatterns">
          <Collection>
            <Record>
              <PropertyValue Property="Pattern" String="^[^:\\s]+$"/>
              <PropertyValue Property="Type" String="Edm.String"/>
            </Record>
          </Collection>
        </Annotation>
      </ComplexType>

    </Schema>

    <Schema xmlns="http://docs.oasis-open.org/odata/ns/edm" Namespace="EventDestination.v1_0_2">
      <Annotation Term="OData.Description" String="This version was created to show annotations in previous namespaces were updated."/>
      <EntityType Name="EventDestination" BaseType="EventDestination.v1_0_0.EventDestination"/>
    </Schema>

    <Schema xmlns="http://docs.oasis-open.org/odata/ns/edm" Namespace="EventDestination.v1_0_3">
      <Annotation Term="OData.Description" String="This version was created to add explicit Permissions annotations to all properties for clarity."/>
      <EntityType Name="EventDestination" BaseType="EventDestination.v1_0_2.EventDestination"/>
    </Schema>

    <Schema xmlns="http://docs.oasis-open.org/odata/ns/edm" Namespace="EventDestination.v1_0_4">
      <Annotation Term="OData.Description" String="This version was created to show annotations in previous namespaces were updated."/>
      <EntityType Name="EventDestination" BaseType="EventDestination.v1_0_3.EventDestination"/>
    </Schema>

    <Schema xmlns="http://docs.oasis-open.org/odata/ns/edm" Namespace="EventDestination.v1_1_0">
      <EntityType Name="EventDestination" BaseType="EventDestination.v1_0_2.EventDestination">
        <NavigationProperty Name="OriginResources" Type="Collection(Resource.Item)">
          <Annotation Term="OData.Permissions" EnumMember="OData.Permission/Read"/>
          <Annotation Term="OData.Description" String="A list of resources for which the service will only send related events."/>
          <Annotation Term="OData.LongDescription" String="The value of this property shall specify an array of Referenceable Members that are the only allowable values for the OriginOfCondition property within an EventRecord sent to the subscriber.  Events originating from Referenceable Members not contained in this array shall not be sent to the subscriber."/>
        </NavigationProperty>
        <Property Name="MessageIds" Type="Collection(Edm.String)">
          <Annotation Term="OData.Permissions" EnumMember="OData.Permission/Read"/>
          <Annotation Term="OData.Description" String="A list of MessageIds that the service will only send."/>
          <Annotation Term="OData.LongDescription" String="The value of this property shall specify an array of MessageIds that are the only allowable values for the MessageId property within an EventRecord sent to the subscriber.  Events with MessageIds not contained in this array shall not be sent to the subscriber."/>
        </Property>
      </EntityType>
    </Schema>

    <Schema xmlns="http://docs.oasis-open.org/odata/ns/edm" Namespace="EventDestination.v1_1_1">
      <Annotation Term="OData.Description" String="This version was created to add explicit Permissions annotations to all properties for clarity."/>
      <EntityType Name="EventDestination" BaseType="EventDestination.v1_1_0.EventDestination"/>
    </Schema>

    <Schema xmlns="http://docs.oasis-open.org/odata/ns/edm" Namespace="EventDestination.v1_1_2">
      <Annotation Term="OData.Description" String="This version was created to show annotations in previous namespaces were updated."/>
      <EntityType Name="EventDestination" BaseType="EventDestination.v1_1_1.EventDestination"/>
    </Schema>

    <Schema xmlns="http://docs.oasis-open.org/odata/ns/edm" Namespace="EventDestination.v1_2_0">
      <EntityType Name="EventDestination" BaseType="EventDestination.v1_1_2.EventDestination">
        <Property Name="Actions" Type="EventDestination.v1_2_0.Actions" Nullable="false">
          <Annotation Term="OData.Description" String="The available actions for this resource."/>
          <Annotation Term="OData.LongDescription" String="The Actions property shall contain the available actions for this resource."/>
        </Property>
      </EntityType>

      <ComplexType Name="Actions">
        <Annotation Term="OData.AdditionalProperties" Bool="false"/>
        <Annotation Term="OData.Description" String="The available actions for this resource."/>
        <Annotation Term="OData.LongDescription" String="This type shall contain the available actions for this resource."/>
        <Property Name="Oem" Type="EventDestination.v1_2_0.OemActions" Nullable="false"/>
      </ComplexType>

      <ComplexType Name="OemActions">
        <Annotation Term="OData.AdditionalProperties" Bool="true"/>
        <Annotation Term="OData.Description" String="The available OEM specific actions for this resource."/>
        <Annotation Term="OData.LongDescription" String="This type shall contain any additional OEM actions for this resource."/>
      </ComplexType>
    </Schema>

  </edmx:DataServices>
</edmx:Edmx>
