<?xml version="1.0" encoding="UTF-8"?>
<!---->
<!--################################################################################       -->
<!--# Redfish Schema:  HostInterface  v1.1.0-->
<!--#                                                                                      -->
<!--# For a detailed change log, see the README file contained in the DSP8010 bundle,      -->
<!--# available at http://www.dmtf.org/standards/redfish                                   -->
<!--# Copyright 2014-2017 Distributed Management Task Force, Inc. (DMTF).                  -->
<!--# For the full DMTF copyright policy, see http://www.dmtf.org/about/policies/copyright -->
<!--################################################################################       -->
<!---->
<edmx:Edmx xmlns:edmx="http://docs.oasis-open.org/odata/ns/edmx" Version="4.0">

  <edmx:Reference Uri="http://docs.oasis-open.org/odata/odata/v4.0/errata03/csd01/complete/vocabularies/Org.OData.Core.V1.xml">
    <edmx:Include Namespace="Org.OData.Core.V1" Alias="OData"/>
  </edmx:Reference>
  <edmx:Reference Uri="http://docs.oasis-open.org/odata/odata/v4.0/errata03/csd01/complete/vocabularies/Org.OData.Capabilities.V1.xml">
    <edmx:Include Namespace="Org.OData.Capabilities.V1" Alias="Capabilities"/>
  </edmx:Reference>
  <edmx:Reference Uri="http://redfish.dmtf.org/schemas/v1/Resource_v1.xml">
    <edmx:Include Namespace="Resource"/>
    <edmx:Include Namespace="Resource.v1_0_0"/>
  </edmx:Reference>
  <edmx:Reference Uri="http://redfish.dmtf.org/schemas/v1/ComputerSystem_v1.xml">
    <edmx:Include Namespace="ComputerSystem"/>
  </edmx:Reference>
  <edmx:Reference Uri="http://redfish.dmtf.org/schemas/v1/EthernetInterface_v1.xml">
    <edmx:Include Namespace="EthernetInterface"/>
  </edmx:Reference>
  <edmx:Reference Uri="http://redfish.dmtf.org/schemas/v1/EthernetInterfaceCollection_v1.xml">
    <edmx:Include Namespace="EthernetInterfaceCollection"/>
  </edmx:Reference>
  <edmx:Reference Uri="http://redfish.dmtf.org/schemas/v1/ManagerNetworkProtocol_v1.xml">
    <edmx:Include Namespace="ManagerNetworkProtocol"/>
  </edmx:Reference>
  <edmx:Reference Uri="http://redfish.dmtf.org/schemas/v1/Role_v1.xml">
    <edmx:Include Namespace="Role"/>
  </edmx:Reference>

  <edmx:DataServices>

    <Schema xmlns="http://docs.oasis-open.org/odata/ns/edm" Namespace="HostInterface">

      <EntityType Name="HostInterface" BaseType="Resource.v1_0_0.Resource" Abstract="true">
        <Annotation Term="OData.Description" String="Contains the properties needed to describe and configure a single, Host Interface."/>
        <Annotation Term="OData.LongDescription" String="This resource shall be used to represent Host Interface resources as part of the Redfish specification."/>
        <Annotation Term="Capabilities.InsertRestrictions">
          <Record>
            <PropertyValue Property="Insertable" Bool="false"/>
          </Record>
        </Annotation>
        <Annotation Term="Capabilities.UpdateRestrictions">
          <Record>
            <PropertyValue Property="Updatable" Bool="true"/>
            <Annotation Term="OData.Description" String="A Host Interface can be updated to change authentication settings and other writable properties."/>
          </Record>
        </Annotation>
        <Annotation Term="Capabilities.DeleteRestrictions">
          <Record>
            <PropertyValue Property="Deletable" Bool="false"/>
          </Record>
        </Annotation>
      </EntityType>

    </Schema>

    <Schema xmlns="http://docs.oasis-open.org/odata/ns/edm" Namespace="HostInterface.v1_0_0">

      <EntityType Name="HostInterface" BaseType="HostInterface.HostInterface">
        <Annotation Term="OData.Description" String="This schema defines a Host Interface resource."/>
        <Annotation Term="OData.LongDescription" String="This resource shall be used to represent Host Interface resources as part of the Redfish specification."/>
        <Property Name="HostInterfaceType" Type="HostInterface.v1_0_0.HostInterfaceType">
          <Annotation Term="OData.Permissions" EnumMember="OData.Permission/Read"/>
          <Annotation Term="OData.Description" String="This indicates the Host Interface type for this interface."/>
          <Annotation Term="OData.LongDescription" String="The value of this property shall be an enumeration describing type of the interface."/>
        </Property>
        <Property Name="Status" Type="Resource.Status"/>
        <Property Name="InterfaceEnabled" Type="Edm.Boolean">
          <Annotation Term="OData.Permissions" EnumMember="OData.Permission/ReadWrite"/>
          <Annotation Term="OData.Description" String="This indicates whether this interface is enabled."/>
          <Annotation Term="OData.LongDescription" String="The value of this property shall be a boolean indicating whether this interface is enabled."/>
        </Property>
        <Property Name="ExternallyAccessible" Type="Edm.Boolean">
          <Annotation Term="OData.Permissions" EnumMember="OData.Permission/Read"/>
          <Annotation Term="OData.Description" String="This indicates whether this interface is accessible by external entities."/>
          <Annotation Term="OData.LongDescription" String="The value of this property shall be a boolean indicating whether this interface is accessible by external (non-host) entities."/>
        </Property>
        <Property Name="AuthenticationModes" Type="Collection(HostInterface.v1_0_0.AuthenticationMode)" Nullable="false">
          <Annotation Term="OData.Permissions" EnumMember="OData.Permission/ReadWrite"/>
          <Annotation Term="OData.Description" String="This indicates the authentication modes available on this interface."/>
          <Annotation Term="OData.LongDescription" String="The value of this property shall be an array consisting of the authentication modes allowed on this interface."/>
        </Property>
        <Property Name="KernelAuthRoleId" Type="Edm.String" Nullable="false">
          <Annotation Term="OData.Permissions" EnumMember="OData.Permission/ReadWrite"/>
          <Annotation Term="OData.Description" String="This property contains the Role for kernel authentication on this interface."/>
          <Annotation Term="OData.LongDescription" String="The value of this property shall be the ID of the Role resource that is configured for kernel authentication on this interface."/>
        </Property>
        <Property Name="KernelAuthEnabled" Type="Edm.Boolean">
          <Annotation Term="OData.Permissions" EnumMember="OData.Permission/ReadWrite"/>
          <Annotation Term="OData.Description" String="This indicates whether this kernel authentication is enabled for this interface."/>
          <Annotation Term="OData.LongDescription" String="The value of this property shall be a boolean indicating whether kernel authentication for this interface is enabled."/>
        </Property>
        <Property Name="FirmwareAuthRoleId" Type="Edm.String" Nullable="false">
          <Annotation Term="OData.Permissions" EnumMember="OData.Permission/ReadWrite"/>
          <Annotation Term="OData.Description" String="This property contains the Role for firmware authentication on this interface."/>
          <Annotation Term="OData.LongDescription" String="The value of this property shall be the ID of the Role resource that is configured for firmware authentication on this interface."/>
        </Property>
        <Property Name="FirmwareAuthEnabled" Type="Edm.Boolean">
          <Annotation Term="OData.Permissions" EnumMember="OData.Permission/ReadWrite"/>
          <Annotation Term="OData.Description" String="This indicates whether this firmware authentication is enabled for this interface."/>
          <Annotation Term="OData.LongDescription" String="The value of this property shall be a boolean indicating whether firmware authentication for this interface is enabled."/>
        </Property>

        <NavigationProperty Name="HostEthernetInterfaces" Type="EthernetInterfaceCollection.EthernetInterfaceCollection" Nullable="false">
          <Annotation Term="OData.Permissions" EnumMember="OData.Permission/Read"/>
          <Annotation Term="OData.Description" String="This is a reference to a collection of NICs that Computer Systems use for network communication with this Host Interface."/>
          <Annotation Term="OData.LongDescription" String="The value of this property shall be a link to a collection of type EthernetInterfaceCollection that Computer Systems use as the Host Interface to this Manager."/>
          <Annotation Term="OData.AutoExpandReferences"/>
        </NavigationProperty>
        <NavigationProperty Name="ManagerEthernetInterface" Type="EthernetInterface.EthernetInterface" Nullable="false">
          <Annotation Term="OData.Permissions" EnumMember="OData.Permission/Read"/>
          <Annotation Term="OData.Description" String="This is a reference to a single NIC that this Manager uses for network communication with this Host Interface."/>
          <Annotation Term="OData.LongDescription" String="The value of this property shall be a link to a resource of type EthernetInterface which represents the network interface used by this Manager as the HostInterface."/>
          <Annotation Term="OData.AutoExpandReferences"/>
        </NavigationProperty>
        <NavigationProperty Name="NetworkProtocol" Type="ManagerNetworkProtocol.ManagerNetworkProtocol" Nullable="false">
          <Annotation Term="OData.Permissions" EnumMember="OData.Permission/Read"/>
          <Annotation Term="OData.Description" String="This is a reference to the network services and their settings that the Manager controls.  It is here that clients will find network configuration options as well as network services."/>
          <Annotation Term="OData.LongDescription" String="The value of this property shall contain a reference to a resource of type ManagerNetworkProtocol which represents the network services for this Manager."/>
          <Annotation Term="OData.AutoExpandReferences"/>
        </NavigationProperty>

        <Property Name="Links" Type="HostInterface.v1_0_0.Links" Nullable="false">
          <Annotation Term="OData.Description" String="Contains references to other resources that are related to this resource."/>
          <Annotation Term="OData.LongDescription" String="The Links property, as described by the Redfish Specification, shall contain references to resources that are related to, but not contained by (subordinate to), this resource."/>
        </Property>
      </EntityType>

      <EnumType Name="HostInterfaceType">
        <Member Name="NetworkHostInterface">
          <Annotation Term="OData.Description" String="This interface is a Network Host Interface."/>
        </Member>
      </EnumType>

      <EnumType Name="AuthenticationMode">
        <Member Name="AuthNone">
          <Annotation Term="OData.Description" String="Requests without any sort of authentication are allowed."/>
        </Member>
        <Member Name="BasicAuth">
          <Annotation Term="OData.Description" String="Requests using HTTP Basic Authentication are allowed."/>
        </Member>
        <Member Name="RedfishSessionAuth">
          <Annotation Term="OData.Description" String="Requests using Redfish Session Authentication are allowed."/>
        </Member>
        <Member Name="OemAuth">
          <Annotation Term="OData.Description" String="Requests using OEM authentication mechanisms are allowed."/>
        </Member>
      </EnumType>

      <ComplexType Name="Links" BaseType="Resource.Links">
        <Annotation Term="OData.Description" String="Contains references to other resources that are related to this resource."/>
        <Annotation Term="OData.LongDescription" String="This type, as described by the Redfish Specification, shall contain references to resources that are related to, but not contained by (subordinate to), this resource."/>
        <NavigationProperty Name="ComputerSystems" Type="Collection(ComputerSystem.ComputerSystem)">
          <Annotation Term="OData.Permissions" EnumMember="OData.Permission/Read"/>
          <Annotation Term="OData.Description" String="An array of references to the Computer Systems connected to this Host Interface."/>
          <Annotation Term="OData.LongDescription" String="The value of this property shall be an array of references to resources of type ComputerSystem that are connected to this HostInterface."/>
          <Annotation Term="OData.AutoExpandReferences"/>
        </NavigationProperty>
        <NavigationProperty Name="KernelAuthRole" Type="Role.Role" Nullable="false">
          <Annotation Term="OData.Permissions" EnumMember="OData.Permission/Read"/>
          <Annotation Term="OData.Description" String="A reference to the Role object defining Privileges for this Host Interface when using kernel authentication."/>
          <Annotation Term="OData.LongDescription" String="The value of this property shall be a link to a Role object instance, and should reference the object identified by property KernelAuthRoleId."/>
          <Annotation Term="OData.AutoExpandReferences"/>
        </NavigationProperty>
        <NavigationProperty Name="FirmwareAuthRole" Type="Role.Role" Nullable="false">
          <Annotation Term="OData.Permissions" EnumMember="OData.Permission/Read"/>
          <Annotation Term="OData.Description" String="A reference to the Role object defining Privileges for this Host Interface when using firmware authentication."/>
          <Annotation Term="OData.LongDescription" String="The value of this property shall be a link to a Role object instance, and should reference the object identified by property FirmwareAuthRoleId."/>
          <Annotation Term="OData.AutoExpandReferences"/>
        </NavigationProperty>
      </ComplexType>

    </Schema>

    <Schema xmlns="http://docs.oasis-open.org/odata/ns/edm" Namespace="HostInterface.v1_0_1">
      <Annotation Term="OData.Description" String="This version was created to remove the Nullable facet on NavigationProperties of type Collection."/>
      <EntityType Name="HostInterface" BaseType="HostInterface.v1_0_0.HostInterface"/>
    </Schema>

    <Schema xmlns="http://docs.oasis-open.org/odata/ns/edm" Namespace="HostInterface.v1_1_0">
      <EntityType Name="HostInterface" BaseType="HostInterface.v1_0_1.HostInterface">
        <Property Name="Actions" Type="HostInterface.v1_1_0.Actions" Nullable="false">
          <Annotation Term="OData.Description" String="The available actions for this resource."/>
          <Annotation Term="OData.LongDescription" String="The Actions property shall contain the available actions for this resource."/>
        </Property>
      </EntityType>

      <ComplexType Name="Actions">
        <Annotation Term="OData.AdditionalProperties" Bool="false"/>
        <Annotation Term="OData.Description" String="The available actions for this resource."/>
        <Annotation Term="OData.LongDescription" String="This type shall contain the available actions for this resource."/>
        <Property Name="Oem" Type="HostInterface.v1_1_0.OemActions" Nullable="false"/>
      </ComplexType>

      <ComplexType Name="OemActions">
        <Annotation Term="OData.AdditionalProperties" Bool="true"/>
        <Annotation Term="OData.Description" String="The available OEM specific actions for this resource."/>
        <Annotation Term="OData.LongDescription" String="This type shall contain any additional OEM actions for this resource."/>
      </ComplexType>
    </Schema>

  </edmx:DataServices>
</edmx:Edmx>
