<?xml version="1.0" encoding="UTF-8"?>
<!---->
<!--################################################################################       -->
<!--# Redfish Schema:  MemoryChunks  v1.1.0-->
<!--#                                                                                      -->
<!--# For a detailed change log, see the README file contained in the DSP8010 bundle,      -->
<!--# available at http://www.dmtf.org/standards/redfish                                   -->
<!--# Copyright 2014-2017 Distributed Management Task Force, Inc. (DMTF).                  -->
<!--# For the full DMTF copyright policy, see http://www.dmtf.org/about/policies/copyright -->
<!--################################################################################       -->
<!---->
<edmx:Edmx xmlns:edmx="http://docs.oasis-open.org/odata/ns/edmx" Version="4.0">

  <edmx:Reference Uri="http://docs.oasis-open.org/odata/odata/v4.0/errata03/csd01/complete/vocabularies/Org.OData.Core.V1.xml">
    <edmx:Include Namespace="Org.OData.Core.V1" Alias="OData"/>
  </edmx:Reference>
  <edmx:Reference Uri="http://redfish.dmtf.org/schemas/v1/Resource_v1.xml">
    <edmx:Include Namespace="Resource"/>
    <edmx:Include Namespace="Resource.v1_0_0"/>
  </edmx:Reference>

  <edmx:DataServices>

    <Schema xmlns="http://docs.oasis-open.org/odata/ns/edm" Namespace="MemoryChunks">

      <EntityType Name="MemoryChunks" BaseType="Resource.v1_0_0.Resource">
        <Annotation Term="OData.Description" String="This is the schema definition of a Memory Chunk and its configuration."/>
        <Annotation Term="OData.LongDescription" String="This resource shall be used to represent Memory Chunks and Interleave Sets in a Redfish implementation."/>
        <Annotation Term="OData.AdditionalProperties" Bool="false"/>
      </EntityType>

    </Schema>

    <Schema xmlns="http://docs.oasis-open.org/odata/ns/edm" Namespace="MemoryChunks.v1_0_0">

      <EntityType Name="MemoryChunks" BaseType="MemoryChunks.MemoryChunks">
        <Property Name="MemoryChunkSizeMiB" Type="Edm.Int64">
          <Annotation Term="OData.Permissions" EnumMember="OData.Permission/Read"/>
          <Annotation Term="OData.Description" String="Size of the memory chunk in MiB."/>
          <Annotation Term="OData.LongDescription" String="The value of this property shall be the size of the memory chunk in MiB."/>
        </Property>
        <Property Name="AddressRangeType" Type="MemoryChunks.v1_0_0.AddressRangeType">
          <Annotation Term="OData.Permissions" EnumMember="OData.Permission/Read"/>
          <Annotation Term="OData.Description" String="Memory type of this memory chunk."/>
          <Annotation Term="OData.LongDescription" String="The value of this property shall be the type of memory chunk."/>
        </Property>
        <Property Name="IsMirrorEnabled" Type="Edm.Boolean" DefaultValue="false">
          <Annotation Term="OData.Permissions" EnumMember="OData.Permission/Read"/>
          <Annotation Term="OData.Description" String="Mirror Enabled status."/>
          <Annotation Term="OData.LongDescription" String="The value of this property shall indicate if memory mirroring is enabled for this MemoryChunk."/>
        </Property>
        <Property Name="IsSpare" Type="Edm.Boolean" DefaultValue="false">
          <Annotation Term="OData.Permissions" EnumMember="OData.Permission/Read"/>
          <Annotation Term="OData.Description" String="Spare enabled status."/>
          <Annotation Term="OData.LongDescription" String="The value of this property shall indicate if sparing is enabled for this MemoryChunk."/>
        </Property>
        <Property Name="InterleaveSets" Type="Collection(MemoryChunks.v1_0_0.InterleaveSet)">
          <Annotation Term="OData.Description" String="This is the interleave sets for the memory chunk."/>
          <Annotation Term="OData.LongDescription" String="These properties shall represent the interleave sets for the memory chunk."/>
        </Property>
      </EntityType>

      <ComplexType Name="InterleaveSet">
        <Annotation Term="OData.AdditionalProperties" Bool="false"/>
        <Annotation Term="OData.Description" String="This an interleave set for a memory chunk."/>
        <Annotation Term="OData.LongDescription" String="This type shall describe an interleave set of which the memory chunk is a part."/>
        <NavigationProperty Name="Memory" Type="Resource.Item" Nullable="false">
          <Annotation Term="OData.Permissions" EnumMember="OData.Permission/Read"/>
          <Annotation Term="OData.Description" String="Describes a memory device of the interleave set."/>
          <Annotation Term="OData.LongDescription" String="The value of this property shall be the memory device to which these settings apply."/>
          <Annotation Term="OData.AutoExpandReferences"/>
        </NavigationProperty>
        <Property Name="RegionId" Type="Edm.String">
          <Annotation Term="OData.Permissions" EnumMember="OData.Permission/Read"/>
          <Annotation Term="OData.Description" String="DIMM region identifier."/>
          <Annotation Term="OData.LongDescription" String="The value of this property shall be the DIMM region identifier."/>
        </Property>
        <Property Name="OffsetMiB" Type="Edm.Int64">
          <Annotation Term="OData.Permissions" EnumMember="OData.Permission/Read"/>
          <Annotation Term="OData.Description" String="Offset within the DIMM that corresponds to the start of this memory region, with units in MiB."/>
          <Annotation Term="OData.LongDescription" String="The value of this property shall be the offset within the DIMM that corresponds to the start of this memory region, with units in MiB."/>
        </Property>
        <Property Name="SizeMiB" Type="Edm.Int64">
          <Annotation Term="OData.Permissions" EnumMember="OData.Permission/Read"/>
          <Annotation Term="OData.Description" String="Size of this memory region in MiB."/>
          <Annotation Term="OData.LongDescription" String="The value of this property shall be the size of this memory region, with units in MiB."/>
        </Property>
        <Property Name="MemoryLevel" Type="Edm.Int64" DefaultValue="1">
          <Annotation Term="OData.Permissions" EnumMember="OData.Permission/Read"/>
          <Annotation Term="OData.Description" String="Level of the interleave set for multi-level tiered memory."/>
          <Annotation Term="OData.LongDescription" String="The value of this property shall be the level of this interleave set for multi-level tiered memory."/>
        </Property>
      </ComplexType>

      <EnumType Name="AddressRangeType">
        <Member Name="Volatile">
          <Annotation Term="OData.Description" String="Volatile memory."/>
        </Member>
        <Member Name="PMEM">
          <Annotation Term="OData.Description" String="Byte accessible persistent memory."/>
        </Member>
        <Member Name="Block">
          <Annotation Term="OData.Description" String="Block accesible memory."/>
        </Member>
      </EnumType>

    </Schema>

    <Schema xmlns="http://docs.oasis-open.org/odata/ns/edm" Namespace="MemoryChunks.v1_0_1">
      <Annotation Term="OData.Description" String="This version was created to show annotations in previous namespaces were updated."/>
      <EntityType Name="MemoryChunks" BaseType="MemoryChunks.v1_0_0.MemoryChunks"/>
    </Schema>

    <Schema xmlns="http://docs.oasis-open.org/odata/ns/edm" Namespace="MemoryChunks.v1_0_2">
      <Annotation Term="OData.Description" String="This version was created to show annotations in previous namespaces were updated."/>
      <EntityType Name="MemoryChunks" BaseType="MemoryChunks.v1_0_1.MemoryChunks"/>
    </Schema>

    <Schema xmlns="http://docs.oasis-open.org/odata/ns/edm" Namespace="MemoryChunks.v1_1_0">
      <EntityType Name="MemoryChunks" BaseType="MemoryChunks.v1_0_2.MemoryChunks">
        <Property Name="Actions" Type="MemoryChunks.v1_1_0.Actions" Nullable="false">
          <Annotation Term="OData.Description" String="The available actions for this resource."/>
          <Annotation Term="OData.LongDescription" String="The Actions property shall contain the available actions for this resource."/>
        </Property>
      </EntityType>

      <ComplexType Name="Actions">
        <Annotation Term="OData.AdditionalProperties" Bool="false"/>
        <Annotation Term="OData.Description" String="The available actions for this resource."/>
        <Annotation Term="OData.LongDescription" String="This type shall contain the available actions for this resource."/>
        <Property Name="Oem" Type="MemoryChunks.v1_1_0.OemActions" Nullable="false"/>
      </ComplexType>

      <ComplexType Name="OemActions">
        <Annotation Term="OData.AdditionalProperties" Bool="true"/>
        <Annotation Term="OData.Description" String="The available OEM specific actions for this resource."/>
        <Annotation Term="OData.LongDescription" String="This type shall contain any additional OEM actions for this resource."/>
      </ComplexType>
    </Schema>

  </edmx:DataServices>
</edmx:Edmx>
