<?xml version="1.0" encoding="UTF-8"?>
<!---->
<!--################################################################################       -->
<!--# Redfish Schema:  RedfishExtensions v1.0.1-->
<!--#                                                                                      -->
<!--# For a detailed change log, see the README file contained in the DSP8010 bundle,      -->
<!--# available at http://www.dmtf.org/standards/redfish                                   -->
<!--# Copyright 2014-2017 Distributed Management Task Force, Inc. (DMTF).                  -->
<!--# For the full DMTF copyright policy, see http://www.dmtf.org/about/policies/copyright -->
<!--################################################################################       -->
<!---->
<edmx:Edmx xmlns:edmx="http://docs.oasis-open.org/odata/ns/edmx" Version="4.0">

  <edmx:Reference Uri="http://docs.oasis-open.org/odata/odata/v4.0/errata03/csd01/complete/vocabularies/Org.OData.Core.V1.xml">
    <edmx:Include Namespace="Org.OData.Core.V1" Alias="OData"/>
  </edmx:Reference>
  <edmx:Reference Uri="http://redfish.dmtf.org/schemas/v1/Settings_v1.xml">
    <edmx:Include Namespace="Settings"/>
  </edmx:Reference>
  <edmx:Reference Uri="http://redfish.dmtf.org/schemas/v1/CollectionCapabilities_v1.xml">
    <edmx:Include Namespace="CollectionCapabilities"/>
  </edmx:Reference>

  <edmx:DataServices>

    <!--These terms extend the schema language for Redfish-specific information-->
    <Schema xmlns="http://docs.oasis-open.org/odata/ns/edm"  Namespace="RedfishExtensions.v1_0_0">

      <Term Name="AllowableValues" Type="Collection(Edm.String)" Nullable="false">
        <Annotation Term="OData.Description" String="The set of allowable values for a parameter."/>
      </Term>
      <Term Name="Required" Type="Edm.Boolean" DefaultValue="true">
        <Annotation Term="OData.Description" String="The term specifies that a property is required to be supported by services. Properties not annotated as required are optional."/>
      </Term>
      <Term Name="RequiredOnCreate" Type="Edm.Boolean" DefaultValue="true">
        <Annotation Term="OData.Description" String="The term specifies that a property is required to be specified in the body of a POST request to create the resource."/>
      </Term>
      <Term Name="Settings" Type="Settings.Settings">
        <Annotation Term="OData.Description" String="Reference to the resource that represents the settings to be applied to this object."/>
      </Term>
      <Term Name="AutoExpandReferences" Type="Edm.Boolean" DefaultValue="true">
        <Annotation Term="OData.Description" String="The term can be applied to a navigation property in order to specify that the default behavior for the service is to expand the references for the related resource or collection of resources in responses."/>
      </Term>
      <Term Name="AutoExpand" Type="Edm.Boolean" DefaultValue="true">
        <Annotation Term="OData.Description" String="The term can be applied to a navigation property in order to specify that the default behavior for the service is to expand the related resource or collection of resources in responses."/>
      </Term>
      <Term Name="IPv6Format" Type="Edm.Boolean" DefaultValue="true">
        <Annotation Term="OData.Description" String="The term can be applied to a property or parameter in order to specify that IPv6 addressing rules apply to that property or parameter."/>
      </Term>
      <Term Name="Copyright" Type="Edm.String">
        <Annotation Term="OData.Description" String="The term is applied to Redfish payload samples in order to specify copyright information. It would not generally be used in production payloads."/>
      </Term>
      <Term Name="Deprecated" Type="Edm.String">
        <Annotation Term="OData.Description" String="The term shall be applied to a property or value in order to specify that the property or value is deprecated.  The value of the string should explain the deprecation, including new property or properties or value to be used.  The property or value can be supported in new and existing implementations, but usage in new implementations is discouraged.  Deprecated properties and values are likely to be removed in a future major version of the schema."/>
      </Term>
      <Term Name="ActionInfo" Type="Edm.String">
        <Annotation Term="OData.Description" String="The term can be applied to an Action to specify a URI to an ActionInfo resource which describes the parameters supported by this instance of the Action."/>
        <Annotation Term="OData.IsURL"/>
      </Term>
      <Term Name="DynamicPropertyPatterns" Type="Collection(RedfishExtensions.v1_0_0.PropertyPattern)" Nullable="false"/>
      <Term Name="SetOnlyOnCreate" Type="Edm.Boolean" DefaultValue="true">
        <Annotation Term="OData.Description" String="The term specifies that a property can only be set when a client is creating a new instance of a resource via POST."/>
      </Term>
      <Term Name="OptionalOnCreate" Type="Edm.Boolean" DefaultValue="true">
        <Annotation Term="OData.Description" String="The term specifies that a property may be set when a client is creating a new instance of a resource via POST."/>
      </Term>
      <Term Name="UpdatableAfterCreate" Type="Edm.Boolean" DefaultValue="true">
        <Annotation Term="OData.Description" String="The term specifies that a property may be set by a client using PATCH after creating a new instance of a resource via POST."/>
      </Term>
      <Term Name="CollectionCapabilities" Type="CollectionCapabilities.CollectionCapabilities">
        <Annotation Term="OData.Description" String="Reference to the resource that represents the POST capabilities of a given collection."/>
      </Term>
      <Term Name="Confidential" Type="Edm.String">
        <Annotation Term="OData.Description" String="The term specifies that a schema or property is un-released and is therefore confidential material not for public disclosure."/>
      </Term>
      <Term Name="ReleaseStatus" Type="RedfishExtensions.v1_0_0.ReleaseStatusType">
        <Annotation Term="OData.Description" String="The term specifies the public release status of a property or schema."/>
      </Term>

      <EnumType Name="ReleaseStatusType">
        <Member Name="Standard">
          <Annotation Term="OData.Description" String="Released as normative standard or specification."/>
        </Member>
        <Member Name="Informational">
          <Annotation Term="OData.Description" String="Released as an informational, non-normative document."/>
        </Member>
        <Member Name="WorkInProgress">
          <Annotation Term="OData.Description" String="Released as Work In Progress, subject to change perhaps profoundly and without notice."/>
        </Member>
        <Member Name="InDevelopment">
          <Annotation Term="OData.Description" String="Un-released work product currently under development or review."/>
        </Member>
      </EnumType>

      <ComplexType Name="PropertyPattern">
        <Annotation Term="OData.Description" String="The pattern by which property names must adhere."/>
        <Annotation Term="OData.LongDescription" String="This type shall describe the pattern to which a dynamic property name must adhere."/>
        <Property Name="Pattern" Type="Edm.String">
          <Annotation Term="OData.Description" String="The pattern that the property name shall match."/>
        </Property>
        <Property Name="Type" Type="Edm.String">
          <Annotation Term="OData.Description" String="The type that the name shall have."/>
        </Property>
      </ComplexType>

      <Term Name="Enumeration" Type="Collection(RedfishExtensions.v1_0_0.EnumerationMember)" Nullable="false">
        <Annotation Term="OData.Description" String="The term enumerates the allowable set of legacy, non-standard string values where a standard enumeration cannot be used.  This annotation should not be used for any new values."/>
      </Term>

      <ComplexType Name="EnumerationMember">
        <Annotation Term="OData.Description" String="This type describes a member of an enumeration used for compatability purposes for enumerations which do not comply with OData rules."/>
        <Annotation Term="OData.LongDescription" String="This type shall describe a member of an enumeration which contains spaces, starts with a number, or otherwise does not comply with OData EnumMember naming rules."/>
        <Property Name="Member" Type="Edm.String">
          <Annotation Term="OData.Description" String="An allowable string member."/>
        </Property>
      </ComplexType>

    </Schema>

    <!--These terms are used for validating a property value-->
    <Schema xmlns="http://docs.oasis-open.org/odata/ns/edm"  Namespace="Validation.v1_0_0">

      <Term Name="Pattern" Type="Edm.String">
        <Annotation Term="OData.Description" String="The pattern that a string property or parameter must match."/>
      </Term>
      <Term Name="Minimum" Type="Edm.Int64">
        <Annotation Term="OData.Description" String="Minimum value that an integer property or parameter can have."/>
      </Term>
      <Term Name="Maximum" Type="Edm.Int64">
        <Annotation Term="OData.Description" String="Maximum value that an integer property or parameter can have."/>
      </Term>

    </Schema>

  </edmx:DataServices>
</edmx:Edmx>
