{
    "@odata.type": "#ResourceBlock.v1_0_0.ResourceBlock",
    "Id": "NetworkBlock8",
    "Name": "Network Block 8",
    "ResourceBlockType": [
        "Network"
    ],
    "Status": {
        "State": "Enabled",
        "Health": "OK"
    },
    "CompositionStatus": {
        "Reserved": false,
        "CompositionState": "Unused"
    },
    "Processors": [],
    "Memory": [],
    "Storage": [],
    "SimpleStorage": [],
    "EthernetInterfaces": [
        {
            "@odata.id": "/redfish/v1/CompositionService/ResourceBlocks/NetworkBlock8/EthernetInterfaces/Block8Port0"
        },
        {
            "@odata.id": "/redfish/v1/CompositionService/ResourceBlocks/NetworkBlock8/EthernetInterfaces/Block8Port1"
        }
    ],
    "Links": {
        "ComputerSystems": [],
        "Chassis": [
            {
                "@odata.id": "/redfish/v1/Chassis/ComposableModule5"
            }
        ],
        "Zones": [
            {
                "@odata.id": "/redfish/v1/CompositionService/ResourceZones/2"
            }
        ]
    },
    "Oem": {},
    "@odata.context": "/redfish/v1/$metadata#ResourceBlock.ResourceBlock",
    "@odata.id": "/redfish/v1/CompositionService/ResourceBlocks/NetworkBlock8",
    "@Redfish.Copyright": "Copyright 2014-2017 Distributed Management Task Force, Inc. (DMTF). For the full DMTF copyright policy, see http://www.dmtf.org/about/policies/copyright."
}
