{
    "@odata.type": "#Manager.v1_1_0.Manager",
    "Id": "bmc",
    "Name": "Manager",
    "ManagerType": "BMC",
    "Description": "BMC",
    "ServiceEntryPointUUID": "92384634-2938-2342-8820-489239905423",
    "UUID": "00000000-0000-0000-0000-000000000000",
    "Model": "CatfishBMC",
    "DateTime": "2015-03-13T04:14:33+06:00",
    "DateTimeLocalOffset": "+06:00",
    "Status": {
        "State": "Enabled",
        "Health": "OK"
    },
    "FirmwareVersion": "1.00",
    "NetworkProtocol": {
        "@odata.id": "/redfish/v1/Managers/bmc/NetworkProtocol"
    },
    "EthernetInterfaces": {
        "@odata.id": "/redfish/v1/Managers/bmc/EthernetInterfaces"
    },
    "Links": {
        "ManagerForServers": [
            {
                "@odata.id": "/redfish/v1/Systems/1"
            }
        ],
        "ManagerForChassis": [
            {
                "@odata.id": "/redfish/v1/Chassis/1"
            }
        ],
        "ManagerInChassis": {
            "@odata.id": "/redfish/v1/Chassis/1"
        },		
        "Oem": {}
    },
    "Actions": {
        "#Manager.Reset": {
            "target": "/redfish/v1/Managers/bmc/Actions/Manager.Reset",
            "ResetType@Redfish.AllowableValues": [
                "ForceRestart",
                "GracefulRestart"
            ]
        },
        "Oem": {}
    },
    "Oem": {},
    "@odata.context": "/redfish/v1/$metadata#Manager.Manager",
    "@odata.id": "/redfish/v1/Managers/bmc",
    "@Redfish.Copyright": "Copyright 2014-2016 Distributed Management Task Force, Inc. (DMTF). For the full DMTF copyright policy, see http://www.dmtf.org/about/policies/copyright."
}
