{
    "@odata.type": "#Manager.v1_3_1.Manager",
    "Id": "1",
    "Name": "Manager",
    "ManagerType": "EnclosureManager",
    "Description": "Contoso Composable Manager",
    "ServiceEntryPointUUID": "92384634-2938-2342-8820-489239905423",
    "UUID": "58893887-8974-2487-2389-841168418919",
    "Model": "Contoso Comp9000",
    "DateTime": "2015-03-13T04:14:33+06:00",
    "DateTimeLocalOffset": "+06:00",
    "Status": {
        "State": "Enabled",
        "Health": "OK"
    },
    "FirmwareVersion": "1.00",
    "EthernetInterfaces": {
        "@odata.id": "/redfish/v1/Managers/1/NICs"
    },
    "LogServices": {
        "@odata.id": "/redfish/v1/Managers/1/LogServices"
    },
    "Links": {
        "ManagerForChassis": [
            {
                "@odata.id": "/redfish/v1/Chassis/ComposableEnclosure"
            },
            {
                "@odata.id": "/redfish/v1/Chassis/ComposableModule1"
            },
            {
                "@odata.id": "/redfish/v1/Chassis/ComposableModule2"
            },
            {
                "@odata.id": "/redfish/v1/Chassis/ComposableModule3"
            },
            {
                "@odata.id": "/redfish/v1/Chassis/ComposableModule4"
            },
            {
                "@odata.id": "/redfish/v1/Chassis/ComposableModule5"
            },
            {
                "@odata.id": "/redfish/v1/Chassis/ComposableModule6"
            }
        ],
        "ManagerInChassis": {
            "@odata.id": "/redfish/v1/Chassis/ComposableEnclosure"
        }	
    },
    "Actions": {
        "#Manager.Reset": {
            "target": "/redfish/v1/Managers/1/Actions/Manager.Reset",
            "ResetType@Redfish.AllowableValues": [
                "ForceRestart",
                "GracefulRestart"
            ]
        }
    },
    "@odata.context": "/redfish/v1/$metadata#Manager.Manager",
    "@odata.id": "/redfish/v1/Managers/1",
    "@Redfish.Copyright": "Copyright 2014-2017 Distributed Management Task Force, Inc. (DMTF). For the full DMTF copyright policy, see http://www.dmtf.org/about/policies/copyright."
}
