{
    "@odata.type": "#Memory.v1_2_0.Memory",
    "Id": "Block2DIMM0",
    "Name": "DIMM Slot 0",
    "Status": {
        "State": "Enabled",
        "Health": "OK"
    },
    "CapacityMiB": 8192,
    "MemoryLocation": {
        "Socket": 1,
        "MemoryController": 1,
        "Channel": 1,
        "Slot": 1
    },
    "MemoryType": "DRAM",
    "MemoryDeviceType": "DDR4",
    "MemoryMedia": [
        "DRAM"
    ],
    "Links": {
        "Chassis": {
            "@odata.id": "/redfish/v1/Chassis/ComposableModule2"
        }
    },
    "@odata.context": "/redfish/v1/$metadata#Memory.Memory",
    "@odata.id": "/redfish/v1/CompositionService/ResourceBlocks/ComputeBlock2/Memory/Block2DIMM0",
    "@Redfish.Copyright": "Copyright 2014-2017 Distributed Management Task Force, Inc. (DMTF). For the full DMTF copyright policy, see http://www.dmtf.org/about/policies/copyright."
}
