{
    "@odata.type": "#EthernetInterface.v1_3_0.EthernetInterface",
    "Id": "2",
    "Name": "Ethernet Interface",
    "Description": "System NIC 2",
    "Status": {
        "State": "Enabled",
        "Health": "OK"
    },
    "LinkStatus": "LinkUp",
    "PermanentMACAddress": "12:44:6A:3B:88:90",
    "MACAddress": "AA:BB:CC:DD:EE:00",
    "SpeedMbps": 1000,
    "FullDuplex": true,
    "HostName": "backup-web483",
    "FQDN": "backup-web483.contoso.com",
    "IPv6DefaultGateway": "fe80::3ed9:2bff:fe34:600",
    "NameServers": [
        "names.contoso.com"
    ],
    "IPv4Addresses": [
        {
            "Address": "192.168.0.11",
            "SubnetMask": "255.255.255.0",
            "AddressOrigin": "Static",
            "Gateway": "192.168.0.1"
        }
    ],
    "IPv6Addresses": [
        {
            "Address": "fe80::1ec1:deff:fe6f:1e33",
            "PrefixLength": 64,
            "AddressOrigin": "Static",
            "AddressState": "Preferred"
        }
    ],
    "VLAN": {
        "VLANEnable": true,
        "VLANId": 101
    },
    "@odata.context": "/redfish/v1/$metadata#EthernetInterface.EthernetInterface",
    "@odata.id": "/redfish/v1/Systems/437XR1138R2/EthernetInterfaces/12446A3B8890",
    "@Redfish.Copyright": "Copyright 2014-2017 Distributed Management Task Force, Inc. (DMTF). For the full DMTF copyright policy, see http://www.dmtf.org/about/policies/copyright."
}
