{
    "@odata.type": "#Processor.v1_1_0.Processor",
    "Id": "CPU",
    "Name": "Processor",
    "ProcessorType": "CPU",
    "ProcessorArchitecture": "x86",
    "InstructionSet": "x86-64",
    "Manufacturer": "Intel(R) Corporation",
    "Model": "Multi-Core Intel(R) Xeon(R) processor E5-1603",
    "MaxSpeedMHz": 2800,
    "TotalCores": 4,
    "TotalThreads": 8,
    "Status": {
        "State": "Enabled",
        "Health": "OK"
    },
    "@odata.context": "/redfish/v1/$metadata#Processor.Processor",
    "@odata.id": "/redfish/v1/Systems/529QB9451R6/Processors/CPU",
    "@Redfish.Copyright": "Copyright 2014-2017 Distributed Management Task Force, Inc. (DMTF). For the full DMTF copyright policy, see http://www.dmtf.org/about/policies/copyright."
}
