{
    "@odata.type": "#Chassis.v1_5_0.Chassis",
    "Id": "ComposableModule1",
    "Name": "Composable Compute Module",
    "ChassisType": "Module",
    "Manufacturer": "Contoso",
    "Model": "COMP9100",
    "SKU": "159100",
    "SerialNumber": "CONTSN85482755",
    "PartNumber": "CONTPN009-210",
    "AssetTag": null,
    "PowerState": "On",
    "IndicatorLED": "Off",
    "Status": {
        "State": "Enabled",
        "Health": "OK"
    },
    "Links": {
        "ComputerSystems": [
            {
                "@odata.id": "/redfish/v1/Systems/ComposedSystem"
            }
        ],
        "ManagedBy": [
            {
                "@odata.id": "/redfish/v1/Managers/1"
            }
        ],
        "ContainedBy": {
            "@odata.id": "/redfish/v1/Chassis/ComposableEnclosure"
        },
        "ResourceBlocks": [
            {
                "@odata.id": "/redfish/v1/CompositionService/ResourceBlocks/ComputeBlock1"
            }
        ]
    },
    "@odata.id": "/redfish/v1/Chassis/ComposableModule1",
    "@odata.context": "/redfish/v1/$metadata#Chassis.Chassis",
    "@Redfish.Copyright": "Copyright 2014-2017 Distributed Management Task Force, Inc. (DMTF). For the full DMTF copyright policy, see http://www.dmtf.org/about/policies/copyright."
}
