{
    "@odata.type": "#EthernetInterface.v1_3_0.EthernetInterface",
    "Id": "1",
    "Name": "EncMgr2.network.1",
    "Status": {
        "State": "Enabled",
        "Health": "OK"
    },
    "InterfaceEnabled": true,
    "PermanentMACAddress": "23:11:8A:38:C0:10",
    "IPv4Addresses": [
        {
            "Address": "15.242.5.128",
            "SubnetMask": "255.255.255.0",
            "AddressOrigin": "Static",
            "Gateway": "15.242.15.1"
        }
    ],
    "@odata.context": "/redfish/v1/$metadata#EthernetInterface.EthernetInterface",
    "@odata.id": "/redfish/v1/Managers/EncMgr2/EthernetInterfaces/1",
    "@Redfish.Copyright": "Copyright 2014-2017 Distributed Management Task Force, Inc. (DMTF). For the full DMTF copyright policy, see http://www.dmtf.org/about/policies/copyright."
}
