{
    "@odata.type": "#Thermal.v1_1_0.Thermal",
    "Id": "Thermal",
    "Name": "Thermal",
    "Temperatures": [
        {
            "@odata.id": "/redfish/v1/Chassis/1/Thermal#/Temperatures/0",
            "MemberId": "0",
            "Name": "Inlet Temp",
            "SensorNumber": 42,
            "Status": {
                "State": "Enabled",
                "Health": "OK"
            },
            "ReadingCelsius": 25,
            "UpperThresholdNonCritical": 35,
            "UpperThresholdCritical": 40,
            "UpperThresholdFatal": 50,
            "MinReadingRange": 0,
            "MaxReadingRange": 200,
            "PhysicalContext": "Intake"
        },
        {
            "@odata.id": "/redfish/v1/Chassis/1/Thermal#/Temperatures/1",
            "MemberId": "1",
            "Name": "Board Temp",
            "SensorNumber": 43,
            "Status": {
                "State": "Enabled",
                "Health": "OK"
            },
            "ReadingCelsius": 35,
            "UpperThresholdNonCritical": 30,
            "UpperThresholdCritical": 40,
            "UpperThresholdFatal": 50,
            "MinReadingRange": 0,
            "MaxReadingRange": 200,
            "PhysicalContext": "SystemBoard"
        },
        {
            "@odata.id": "/redfish/v1/Chassis/1/Thermal#/Temperatures/2",
            "MemberId": "2",
            "Name": "CPU1 Temp",
            "SensorNumber": 44,
            "Status": {
                "State": "Enabled",
                "Health": "OK"
            },
            "ReadingCelsius": 45,
            "UpperThresholdNonCritical": 60,
            "UpperThresholdCritical": 82,
            "MinReadingRange": 0,
            "MaxReadingRange": 200,
            "PhysicalContext": "CPU"
        },
        {
            "@odata.id": "/redfish/v1/Chassis/1/Thermal#/Temperatures/3",
            "MemberId": "3",
            "Name": "CPU2 Temp",
            "SensorNumber": 45,
            "Status": {
                "State": "Enabled",
                "Health": "OK"
            },
            "ReadingCelsius": 46,
            "UpperThresholdNonCritical": 60,
            "UpperThresholdCritical": 82,
            "MinReadingRange": 0,
            "MaxReadingRange": 200,
            "PhysicalContext": "CPU"
        }
    ],
    "Fans": [
        {
            "@odata.id": "/redfish/v1/Chassis/1/Thermal#/Fans/0",
            "MemberId": "0",
            "Name": "BaseBoard System Fan 1",
            "PhysicalContext": "Backplane",
            "Status": {
                "State": "Enabled",
                "Health": "OK"
            },
            "Reading": 2100,
            "ReadingUnits": "RPM",
            "UpperThresholdNonCritical": 42,
            "UpperThresholdCritical": 4200,
            "UpperThresholdFatal": 42,
            "LowerThresholdNonCritical": 42,
            "LowerThresholdCritical": 5,
            "LowerThresholdFatal": 42,
            "MinReadingRange": 0,
            "MaxReadingRange": 5000,
            "Redundancy": [
                {
                    "@odata.id": "/redfish/v1/Chassis/1/Thermal#/Redundancy/0"
                }
            ]
        },
        {
            "@odata.id": "/redfish/v1/Chassis/1/Thermal#/Fans/1",
            "MemberId": "1",
            "Name": "BaseBoard System Fan 2",
            "PhysicalContext": "Backplane",
            "Status": {
                "State": "Enabled",
                "Health": "OK"
            },
            "Reading": 2100,
            "ReadingUnits": "RPM",
            "UpperThresholdNonCritical": 42,
            "UpperThresholdCritical": 4200,
            "UpperThresholdFatal": 42,
            "LowerThresholdNonCritical": 42,
            "LowerThresholdCritical": 5,
            "LowerThresholdFatal": 42,
            "MinReadingRange": 0,
            "MaxReadingRange": 5000,
            "Redundancy": [
                {
                    "@odata.id": "/redfish/v1/Chassis/1/Thermal#/Redundancy/0"
                }
            ]
        }
    ],
    "Redundancy": [
        {
            "@odata.id": "/redfish/v1/Chassis/1/Thermal#/Redundancy/0",
            "MemberId": "0",
            "Name": "BaseBoard System Fans",
            "RedundancySet": [
                {
                    "@odata.id": "/redfish/v1/Chassis/1/Thermal#/Fans/0"
                },
                {
                    "@odata.id": "/redfish/v1/Chassis/1/Thermal#/Fans/1"
                }
            ],
            "Mode": "N+m",
            "Status": {
                "State": "Enabled",
                "Health": "OK"
            },
            "MinNumNeeded": 1,
            "MaxNumSupported": 2
        }
    ],
    "@odata.context": "/redfish/v1/$metadata#Thermal.Thermal",
    "@odata.id": "/redfish/v1/Chassis/1/Thermal",
    "@Redfish.Copyright": "Copyright 2014-2016 Distributed Management Task Force, Inc. (DMTF). For the full DMTF copyright policy, see http://www.dmtf.org/about/policies/copyright."
}
