{
    "@odata.type": "#ChassisCollection.ChassisCollection",
    "Name": "Chassis Collection",
    "Members@odata.count": 7,
    "Members": [
        {
            "@odata.id": "/redfish/v1/Chassis/ComposableEnclosure"
        },
        {
            "@odata.id": "/redfish/v1/Chassis/ComposableModule1"
        },
        {
            "@odata.id": "/redfish/v1/Chassis/ComposableModule2"
        },
        {
            "@odata.id": "/redfish/v1/Chassis/ComposableModule3"
        },
        {
            "@odata.id": "/redfish/v1/Chassis/ComposableModule4"
        },
        {
            "@odata.id": "/redfish/v1/Chassis/ComposableModule5"
        },
        {
            "@odata.id": "/redfish/v1/Chassis/ComposableModule6"
        }
    ],
    "@odata.context": "/redfish/v1/$metadata#ChassisCollection.ChassisCollection",
    "@odata.id": "/redfish/v1/Chassis",
    "@Redfish.Copyright": "Copyright 2014-2017 Distributed Management Task Force, Inc. (DMTF). For the full DMTF copyright policy, see http://www.dmtf.org/about/policies/copyright."
}
