<?xml version="1.0" encoding="UTF-8"?>
<!---->
<!--################################################################################       -->
<!--# Redfish Schema:  NetworkInterface  v1.0.0-->
<!--#                                                                                      -->
<!--# For a detailed change log, see the README file contained in the DSP8010 bundle,      -->
<!--# available at http://www.dmtf.org/standards/redfish                                   -->
<!--# Copyright 2014-2016 Distributed Management Task Force, Inc. (DMTF).                  -->
<!--# For the full DMTF copyright policy, see http://www.dmtf.org/about/policies/copyright -->
<!--################################################################################       -->
<!---->
<edmx:Edmx xmlns:edmx="http://docs.oasis-open.org/odata/ns/edmx" Version="4.0">
  <edmx:Reference Uri="http://docs.oasis-open.org/odata/odata/v4.0/errata03/csd01/complete/vocabularies/Org.OData.Core.V1.xml">
    <edmx:Include Namespace="Org.OData.Core.V1" Alias="OData"/>
  </edmx:Reference>
  <edmx:Reference Uri="http://docs.oasis-open.org/odata/odata/v4.0/errata03/csd01/complete/vocabularies/Org.OData.Capabilities.V1.xml">
    <edmx:Include Namespace="Org.OData.Capabilities.V1" Alias="Capabilities"/>
  </edmx:Reference>
  <edmx:Reference Uri="http://redfish.dmtf.org/schemas/v1/Resource_v1.xml">
    <edmx:Include Namespace="Resource"/>
    <edmx:Include Namespace="Resource.v1_0_0"/>
  </edmx:Reference>
  <edmx:Reference Uri="http://redfish.dmtf.org/schemas/v1/NetworkAdapter_v1.xml">
    <edmx:Include Namespace="NetworkAdapter"/>
  </edmx:Reference>
  <edmx:Reference Uri="http://redfish.dmtf.org/schemas/v1/NetworkPortCollection_v1.xml">
    <edmx:Include Namespace="NetworkPortCollection"/>
  </edmx:Reference>
  <edmx:Reference Uri="http://redfish.dmtf.org/schemas/v1/NetworkDeviceFunctionCollection_v1.xml">
    <edmx:Include Namespace="NetworkDeviceFunctionCollection"/>
  </edmx:Reference>

  <edmx:DataServices>

    <Schema xmlns="http://docs.oasis-open.org/odata/ns/edm" Namespace="NetworkInterface">

      <EntityType Name="NetworkInterface" BaseType="Resource.v1_0_0.Resource" Abstract="true">
        <Annotation Term="OData.Description" String="A NetworkInterface contains references linking NetworkAdapter, NetworkPort, and NetworkDeviceFunction resources and represents the functionality available to the containing system."/>
        <Annotation Term="OData.LongDescription" String="A NetworkInterface contains references linking NetworkAdapter, NetworkPort, and NetworkDeviceFunction resources and represents the functionality available to the containing system."/>
        <Annotation Term="Capabilities.InsertRestrictions">
          <Record>
            <PropertyValue Property="Insertable" Bool="false"/>
          </Record>
        </Annotation>
        <Annotation Term="Capabilities.UpdateRestrictions">
          <Record>
            <PropertyValue Property="Updatable" Bool="false"/>
          </Record>
        </Annotation>
        <Annotation Term="Capabilities.DeleteRestrictions">
          <Record>
            <PropertyValue Property="Deletable" Bool="false"/>
          </Record>
        </Annotation>
      </EntityType>

    </Schema>

    <Schema xmlns="http://docs.oasis-open.org/odata/ns/edm" Namespace="NetworkInterface.v1_0_0">

      <EntityType Name="NetworkInterface" BaseType="NetworkInterface.NetworkInterface">
        <Annotation Term="OData.Description" String="A NetworkInterface contains references linking NetworkAdapter, NetworkPort, and NetworkDeviceFunction resources and represents the functionality available to the containing system."/>
        <Annotation Term="OData.LongDescription" String="A NetworkInterface contains references linking NetworkAdapter, NetworkPort, and NetworkDeviceFunction resources and represents the functionality available to the containing system."/>
        <Property Name="Status" Type="Resource.Status"/>
        <Property Name="Links" Type="NetworkInterface.v1_0_0.Links" Nullable="false">
          <Annotation Term="OData.Description" String="Links."/>
          <Annotation Term="OData.LongDescription" String="Links for this controller."/>
        </Property>
        <NavigationProperty Name="NetworkPorts" Type="NetworkPortCollection.NetworkPortCollection" Nullable="false">
          <Annotation Term="OData.Permissions" EnumMember="OData.Permission/Read"/>
          <Annotation Term="OData.Description" String="Contains the members of this collection."/>
          <Annotation Term="OData.AutoExpandReferences"/>
        </NavigationProperty>
        <NavigationProperty Name="NetworkDeviceFunctions" Type="NetworkDeviceFunctionCollection.NetworkDeviceFunctionCollection" Nullable="false">
          <Annotation Term="OData.Permissions" EnumMember="OData.Permission/Read"/>
          <Annotation Term="OData.Description" String="Contains the members of this collection."/>
          <Annotation Term="OData.AutoExpandReferences"/>
        </NavigationProperty>
      </EntityType>

      <ComplexType Name="Links" BaseType="Resource.Links">
        <NavigationProperty Name="NetworkAdapter" Type="NetworkAdapter.NetworkAdapter" Nullable="false">
          <Annotation Term="OData.Permissions" EnumMember="OData.Permission/Read"/>
          <Annotation Term="OData.Description" String="Contains the members of this collection."/>
          <Annotation Term="OData.AutoExpandReferences"/>
        </NavigationProperty>
      </ComplexType>

    </Schema>

  </edmx:DataServices>
</edmx:Edmx>
