<?xml version="1.0" encoding="UTF-8"?>
<!---->
<!--################################################################################       -->
<!--# Redfish Schema:  SecureBoot v1.0.1-->
<!--#                                                                                      -->
<!--# For a detailed change log, see the README file contained in the DSP8010 bundle,      -->
<!--# available at http://www.dmtf.org/standards/redfish                                   -->
<!--# Copyright 2014-2016 Distributed Management Task Force, Inc. (DMTF).                  -->
<!--# For the full DMTF copyright policy, see http://www.dmtf.org/about/policies/copyright -->
<!--################################################################################       -->
<!---->
<edmx:Edmx xmlns:edmx="http://docs.oasis-open.org/odata/ns/edmx" Version="4.0">

  <edmx:Reference Uri="http://docs.oasis-open.org/odata/odata/v4.0/errata03/csd01/complete/vocabularies/Org.OData.Core.V1.xml">
    <edmx:Include Namespace="Org.OData.Core.V1" Alias="OData"/>
  </edmx:Reference>
  <edmx:Reference Uri="http://docs.oasis-open.org/odata/odata/v4.0/errata03/csd01/complete/vocabularies/Org.OData.Capabilities.V1.xml">
    <edmx:Include Namespace="Org.OData.Capabilities.V1" Alias="Capabilities"/>
  </edmx:Reference>
  <edmx:Reference Uri="http://docs.oasis-open.org/odata/odata/v4.0/errata03/csd01/complete/vocabularies/Org.OData.Measures.V1.xml">
    <edmx:Include Namespace="Org.OData.Measures.V1" Alias="Measures"/>
  </edmx:Reference>
  <edmx:Reference Uri="http://redfish.dmtf.org/schemas/v1/RedfishExtensions_v1.xml">
    <edmx:Include Namespace="RedfishExtensions.v1_0_0" Alias="Redfish"/>
    <edmx:Include Namespace="Validation.v1_0_0" Alias="Validation"/>
  </edmx:Reference>
  <edmx:Reference Uri="http://redfish.dmtf.org/schemas/v1/Resource_v1.xml">
    <edmx:Include Namespace="Resource"/>
    <edmx:Include Namespace="Resource.v1_0_0"/>
  </edmx:Reference>

  <edmx:DataServices>

    <Schema xmlns="http://docs.oasis-open.org/odata/ns/edm" Namespace="SecureBoot">

      <EntityType Name="SecureBoot" BaseType="Resource.v1_0_0.Resource" Abstract="true">
        <Annotation Term="OData.Description" String="This resource contains UEFI Secure Boot information. It represents properties for managing the UEFI Secure Boot functionality of a system."/>
        <Annotation Term="OData.LongDescription" String="This resource shall be used to represent a UEFI Secure Boot resource for a Redfish implementation."/>
        <Annotation Term="Capabilities.InsertRestrictions">
          <Record>
            <PropertyValue Property="Insertable" Bool="false"/>
          </Record>
        </Annotation>
        <Annotation Term="Capabilities.UpdateRestrictions">
          <Record>
            <PropertyValue Property="Updatable" Bool="true"/>
            <Annotation Term="OData.Description" String="Secure Boot can be updated to enable or disable it."/>
          </Record>
        </Annotation>
        <Annotation Term="Capabilities.DeleteRestrictions">
          <Record>
            <PropertyValue Property="Deletable" Bool="false"/>
          </Record>
        </Annotation>
      </EntityType>

      <Action Name="ResetKeys" IsBound="true">
        <Parameter Name="SecureBoot" Type="SecureBoot.v1_0_0.Actions"/>
        <Parameter Name="ResetKeysType" Type="SecureBoot.v1_0_0.ResetKeysType">
          <Annotation Term="OData.Description" String="The type of reset to be performed."/>
          <Annotation Term="OData.LongDescription" String="This defines the property name for the action."/>
        </Parameter>
        <Annotation Term="OData.Description" String="This action is used to reset the Secure Boot keys."/>
        <Annotation Term="OData.LongDescription" String="This action shall perform a reset of the Secure Boot key databases. The ResetAllKeysToDefault value shall reset the UEFI Secure Boot key databases to their default values. The DeleteAllKeys value shall delete the content of the UEFI Secure Boot key databases. The DeletePK value shall delete the content of the PK Secure boot key."/>
      </Action>

    </Schema>

    <Schema xmlns="http://docs.oasis-open.org/odata/ns/edm" Namespace="SecureBoot.v1_0_0">

      <EntityType Name="SecureBoot" BaseType="SecureBoot.SecureBoot">
        <Property Name="SecureBootEnable" Type="Edm.Boolean">
          <Annotation Term="OData.Permissions" EnumMember="OData.Permission/ReadWrite"/>
          <Annotation Term="OData.Description" String="Enable or disable UEFI Secure Boot (takes effect on next boot)."/>
          <Annotation Term="OData.LongDescription" String="Setting this property to true enables UEFI Secure Boot, and setting it to false disables it. This property can be enabled only in UEFI boot mode."/>
        </Property>
        <Property Name="SecureBootCurrentBoot" Type="SecureBoot.v1_0_0.SecureBootCurrentBootType">
          <Annotation Term="OData.Permissions" EnumMember="OData.Permission/Read"/>
          <Annotation Term="OData.Description" String="Secure Boot state during the current boot cycle."/>
          <Annotation Term="OData.LongDescription" String="The value of this property shall indicate the UEFI Secure Boot state during the current boot cycle."/>
        </Property>
        <Property Name="SecureBootMode" Type="SecureBoot.v1_0_0.SecureBootModeType">
          <Annotation Term="OData.Permissions" EnumMember="OData.Permission/Read"/>
          <Annotation Term="OData.Description" String="Current Secure Boot Mode."/>
          <Annotation Term="OData.LongDescription" String="This property shall contain the current Secure Boot mode, as defined in the UEFI Specification."/>
        </Property>
        <Property Name="Actions" Type="SecureBoot.v1_0_0.Actions" Nullable="false">
          <Annotation Term="OData.Description" String="The available actions for this resource."/>
          <Annotation Term="OData.LongDescription" String="The Actions property shall contain the available actions for this resource."/>
        </Property>
      </EntityType>

      <EnumType Name="SecureBootCurrentBootType">
        <Member Name="Enabled">
          <Annotation Term="OData.Description" String="Secure Boot is currently enabled."/>
        </Member>
        <Member Name="Disabled">
          <Annotation Term="OData.Description" String="Secure Boot is currently disabled."/>
        </Member>
      </EnumType>

      <EnumType Name="SecureBootModeType">
        <Member Name="SetupMode">
          <Annotation Term="OData.Description" String="Secure Boot is currently in Setup Mode."/>
        </Member>
        <Member Name="UserMode">
          <Annotation Term="OData.Description" String="Secure Boot is currently in User Mode."/>
        </Member>
        <Member Name="AuditMode">
          <Annotation Term="OData.Description" String="Secure Boot is currently in Audit Mode."/>
        </Member>
        <Member Name="DeployedMode">
          <Annotation Term="OData.Description" String="Secure Boot is currently in Deployed Mode."/>
        </Member>
      </EnumType>

      <EnumType Name="ResetKeysType">
        <Member Name="ResetAllKeysToDefault">
          <Annotation Term="OData.Description" String="Reset the content of all UEFI Secure Boot key databases (PK, KEK, DB, DBX) to their default values."/>
        </Member>
        <Member Name="DeleteAllKeys">
          <Annotation Term="OData.Description" String="Delete the content of all UEFI Secure Boot key databases (PK, KEK, DB, DBX). This puts the system in Setup Mode."/>
        </Member>
        <Member Name="DeletePK">
          <Annotation Term="OData.Description" String="Delete the content of the PK UEFI Secure Boot database. This puts the system in Setup Mode."/>
        </Member>
      </EnumType>

      <ComplexType Name="Actions">
        <Annotation Term="OData.AdditionalProperties" Bool="false"/>
        <Property Name="Oem" Type="SecureBoot.v1_0_0.OemActions" Nullable="false"/>
      </ComplexType>

      <ComplexType Name="OemActions">
        <Annotation Term="OData.AdditionalProperties" Bool="true"/>
      </ComplexType>

    </Schema>

    <Schema xmlns="http://docs.oasis-open.org/odata/ns/edm" Namespace="SecureBoot.v1_0_1">
      <Annotation Term="OData.Description" String="This version was created to show annotations in previous namespaces were updated."/>
      <EntityType Name="SecureBoot" BaseType="SecureBoot.v1_0_0.SecureBoot"/>
    </Schema>

  </edmx:DataServices>
</edmx:Edmx>
