<?xml version="1.0" encoding="UTF-8"?>
<!---->
<!--################################################################################       -->
<!--# Redfish Schema:  Settings  v1.0.3-->
<!--#                                                                                      -->
<!--# For a detailed change log, see the README file contained in the DSP8010 bundle,      -->
<!--# available at http://www.dmtf.org/standards/redfish                                   -->
<!--# Copyright 2014-2016 Distributed Management Task Force, Inc. (DMTF).                  -->
<!--# For the full DMTF copyright policy, see http://www.dmtf.org/about/policies/copyright -->
<!--################################################################################       -->
<!---->
<edmx:Edmx xmlns:edmx="http://docs.oasis-open.org/odata/ns/edmx" Version="4.0">

  <edmx:Reference Uri="http://docs.oasis-open.org/odata/odata/v4.0/errata03/csd01/complete/vocabularies/Org.OData.Core.V1.xml">
    <edmx:Include Namespace="Org.OData.Core.V1" Alias="OData"/>
  </edmx:Reference>
  <edmx:Reference Uri="http://redfish.dmtf.org/schemas/v1/Resource_v1.xml">
    <edmx:Include Namespace="Resource"/>
  </edmx:Reference>
  <edmx:Reference Uri="http://redfish.dmtf.org/schemas/v1/Message_v1.xml">
    <edmx:Include Namespace="Message"/>
  </edmx:Reference>

  <edmx:DataServices>

    <Schema xmlns="http://docs.oasis-open.org/odata/ns/edm" Namespace="Settings">
      <ComplexType Name="Settings" Abstract="true"/>
    </Schema>

    <Schema xmlns="http://docs.oasis-open.org/odata/ns/edm" Namespace="Settings.v1_0_0">

      <ComplexType Name="Settings" BaseType="Settings.Settings">
        <Annotation Term="OData.AdditionalProperties" Bool="false"/>
        <Property Name="Time" Type="Edm.DateTimeOffset">
          <Annotation Term="OData.Permissions" EnumMember="OData.Permission/Read"/>
          <Annotation Term="OData.Description" String="Indicates the time the settings were applied."/>
          <Annotation Term="OData.LongDescription" String="The value of this property shall indicate the time that the settings object was applied to the resource."/>
        </Property>
        <Property Name="ETag" Type="Edm.String">
          <Annotation Term="OData.Permissions" EnumMember="OData.Permission/Read"/>
          <Annotation Term="OData.Description" String="The ETag of the resource to which the settings were applied, after the application."/>
          <Annotation Term="OData.LongDescription" String="The value of this property shall be the ETag of the resource to which the settings were applied, after the application.  This is here so that the client can check it against the ETag of the current resource to see if any other changes have also happened to the resource."/>
        </Property>
        <NavigationProperty Name="SettingsObject" Type="Resource.Item" Nullable="false">
          <Annotation Term="OData.Permissions" EnumMember="OData.Permission/Read"/>
          <Annotation Term="OData.Description" String="Reference to the resource the client may PUT/PATCH to in order to change this resource."/>
          <Annotation Term="OData.LongDescription" String="The value of this property shall be the URI of the resource to which a client must do a PUT or PATCh in order to modify this resource."/>
          <Annotation Term="OData.AutoExpandReferences"/>
        </NavigationProperty>
        <Property Name="Messages" Type="Collection(Message.Message)" Nullable="false">
          <Annotation Term="OData.Description" String="This is an array of messages associated with the task."/>
          <Annotation Term="OData.LongDescription" String="The value of this property shall be an array of messages associated with the task."/>
        </Property>
      </ComplexType>

    </Schema>

    <Schema xmlns="http://docs.oasis-open.org/odata/ns/edm" Namespace="Settings.v1_0_2">
      <Annotation Term="OData.Description" String="This version was created to show annotations in previous namespaces were updated."/>
    </Schema>

    <Schema xmlns="http://docs.oasis-open.org/odata/ns/edm" Namespace="Settings.v1_0_3">
      <Annotation Term="OData.Description" String="This version was created to show annotations in previous namespaces were updated."/>
    </Schema>

  </edmx:DataServices>
</edmx:Edmx>
