{
    "@odata.type": "#Chassis.v1_5_0.Chassis",
    "Id": "ComposableEnclosure",
    "Name": "Composable Enclosure",
    "ChassisType": "Enclosure",
    "Manufacturer": "Contoso",
    "Model": "COMP9000",
    "SKU": "159000",
    "SerialNumber": "CONTSN85482754",
    "PartNumber": "CONTPN009-200",
    "AssetTag": null,
    "PowerState": "On",
    "IndicatorLED": "Off",
    "Status": {
        "State": "Enabled",
        "Health": "OK"
    },
    "Thermal": {
        "@odata.id": "/redfish/v1/Chassis/ComposableEnclosure/Thermal"
    },
    "Power": {
        "@odata.id": "/redfish/v1/Chassis/ComposableEnclosure/Power"
    },
    "Links": {
        "ComputerSystems": [
            {
                "@odata.id": "/redfish/v1/Systems/ComposedSystem"
            }
        ],
        "ManagedBy": [
            {
                "@odata.id": "/redfish/v1/Managers/1"
            }
        ],
        "Contains": [
            {
                "@odata.id": "/redfish/v1/Chassis/ComposableModule1"
            },
            {
                "@odata.id": "/redfish/v1/Chassis/ComposableModule2"
            },
            {
                "@odata.id": "/redfish/v1/Chassis/ComposableModule3"
            },
            {
                "@odata.id": "/redfish/v1/Chassis/ComposableModule4"
            },
            {
                "@odata.id": "/redfish/v1/Chassis/ComposableModule5"
            },
            {
                "@odata.id": "/redfish/v1/Chassis/ComposableModule6"
            }
        ]
    },
    "@odata.context": "/redfish/v1/$metadata#Chassis.Chassis",
    "@odata.id": "/redfish/v1/Chassis/ComposableEnclosure",
    "@Redfish.Copyright": "Copyright 2014-2017 Distributed Management Task Force, Inc. (DMTF). For the full DMTF copyright policy, see http://www.dmtf.org/about/policies/copyright."
}
