{
    "@odata.type": "#Chassis.v1_5_0.Chassis",
    "Id": "Switch1",
    "Name": "SAS Switch Chassis",
    "ChassisType": "RackMount",
    "AssetTag": "Chicago-45Z-2381",
    "Manufacturer": "Contoso",
    "Model": "3500RX",
    "SKU": "8675309",
    "SerialNumber": "437XR1138R2",
    "PartNumber": "224071-J23",
    "PowerState": "On",
    "IndicatorLED": "Lit",
    "Status": {
        "State": "Enabled",
        "Health": "OK"
    },
    "Thermal": {
        "@odata.id": "/redfish/v1/Chassis/Switch1/Thermal"
    },
    "Power": {
        "@odata.id": "/redfish/v1/Chassis/Switch1/Power"
    },
    "Links": {
        "ManagedBy": [
            {
                "@odata.id": "/redfish/v1/Managers/Switch1"
            },
            {
                "@odata.id": "/redfish/v1/Managers/Switch2"
            }
        ],
        "ManagersInChassis": [
            {
                "@odata.id": "/redfish/v1/Managers/Switch1"
            }
        ]
    },
    "@odata.context": "/redfish/v1/$metadata#Chassis.Chassis",
    "@odata.id": "/redfish/v1/Chassis/Switch1",
    "@Redfish.Copyright": "Copyright 2014-2017 Distributed Management Task Force, Inc. (DMTF). For the full DMTF copyright policy, see http://www.dmtf.org/about/policies/copyright."
}
